id,created_at,locale,duration_seconds,top_result,score_C,score_D,score_I,score_S,q1,q2,q3,q4,q5,q6,q7,q8,q9,q10,q11,q12
1,2026-02-23T22:16:19.394502+00:00,,,D,22,67,11,44,1,3,2,0,1,0,0,1,3,0,1,1
2,2026-02-24T10:04:13.575608+00:00,,,I,33,33,44,33,0,1,2,3,0,1,1,1,1,1,1,1
3,2026-03-19T11:43:54.12432+00:00,,5,D,67,78,67,78,3,1,3,3,2,1,1,3,3,3,2,1
4,2026-03-31T18:11:16.876692+00:00,,,C,100,56,33,67,2,1,2,0,0,3,2,2,2,3,3,3
5,2026-04-10T11:55:23.61+00:00,,,I,67,89,100,67,2,3,3,3,3,3,1,2,3,3,2,1
6,2026-04-11T17:43:55.486214+00:00,,,C,89,33,56,78,1,0,2,1,1,3,3,2,2,2,3,3
7,2026-04-12T14:14:38.027356+00:00,,,I,56,44,78,33,0,3,1,2,3,2,1,1,1,3,1,1
8,2026-04-13T07:18:36.239637+00:00,,,I,67,56,89,67,1,3,1,3,2,3,3,2,1,3,2,1
9,2026-04-13T09:16:28.545935+00:00,,,C,44,33,11,22,2,0,1,1,0,0,0,1,1,1,1,2
10,2026-04-13T21:37:59.359982+00:00,,,C,67,44,56,56,2,1,1,2,1,2,0,3,2,3,1,2
11,2026-04-13T23:20:15.085008+00:00,,,S,44,11,0,67,1,0,0,0,0,0,2,2,2,1,2,1
12,2026-04-13T23:31:21.629502+00:00,,,I,56,67,78,22,3,1,2,3,2,2,0,2,0,2,2,1
13,2026-04-14T11:03:36.886952+00:00,,5,I,67,33,67,56,1,2,0,2,3,1,1,3,1,3,1,2
14,2026-04-14T15:13:40.956724+00:00,,,S,67,44,22,78,2,0,2,1,0,1,2,2,3,2,2,2
15,2026-04-14T18:12:24.124+00:00,,,I,22,78,100,11,2,2,3,3,3,3,0,1,0,0,1,1
16,2026-04-15T08:51:46.769+00:00,,,S,33,33,22,67,1,1,1,1,1,0,2,2,2,2,0,1
17,2026-04-15T17:03:05.490361+00:00,,,S,78,33,11,78,1,0,2,1,0,0,2,2,3,2,2,3
18,2026-04-16T06:28:16.333001+00:00,,,D,56,100,100,22,3,3,3,3,3,3,1,0,1,2,1,2
19,2026-04-16T14:29:51.533+00:00,,,S,56,33,0,100,1,1,1,0,0,0,3,3,3,2,2,1
20,2026-04-16T15:25:41.646+00:00,,,S,78,22,67,100,1,0,1,3,1,2,3,3,3,3,2,2
21,2026-04-16T15:33:13.996+00:00,,,S,67,33,22,100,2,0,1,1,0,1,3,3,3,2,2,2
22,2026-04-16T16:47:10.575+00:00,,,I,78,56,78,67,2,0,3,2,3,2,3,1,2,2,2,3
23,2026-04-16T20:22:05.284569+00:00,,72,I,89,78,89,67,3,1,3,3,2,3,1,2,3,3,3,2
24,2026-04-17T08:05:56.667197+00:00,,10,S,67,44,33,67,0,2,2,0,1,2,3,1,2,1,2,3
25,2026-04-17T10:33:07.971+00:00,,,D,33,78,78,56,3,3,1,3,1,3,1,2,2,1,1,1
26,2026-04-17T14:51:08.4371+00:00,,32,C,67,33,11,33,0,1,2,1,0,0,1,1,1,1,2,3
27,2026-04-17T18:11:40.56+00:00,,,I,22,56,100,56,2,2,1,3,3,3,1,2,2,0,1,1
28,2026-04-17T21:40:12.051094+00:00,,78,S,78,67,0,78,2,2,2,0,0,0,2,2,3,2,2,3
29,2026-04-19T00:45:18.751+00:00,,,S,89,78,78,89,3,1,3,2,2,3,3,2,3,3,2,3
30,2026-04-19T00:59:16.831+00:00,,,D,100,100,0,33,3,3,3,0,0,0,2,1,0,3,3,3
31,2026-04-19T01:22:57.772885+00:00,,44,I,44,67,100,33,2,2,2,3,3,3,1,0,2,2,1,1
32,2026-04-19T11:35:23.869+00:00,,,C,89,67,67,78,3,1,2,2,1,3,3,2,2,3,2,3
33,2026-04-19T11:42:54.476+00:00,,,S,67,56,33,89,2,2,1,1,0,2,3,2,3,2,2,2
34,2026-04-19T20:48:39.438967+00:00,,120,I,78,67,78,33,1,2,3,2,2,3,2,0,1,3,2,2
35,2026-04-20T01:52:48.47+00:00,,,S,67,33,33,67,1,1,1,1,1,1,2,2,2,2,2,2
36,2026-04-21T14:03:34.975882+00:00,,40,C,67,56,22,56,2,1,2,1,0,1,1,2,2,2,2,2
37,2026-04-22T04:19:45.803+00:00,,,C,89,67,67,67,2,2,2,3,1,2,3,2,1,3,3,2
38,2026-04-22T04:43:15.558894+00:00,,43,S,100,89,78,100,3,2,3,3,2,2,3,3,3,3,3,3
39,2026-04-22T07:26:28.780857+00:00,,57,C,100,78,67,89,2,2,3,2,2,2,3,3,2,3,3,3
40,2026-04-22T08:40:07.804947+00:00,,71,S,67,44,56,78,2,1,1,2,1,2,2,3,2,2,2,2
41,2026-04-22T09:54:15.98+00:00,,,S,67,33,44,67,1,1,1,1,2,1,1,3,2,2,2,2
42,2026-04-22T13:39:53.373+00:00,,,C,89,44,44,67,2,1,1,1,1,2,2,3,1,3,2,3
43,2026-04-22T14:29:20.152843+00:00,,72,S,78,67,33,89,2,2,2,1,1,1,3,3,2,3,2,2
44,2026-04-22T15:53:22.914419+00:00,,43,C,100,56,56,78,3,1,1,2,2,1,1,3,3,3,3,3
45,2026-04-22T16:33:00.203297+00:00,,65,C,89,44,56,44,2,0,2,2,2,1,1,2,1,3,2,3
46,2026-04-22T19:27:07.919388+00:00,,57,S,67,44,44,89,1,0,3,1,2,1,3,2,3,2,2,2
47,2026-04-23T01:05:25.934982+00:00,,49,D,22,67,44,44,2,3,1,1,1,2,1,2,1,1,0,1
48,2026-04-23T01:55:08.324266+00:00,,94,I,78,78,89,56,3,2,2,3,2,3,2,3,0,2,2,3
49,2026-04-23T02:23:47.464092+00:00,,68,C,78,44,44,67,2,0,2,1,0,3,1,2,3,3,2,2
50,2026-04-23T04:56:23.546646+00:00,,87,I,78,67,78,67,2,1,3,3,2,2,2,2,2,2,2,3
51,2026-04-23T05:20:39.998473+00:00,,96,I,89,89,100,33,3,2,3,3,3,3,1,2,0,3,2,3
52,2026-04-23T06:43:49.537+00:00,,,C,100,89,67,89,3,2,3,2,2,2,3,3,2,3,3,3
53,2026-04-23T16:00:52.115+00:00,,,S,78,67,44,89,2,2,2,1,1,2,3,2,3,3,2,2
54,2026-04-24T00:38:16.841997+00:00,,53,S,44,56,56,78,1,2,2,2,1,2,3,1,3,2,1,1
55,2026-04-24T01:02:09.140495+00:00,,51,I,78,67,89,56,2,2,2,3,2,3,2,2,1,3,1,3
56,2026-04-24T04:37:45.512343+00:00,,81,C,100,89,78,89,3,2,3,3,2,2,3,3,2,3,3,3
57,2026-04-24T15:54:46.828462+00:00,,128,C,89,78,44,44,3,2,2,2,1,1,1,1,2,2,3,3
58,2026-04-24T16:02:00.739397+00:00,,132,D,44,44,44,44,1,2,1,1,1,2,1,1,2,1,2,1
59,2026-04-24T16:36:21.129797+00:00,,78,D,67,78,56,67,2,3,2,3,0,2,2,1,3,2,2,2
60,2026-04-25T06:29:24.28074+00:00,,48,D,89,100,67,56,3,3,3,3,1,2,1,3,1,3,2,3
61,2026-04-25T07:07:41.100291+00:00,,50,D,89,89,89,67,3,2,3,2,3,3,3,3,0,3,2,3
62,2026-04-25T17:30:50.391732+00:00,,92,D,33,56,0,0,0,3,2,0,0,0,0,0,0,3,0,0
63,2026-04-26T14:25:52.256946+00:00,,55,D,44,56,33,22,2,1,2,1,1,1,1,1,0,1,2,1
64,2026-04-26T19:27:08.888199+00:00,,283,S,78,56,22,78,2,1,2,1,0,1,2,2,3,2,2,3
65,2026-04-27T03:14:33.885767+00:00,,55,C,67,44,11,33,1,0,3,1,0,0,2,0,1,1,2,3
66,2026-04-27T03:21:55.927778+00:00,,52,C,100,78,89,56,2,3,2,3,2,3,1,3,1,3,3,3
67,2026-04-27T07:54:24.798+00:00,,,C,78,67,67,67,3,2,1,1,3,2,1,3,2,3,2,2
68,2026-04-27T08:50:45.028275+00:00,,136,I,56,67,78,44,2,2,2,3,2,2,1,2,1,2,2,1
69,2026-04-27T14:51:01.296+00:00,,,D,44,67,56,67,3,2,1,2,1,2,2,2,2,2,1,1
70,2026-04-27T16:37:24.058543+00:00,,55,C,78,56,56,67,2,1,2,3,1,1,2,3,1,2,2,3
71,2026-04-28T03:29:55.89+00:00,,,D,78,100,67,22,3,3,3,3,0,3,0,1,1,3,2,2
72,2026-04-28T03:47:42.894036+00:00,,67,D,78,89,89,89,2,3,3,3,3,2,3,3,2,1,3,3
73,2026-04-28T14:39:43.045+00:00,,,S,67,56,22,67,2,1,2,0,1,1,2,2,2,2,2,2
74,2026-04-29T03:59:37.813589+00:00,,64,D,67,100,33,100,3,3,3,3,0,0,3,3,3,3,0,3
75,2026-04-29T09:51:00.865977+00:00,,38,S,56,67,56,78,2,1,3,2,2,1,2,3,2,2,1,2
76,2026-04-29T10:35:17.412415+00:00,,103,S,78,67,0,89,1,2,3,0,0,0,3,3,2,3,2,2
77,2026-04-29T13:36:22.150312+00:00,,68,I,56,44,67,44,1,1,2,2,2,2,1,2,1,2,0,3
78,2026-04-29T13:48:53.535809+00:00,,60,S,44,44,44,67,1,1,2,1,1,2,2,2,2,2,1,1
79,2026-04-30T19:23:03.870349+00:00,,65,D,67,78,67,56,2,3,2,2,1,3,0,2,3,3,0,3
80,2026-05-01T10:14:48.297582+00:00,,79,C,78,44,67,67,1,1,2,2,2,2,3,2,1,2,2,3
81,2026-05-02T04:20:27.96579+00:00,,54,S,89,67,67,100,2,2,2,2,1,3,3,3,3,2,3,3
82,2026-05-02T11:00:01.73057+00:00,,62,C,67,56,0,44,2,1,2,0,0,0,1,2,1,3,0,3
83,2026-05-02T20:36:32.649425+00:00,,143,I,44,44,56,22,1,2,1,1,2,2,0,0,2,2,1,1
84,2026-05-03T00:57:32.788642+00:00,,34,D,0,100,100,22,3,3,3,3,3,3,0,2,0,0,0,0
85,2026-05-04T03:18:05.049+00:00,,,I,33,56,78,33,2,1,2,2,2,3,1,1,1,1,1,1
86,2026-05-04T05:28:12.374+00:00,,,D,100,100,67,67,3,3,3,2,2,2,3,2,1,3,3,3
87,2026-05-04T21:05:07.166865+00:00,,44,S,44,56,22,67,2,2,1,1,1,0,1,3,2,2,1,1
88,2026-05-05T03:18:02.217+00:00,,,S,56,56,56,78,2,1,2,1,1,3,2,2,3,2,2,1
89,2026-05-05T09:41:57.640804+00:00,,363,C,100,56,22,67,2,1,2,1,1,0,1,3,2,3,3,3
90,2026-05-05T13:21:12.021276+00:00,,44,D,78,78,11,78,2,2,3,0,0,1,2,2,3,2,2,3
91,2026-05-05T20:43:49.931877+00:00,,30,S,67,67,78,100,1,3,2,3,2,2,3,3,3,3,2,1
92,2026-05-06T11:11:18.852+00:00,,,C,100,56,89,89,3,1,1,3,2,3,2,3,3,3,3,3
93,2026-05-06T16:21:13.7147+00:00,,35,S,44,33,44,67,1,2,0,1,1,2,1,2,3,3,1,0
94,2026-05-06T16:28:13.139+00:00,,,I,44,56,67,56,3,0,2,3,2,1,0,2,3,3,1,0
95,2026-05-06T21:50:11.877738+00:00,,42,S,44,33,11,67,1,1,1,1,0,0,2,2,2,2,1,1
96,2026-05-07T15:07:34.564+00:00,,,D,78,89,89,78,3,2,3,3,2,3,2,3,2,3,2,2
97,2026-05-07T15:55:12.495632+00:00,,49,C,100,56,22,78,2,1,2,1,0,1,3,3,1,3,3,3
98,2026-05-08T07:44:32.533253+00:00,,44,C,100,67,33,56,3,3,0,2,1,0,1,3,1,3,3,3
99,2026-05-08T12:06:54.948253+00:00,,55,I,67,56,78,44,2,1,2,2,3,2,1,2,1,2,2,2
100,2026-05-08T17:26:55.966113+00:00,en,18,I,67,33,89,56,0,1,2,3,2,3,1,3,1,2,1,3
101,2026-05-10T02:25:42.759398+00:00,en,61,C,83,67,75,67,1,1,3,2,2,2,2,1,2,3,1,3
102,2026-05-10T13:06:26.398089+00:00,en,7,D,100,100,100,100,3,3,3,3,3,3,3,3,3,3,3,3
103,2026-05-10T20:41:11.889564+00:00,en,68,S,89,78,78,89,3,2,2,2,2,3,3,2,3,3,2,3
104,2026-05-11T01:35:47.700496+00:00,en,26,D,67,67,56,67,2,2,2,2,1,2,2,2,2,2,2,2
105,2026-05-11T18:19:54.241+00:00,,,C,78,56,33,56,1,2,2,0,2,1,2,1,2,2,3,2
106,2026-05-11T20:05:23.349+00:00,,,I,58,67,92,75,2,1,2,3,2,3,1,3,2,1,1,2
107,2026-05-11T22:46:59.577654+00:00,en,40,I,56,56,78,78,1,1,3,2,2,3,2,2,3,3,1,1
108,2026-05-12T12:24:46.111+00:00,,,S,75,58,67,75,2,1,1,2,1,2,2,2,2,2,2,2
109,2026-05-12T16:32:09.888+00:00,,,I,75,75,83,75,2,1,3,3,2,2,3,2,1,2,2,2
110,2026-05-12T16:42:20.883357+00:00,en,228,D,67,89,89,56,3,2,3,2,3,3,1,2,2,2,2,2
111,2026-05-13T04:07:45.315784+00:00,en,69,D,67,100,100,56,3,3,3,3,3,3,2,2,1,2,2,2
112,2026-05-13T07:15:35.442235+00:00,en,43,S,89,22,44,100,1,0,1,2,1,1,3,3,3,3,3,2
113,2026-05-13T16:27:02.704+00:00,,,S,100,89,89,100,3,2,3,3,2,3,3,3,3,3,3,3
114,2026-05-13T18:53:15.74+00:00,,,D,67,78,78,33,3,3,1,3,2,2,0,0,3,3,2,1
115,2026-05-13T19:15:04.612+00:00,,,S,78,67,44,89,3,2,1,1,2,1,3,3,2,2,2,3
116,2026-05-13T19:18:14.452361+00:00,en,44,C,89,56,33,67,3,1,1,1,0,2,2,1,3,3,2,3
117,2026-05-13T19:37:01.753544+00:00,en,64,S,67,56,78,89,2,1,2,3,2,2,3,2,3,2,2,2
118,2026-05-13T20:22:32.924+00:00,,,C,83,67,42,75,2,1,2,1,1,0,2,2,2,2,2,3
119,2026-05-14T00:09:57.221+00:00,,,S,56,33,11,89,1,0,2,0,0,1,3,2,3,0,2,3
120,2026-05-14T03:25:57.991558+00:00,en,56,S,44,56,56,67,3,1,1,1,1,3,2,1,3,2,1,1
121,2026-05-14T10:22:20.017132+00:00,en,37,S,83,58,75,92,1,0,3,2,1,3,3,2,3,2,3,2
122,2026-05-14T10:43:04.307+00:00,,,D,78,78,33,67,3,2,2,1,0,2,2,2,2,2,3,2
123,2026-05-14T11:01:03.323+00:00,,,C,89,56,44,67,2,2,1,1,0,3,2,2,2,2,3,3
124,2026-05-14T14:13:25.958+00:00,,,D,100,100,22,44,3,3,3,1,0,1,3,1,0,3,3,3
125,2026-05-14T15:55:52.169+00:00,,,D,22,67,33,44,1,2,3,1,1,1,1,0,3,1,1,0
126,2026-05-14T17:12:48.593+00:00,,,D,44,78,22,44,2,3,2,1,0,1,1,1,2,1,1,2
127,2026-05-14T19:34:24.907+00:00,,,I,67,67,78,78,3,1,2,3,2,2,2,3,2,2,2,2
128,2026-05-14T19:55:36.851938+00:00,en,58,D,78,89,78,78,3,2,3,2,2,3,3,3,1,3,2,2
129,2026-05-14T20:25:11.611979+00:00,en,50,S,56,33,33,78,1,1,1,1,0,2,2,2,3,2,2,1
130,2026-05-15T06:17:56.158821+00:00,en,28,I,78,67,78,78,3,2,1,3,1,3,1,3,3,3,2,2
131,2026-05-15T06:59:56.290382+00:00,en,74,D,56,56,56,44,2,1,2,1,2,2,2,1,1,2,1,2
132,2026-05-15T11:33:01.413553+00:00,en,44,C,78,33,22,44,2,0,1,1,0,1,2,1,1,2,3,2
133,2026-05-15T14:28:37.591+00:00,,,D,56,100,100,22,3,3,3,3,3,3,0,1,1,2,1,2
134,2026-05-15T15:35:07.474+00:00,,,D,100,100,100,100,3,3,3,3,3,3,3,3,3,3,3,3
135,2026-05-15T15:56:06.251+00:00,,,D,56,67,56,56,2,2,2,1,2,2,1,1,3,2,1,2
136,2026-05-15T16:54:23.106536+00:00,en,49,I,44,22,67,44,0,1,1,2,2,2,2,2,0,2,1,1
137,2026-05-15T17:06:40.58+00:00,,,S,56,56,33,67,2,1,2,1,0,2,2,3,1,3,1,1
138,2026-05-15T17:39:50.183703+00:00,,63,D,89,89,67,56,3,2,3,2,1,3,1,3,1,3,3,2
139,2026-05-15T17:53:49.171456+00:00,,58,C,89,67,67,56,3,0,3,2,2,2,3,1,1,2,3,3
140,2026-05-15T18:50:56.021805+00:00,,69,S,33,33,56,89,1,0,2,2,1,2,3,2,3,2,1,0
141,2026-05-15T19:12:59.304523+00:00,,44,C,100,56,11,67,2,1,2,0,0,1,3,2,1,3,3,3
142,2026-05-15T19:26:46.795323+00:00,,70,S,56,56,44,78,2,1,2,1,1,2,2,2,3,2,1,2
143,2026-05-15T20:15:56.551947+00:00,,90,C,100,56,67,44,2,1,2,1,2,3,2,1,1,3,3,3
144,2026-05-15T21:20:30.874729+00:00,,49,D,11,100,67,33,3,3,3,2,2,2,1,1,1,0,0,1
145,2026-05-15T22:32:21.469901+00:00,,39,S,89,22,22,89,1,1,0,1,0,1,2,3,3,3,2,3
146,2026-05-16T00:15:14.850794+00:00,en,55,S,78,56,67,89,2,1,2,2,2,2,2,3,3,2,2,3
147,2026-05-16T00:30:42.575038+00:00,,42,S,44,22,67,89,1,0,1,2,2,2,3,3,2,0,2,2
148,2026-05-16T03:04:34.943794+00:00,en,38,C,78,67,33,44,2,1,3,1,1,1,2,1,1,3,2,2
149,2026-05-16T05:14:13.644971+00:00,en,40,S,56,67,78,89,2,2,2,2,2,3,2,3,3,2,1,2
150,2026-05-16T08:48:28.103993+00:00,,78,I,33,56,89,44,2,2,1,2,3,3,1,1,2,2,0,1
151,2026-05-16T09:15:09.686775+00:00,,176,I,67,78,89,89,3,1,3,2,3,3,3,2,3,3,1,2
152,2026-05-16T10:10:41.010117+00:00,,44,S,78,56,67,89,1,2,2,2,2,2,2,3,3,2,2,3
153,2026-05-16T10:12:36.493+00:00,,,C,89,44,56,67,1,1,2,3,2,0,0,3,3,3,2,3
154,2026-05-16T10:12:55.37284+00:00,,60,C,100,89,56,89,2,3,3,1,2,2,3,2,3,3,3,3
155,2026-05-16T10:13:06.945038+00:00,,81,C,100,67,44,56,3,2,1,3,1,0,0,3,2,3,3,3
156,2026-05-16T10:13:08.830699+00:00,,74,I,67,67,89,89,1,2,3,3,2,3,2,3,3,3,1,2
157,2026-05-16T10:13:23.00878+00:00,,67,C,89,67,56,67,3,1,2,1,1,3,1,3,2,3,2,3
158,2026-05-16T10:14:58.506078+00:00,,110,I,33,44,100,44,1,1,2,3,3,3,0,1,3,1,1,1
159,2026-05-16T10:15:18.55144+00:00,,176,C,100,78,78,89,3,2,2,2,2,3,2,3,3,3,3,3
160,2026-05-16T10:15:27.20527+00:00,,180,S,100,33,33,100,1,1,1,0,1,2,3,3,3,3,3,3
161,2026-05-16T10:15:41.387462+00:00,,107,D,89,89,67,56,3,3,2,2,2,2,1,3,1,3,2,3
162,2026-05-16T10:15:43.49318+00:00,,72,S,67,78,44,100,3,1,3,1,1,2,3,3,3,3,2,1
163,2026-05-16T10:16:01.452697+00:00,,97,C,100,89,67,44,3,3,2,2,3,1,0,2,2,3,3,3
164,2026-05-16T10:17:33.732366+00:00,,102,C,100,56,67,78,2,2,1,2,1,3,2,3,2,3,3,3
165,2026-05-16T10:18:17.77119+00:00,,65,C,100,56,67,67,3,0,2,3,0,3,0,3,3,3,3,3
166,2026-05-16T10:21:44.004+00:00,,,I,56,22,67,67,1,0,1,3,2,1,2,3,1,1,2,2
167,2026-05-16T10:55:22.444815+00:00,,320,S,67,22,44,100,1,1,0,1,0,3,3,3,3,3,3,0
168,2026-05-16T14:46:07.902567+00:00,,61,D,33,56,44,44,2,1,2,1,1,2,1,1,2,1,1,1
169,2026-05-16T15:34:36.888249+00:00,,89,I,44,67,78,56,3,1,2,2,2,3,1,1,3,2,1,1
170,2026-05-16T15:51:06.84465+00:00,,51,S,78,67,67,89,2,1,3,2,2,2,3,3,2,2,3,2
171,2026-05-16T17:36:56.723619+00:00,,43,I,44,56,100,67,2,2,1,3,3,3,3,0,3,0,2,2
172,2026-05-16T18:29:30.674906+00:00,,77,C,89,56,67,67,2,1,2,2,2,2,2,2,2,3,2,3
173,2026-05-16T18:58:56.438268+00:00,,93,S,67,22,22,67,1,0,1,1,0,1,2,2,2,2,1,3
174,2026-05-16T20:08:05.09333+00:00,,164,S,67,56,56,67,2,1,2,2,1,2,2,2,2,2,2,2
175,2026-05-16T21:14:20.095833+00:00,,531,C,100,67,78,22,3,1,2,3,1,3,0,2,0,3,3,3
176,2026-05-16T22:50:36.201304+00:00,,76,S,67,33,33,78,2,1,0,1,0,2,3,3,1,2,2,2
177,2026-05-16T23:08:11.033934+00:00,,93,C,100,56,56,78,2,1,2,2,1,2,1,3,3,3,3,3
178,2026-05-16T23:21:01.048476+00:00,,8,D,100,100,100,100,3,3,3,3,3,3,3,3,3,3,3,3
179,2026-05-16T23:54:07.829222+00:00,,55,D,89,89,33,56,2,3,3,2,1,0,0,2,3,3,2,3
180,2026-05-16T23:54:16.529935+00:00,,75,S,78,56,44,100,2,1,2,2,0,2,3,3,3,2,3,2
181,2026-05-16T23:54:25.328376+00:00,,34,D,56,89,89,44,2,3,3,3,3,2,2,1,1,3,2,0
182,2026-05-16T23:54:57.689694+00:00,,106,D,67,67,67,33,2,2,2,2,2,2,0,2,1,2,2,2
183,2026-05-16T23:55:06.827248+00:00,,119,S,89,33,67,100,2,0,1,2,1,3,3,3,3,3,2,3
184,2026-05-16T23:55:23.3501+00:00,,91,I,22,67,78,56,3,2,1,2,2,3,1,3,1,0,1,1
185,2026-05-16T23:55:40.559798+00:00,,126,S,78,56,44,89,2,1,2,2,1,1,3,2,3,2,2,3
186,2026-05-17T00:02:48.762857+00:00,,44,C,89,56,33,56,2,1,2,2,0,1,2,2,1,3,2,3
187,2026-05-17T00:12:30.636683+00:00,,47,I,78,44,78,67,2,1,1,3,2,2,1,3,2,3,2,2
188,2026-05-17T00:21:09.876126+00:00,,83,D,56,78,44,44,2,2,3,0,2,2,2,1,1,2,1,2
189,2026-05-17T00:21:35.583219+00:00,,102,D,33,56,44,44,2,1,2,2,1,1,1,1,2,1,1,1
190,2026-05-17T00:39:27.706826+00:00,,166,S,44,33,33,44,1,1,1,1,1,1,3,1,0,1,2,1
191,2026-05-17T01:18:36.141722+00:00,,54,C,89,56,78,56,3,0,2,2,2,3,1,2,2,3,3,2
192,2026-05-17T01:21:56.969386+00:00,,130,C,89,78,67,56,3,2,2,2,2,2,1,3,1,3,2,3
193,2026-05-17T01:23:00.36547+00:00,,62,I,56,56,89,67,1,3,1,2,3,3,2,3,1,1,2,2
194,2026-05-17T01:23:17.183834+00:00,,38,I,67,56,89,67,2,1,2,3,2,3,2,2,2,1,2,3
195,2026-05-17T01:23:41.757065+00:00,,65,I,78,67,89,78,3,1,2,3,2,3,2,2,3,3,2,2
196,2026-05-17T01:26:53.506997+00:00,,46,S,89,67,22,89,2,1,3,0,0,2,2,3,3,3,3,2
197,2026-05-17T01:26:57.929469+00:00,,44,C,89,78,67,78,2,2,3,2,2,2,3,3,1,3,3,2
198,2026-05-17T01:34:06.270345+00:00,,31,I,67,33,67,67,2,0,1,3,1,2,1,3,2,2,1,3
199,2026-05-17T01:38:07.887946+00:00,,48,S,67,44,44,67,2,1,1,1,1,2,2,2,2,2,2,2
200,2026-05-17T01:45:56.815324+00:00,en,50,S,89,67,67,89,2,1,3,2,3,1,2,3,3,3,2,3
201,2026-05-17T02:03:03.957825+00:00,,43,S,78,33,22,78,2,0,1,1,0,1,1,3,3,3,2,2
202,2026-05-17T03:33:39.361801+00:00,,89,S,67,67,67,89,2,3,1,3,0,3,2,3,3,2,2,2
203,2026-05-17T03:38:22.715628+00:00,,85,D,67,100,56,56,3,3,3,2,2,1,1,2,2,3,1,2
204,2026-05-17T04:45:08.729837+00:00,,62,I,56,67,78,78,3,1,2,3,2,2,2,3,2,2,1,2
205,2026-05-17T05:15:40.25347+00:00,,89,S,44,33,11,56,2,0,1,0,0,1,1,2,2,1,1,2
206,2026-05-17T06:37:49.804831+00:00,,48,I,67,56,89,89,1,1,3,2,3,3,2,3,3,2,1,3
207,2026-05-17T06:58:31.635+00:00,,,C,89,22,44,67,1,0,1,0,2,2,3,2,1,3,3,2
208,2026-05-17T06:59:42.399922+00:00,,123,C,89,22,44,67,1,0,1,0,2,2,3,2,1,3,3,2
209,2026-05-17T08:31:24.37+00:00,,,D,100,100,44,100,3,3,3,2,1,1,3,3,3,3,3,3
210,2026-05-17T12:29:04.909+00:00,,,S,89,56,78,89,2,1,2,3,1,3,2,3,3,3,2,3
211,2026-05-17T12:36:56.730891+00:00,en,61,S,67,33,0,67,1,1,1,0,0,0,3,2,1,2,2,2
212,2026-05-17T13:38:55.857952+00:00,,206,I,78,78,89,56,3,2,2,3,2,3,1,3,1,3,1,3
213,2026-05-17T17:05:23.741958+00:00,,51,S,67,33,22,67,1,1,1,1,0,1,2,3,1,2,1,3
214,2026-05-17T17:25:00.864325+00:00,,54,D,67,100,44,44,3,3,3,1,1,2,1,2,1,3,1,2
215,2026-05-17T18:03:48.343551+00:00,,101,C,78,44,67,56,1,1,2,2,2,2,2,2,1,3,2,2
216,2026-05-17T18:13:00.124394+00:00,en,40,S,78,78,78,89,3,2,2,2,2,3,3,2,3,3,3,1
217,2026-05-17T18:23:13.345691+00:00,en,117,I,44,56,78,33,3,0,2,3,2,2,1,2,0,1,0,3
218,2026-05-17T20:38:35.70331+00:00,,54,D,78,100,44,11,3,3,3,2,0,2,0,0,1,3,2,2
219,2026-05-17T20:50:30.512072+00:00,,93,D,67,67,22,44,2,1,3,0,1,1,0,3,1,3,0,3
220,2026-05-17T20:52:07.442659+00:00,,66,C,89,44,56,44,2,0,2,1,1,3,2,2,0,2,3,3
221,2026-05-17T22:59:20.495161+00:00,,55,S,67,44,33,67,2,1,1,1,0,2,2,2,2,2,2,2
222,2026-05-17T23:37:45.363807+00:00,,32,C,89,44,44,56,3,0,1,2,0,2,2,3,0,3,2,3
223,2026-05-17T23:44:17.483+00:00,,,S,89,67,0,100,2,1,3,0,0,0,3,3,3,3,2,3
224,2026-05-18T00:56:25.991385+00:00,,87,D,78,89,44,67,3,2,3,2,1,1,2,2,2,3,2,2
225,2026-05-18T03:04:28.683373+00:00,,66,C,89,56,44,67,1,2,2,3,1,0,3,1,2,3,2,3
226,2026-05-18T03:47:22.458887+00:00,en,49,C,89,22,56,78,1,0,1,2,1,2,2,2,3,3,2,3
227,2026-05-18T05:59:01.314+00:00,en,49,C,89,22,56,78,1,0,1,2,1,2,2,2,3,3,2,3
228,2026-05-18T05:59:02.501+00:00,en,49,C,89,22,56,78,1,0,1,2,1,2,2,2,3,3,2,3
229,2026-05-18T08:43:17.45779+00:00,,43,S,100,11,22,100,1,0,0,1,0,1,3,3,3,3,3,3
230,2026-05-18T09:12:21.988707+00:00,,58,D,44,100,100,67,3,3,3,3,3,3,2,2,2,1,1,2
231,2026-05-18T10:34:19.745+00:00,,,S,100,56,67,100,2,1,2,1,2,3,3,3,3,3,3,3
232,2026-05-18T11:14:31.355+00:00,,,D,67,67,67,33,3,1,2,2,2,2,1,2,0,2,2,2
233,2026-05-18T11:26:33.389306+00:00,en,482,I,67,33,78,56,1,0,2,3,3,1,2,2,1,2,1,3
234,2026-05-18T12:06:26.334091+00:00,,65,D,67,67,56,67,2,1,3,1,2,2,1,3,2,2,2,2
235,2026-05-18T12:46:37.928557+00:00,en,192,I,67,33,67,33,1,1,1,2,2,2,0,1,2,3,1,2
236,2026-05-18T13:38:33.510939+00:00,,41,C,100,89,22,89,3,2,3,1,0,1,2,3,3,3,3,3
237,2026-05-18T13:44:29.027274+00:00,en,53,S,89,33,11,89,2,1,0,1,0,0,2,3,3,2,3,3
238,2026-05-18T14:09:17.000479+00:00,,52,S,89,56,78,100,2,1,2,2,2,3,3,3,3,2,3,3
239,2026-05-18T14:09:28.023536+00:00,,62,S,78,44,22,78,2,0,2,1,0,1,3,3,1,2,2,3
240,2026-05-18T14:09:30.156788+00:00,,56,C,89,67,67,78,2,1,3,2,2,2,2,3,2,3,2,3
241,2026-05-18T14:09:51.057658+00:00,,84,D,33,78,78,67,2,3,2,2,2,3,2,1,3,1,0,2
242,2026-05-18T14:10:13.991462+00:00,,101,C,89,44,33,56,2,1,1,1,1,1,2,2,1,3,3,2
243,2026-05-18T14:10:50.174146+00:00,en,101,S,67,67,33,89,2,2,2,1,1,1,2,3,3,2,2,2
244,2026-05-18T14:15:06.923899+00:00,,53,S,78,56,44,100,2,1,2,3,0,1,3,3,3,3,2,2
245,2026-05-18T14:29:24.838636+00:00,,49,S,67,67,56,100,3,1,2,1,2,2,3,3,3,2,1,3
246,2026-05-18T14:50:36.932397+00:00,,60,D,67,78,67,44,3,1,3,2,1,3,2,1,1,2,2,2
247,2026-05-18T14:51:27.32233+00:00,,86,S,78,44,33,78,1,1,2,1,1,1,3,2,2,2,2,3
248,2026-05-18T15:25:54.921255+00:00,en,41,C,100,89,67,89,2,3,3,3,0,3,2,3,3,3,3,3
249,2026-05-18T15:32:15.966988+00:00,,70,S,78,56,11,89,2,1,2,0,1,0,3,2,3,3,2,2
250,2026-05-18T15:46:18.709396+00:00,,65,C,100,67,67,67,1,2,3,2,1,3,2,3,1,3,3,3
251,2026-05-18T16:14:34.28+00:00,,,I,44,89,100,56,2,3,3,3,3,3,1,2,2,1,1,2
252,2026-05-18T16:24:34.668872+00:00,,106,I,78,78,89,78,3,2,2,3,2,3,2,2,3,3,1,3
253,2026-05-18T17:00:28.921+00:00,,,C,100,67,89,67,3,1,2,3,2,3,1,3,2,3,3,3
254,2026-05-18T17:56:44.051+00:00,,,D,67,89,67,89,3,2,3,3,1,2,2,3,3,3,1,2
255,2026-05-18T18:07:21.014746+00:00,,113,S,67,33,33,67,1,1,1,1,0,2,1,2,3,2,2,2
256,2026-05-18T18:56:00.223974+00:00,,53,D,56,89,89,56,3,3,2,3,2,3,1,2,2,3,1,1
257,2026-05-18T18:56:23.151894+00:00,,46,C,100,67,33,78,2,1,3,1,0,2,3,3,1,3,3,3
258,2026-05-18T19:00:50.087858+00:00,,52,C,89,56,56,44,1,1,3,1,2,2,3,1,0,3,3,2
259,2026-05-18T19:35:47.198441+00:00,,60,S,67,33,44,67,1,0,2,2,1,1,2,2,2,2,2,2
260,2026-05-18T20:02:53.658997+00:00,,243,D,67,89,44,33,2,3,3,1,1,2,1,1,1,2,2,2
261,2026-05-18T20:20:10.141727+00:00,,58,I,56,44,78,33,2,0,2,3,1,3,0,2,1,3,1,1
262,2026-05-18T20:43:02.680361+00:00,,106,S,44,22,11,67,1,0,1,1,0,0,2,3,1,2,0,2
263,2026-05-18T21:08:21.828526+00:00,,48,S,67,56,56,67,2,1,2,2,2,1,1,3,2,2,2,2
264,2026-05-18T21:16:59.301639+00:00,,52,C,100,89,78,44,3,2,3,2,2,3,1,1,2,3,3,3
265,2026-05-18T21:25:08.997651+00:00,,52,I,44,67,89,56,2,1,3,2,3,3,2,2,1,1,1,2
266,2026-05-18T21:50:52.099811+00:00,,77,C,78,67,11,67,3,2,1,1,0,0,0,3,3,3,2,2
267,2026-05-18T22:10:40.26812+00:00,,87,S,67,44,33,100,1,0,3,1,0,2,3,3,3,2,2,2
268,2026-05-18T22:43:45.294+00:00,,,D,56,67,67,56,3,1,2,2,2,2,1,2,2,2,1,2
269,2026-05-18T23:26:32.440815+00:00,,38,S,67,44,33,100,2,1,1,1,1,1,3,3,3,2,2,2
270,2026-05-18T23:44:00.676924+00:00,,36,C,78,44,33,67,2,2,0,2,0,1,1,2,3,3,2,2
271,2026-05-18T23:45:46.383014+00:00,,41,C,78,44,56,67,2,1,1,1,2,2,3,2,1,2,3,2
272,2026-05-19T00:37:11.493+00:00,,,C,89,78,44,78,3,2,2,2,1,1,1,3,3,3,2,3
273,2026-05-19T00:52:57.60591+00:00,,96,S,89,44,22,89,2,0,2,0,0,2,3,2,3,2,3,3
274,2026-05-19T00:54:50.070685+00:00,,156,C,67,44,56,33,2,1,1,1,2,2,1,1,1,2,2,2
275,2026-05-19T01:56:09.279555+00:00,,53,D,44,56,56,56,2,2,1,3,1,1,1,2,2,2,1,1
276,2026-05-19T02:02:53.489306+00:00,,33,C,100,78,67,89,2,2,3,2,2,2,3,3,2,3,3,3
277,2026-05-19T03:58:22.739238+00:00,,44,C,100,22,22,67,1,0,1,1,1,0,2,2,2,3,3,3
278,2026-05-19T04:03:52.40795+00:00,,59,D,56,56,33,56,2,2,1,1,1,1,2,1,2,2,2,1
279,2026-05-19T04:39:44.813673+00:00,,43,D,78,78,22,67,2,2,3,1,0,1,2,2,2,2,2,3
280,2026-05-19T04:43:03.849397+00:00,,38,S,56,33,33,56,1,0,2,1,0,2,1,2,2,2,1,2
281,2026-05-19T04:46:45.665236+00:00,en,59,S,44,22,11,67,1,0,1,0,0,1,2,2,2,1,1,2
282,2026-05-19T05:21:14.053757+00:00,,10,D,33,56,44,44,2,1,2,1,2,1,1,2,1,2,1,0
283,2026-05-19T05:31:04.895449+00:00,,81,D,78,78,67,78,2,2,3,1,2,3,3,1,3,3,2,2
284,2026-05-19T05:39:41.901705+00:00,,49,C,89,56,33,67,2,1,2,2,0,1,2,3,1,2,3,3
285,2026-05-19T05:55:35.909808+00:00,,64,S,33,22,44,78,1,0,1,0,1,3,1,3,3,1,1,1
286,2026-05-19T06:19:24.24+00:00,,,D,67,67,33,67,2,1,3,0,2,1,1,3,2,2,1,3
287,2026-05-19T07:46:33.792+00:00,,,D,22,78,78,33,2,3,2,3,2,2,0,1,2,0,1,1
288,2026-05-19T08:01:09.87497+00:00,,104,D,67,78,78,67,3,1,3,2,2,3,0,3,3,2,1,3
289,2026-05-19T08:42:29.166431+00:00,,50,I,56,56,67,56,1,2,2,2,2,2,2,1,2,1,2,2
290,2026-05-19T08:53:28.097236+00:00,,68,I,44,67,89,78,1,3,2,3,2,3,2,2,3,2,1,1
291,2026-05-19T09:09:41.832094+00:00,en,47,C,100,67,89,89,2,1,3,3,2,3,3,3,2,3,3,3
292,2026-05-19T09:21:32.269454+00:00,,551,I,78,67,89,56,2,2,2,3,2,3,2,1,2,2,3,2
293,2026-05-19T09:28:47.041515+00:00,,84,D,78,89,67,44,3,2,3,2,2,2,2,1,1,2,3,2
294,2026-05-19T09:47:49.186339+00:00,,62,D,56,78,11,22,3,2,2,1,0,0,1,1,0,2,1,2
295,2026-05-19T09:52:28.246896+00:00,,40,D,67,78,56,44,3,2,2,2,1,2,1,2,1,2,2,2
296,2026-05-19T10:09:33.069827+00:00,,41,D,78,100,89,56,3,3,3,3,2,3,0,3,2,3,1,3
297,2026-05-19T10:15:29.073292+00:00,,56,D,89,100,100,78,3,3,3,3,3,3,3,3,1,3,2,3
298,2026-05-19T10:15:39.842679+00:00,,70,S,89,33,67,89,2,0,1,2,2,2,2,3,3,3,2,3
299,2026-05-19T10:15:43.108211+00:00,,74,D,44,89,67,56,2,3,3,2,2,2,1,1,3,2,1,1
300,2026-05-19T10:16:24.593181+00:00,,64,I,56,44,78,56,2,1,1,3,1,3,2,1,2,2,2,1
301,2026-05-19T10:17:50.583587+00:00,,66,D,44,56,56,44,2,2,1,2,1,2,0,2,2,2,1,1
302,2026-05-19T10:19:32.955941+00:00,,96,S,100,22,78,100,1,0,1,3,1,3,3,3,3,3,3,3
303,2026-05-19T10:58:29.161349+00:00,,14,I,67,33,89,44,1,2,0,3,3,2,2,0,2,1,3,2
304,2026-05-19T11:05:27.461371+00:00,,86,S,22,22,0,89,0,0,2,0,0,0,3,2,3,1,0,1
305,2026-05-19T11:13:12.300074+00:00,en,66,S,78,44,67,89,1,1,2,1,3,2,3,3,2,3,1,3
306,2026-05-19T11:18:55.555598+00:00,,65,D,56,56,44,33,2,1,2,1,2,1,0,2,1,2,1,2
307,2026-05-19T11:52:36.158429+00:00,,43,I,78,78,100,89,3,2,2,3,3,3,3,3,2,2,3,2
308,2026-05-19T12:30:29.532207+00:00,,78,I,44,56,89,67,2,1,2,3,2,3,1,3,2,1,1,2
309,2026-05-19T12:35:36.946031+00:00,,74,S,89,56,22,89,2,1,2,1,0,1,3,2,3,3,2,3
310,2026-05-19T12:35:50.699658+00:00,,37,I,78,67,78,78,2,2,2,3,2,2,2,2,3,2,3,2
311,2026-05-19T12:39:24.782764+00:00,,45,C,89,56,78,67,2,1,2,3,2,2,2,2,2,3,3,2
312,2026-05-19T12:39:29.379574+00:00,,42,S,67,56,22,78,2,2,1,1,0,1,2,3,2,2,2,2
313,2026-05-19T12:39:43.502902+00:00,,65,C,89,78,67,33,2,3,2,2,2,2,1,1,1,3,3,2
314,2026-05-19T12:41:47.361683+00:00,,9,I,56,33,56,44,1,2,0,2,1,2,1,2,1,2,1,2
315,2026-05-19T12:46:45.357517+00:00,,67,D,56,56,33,44,2,2,1,1,1,1,1,2,1,1,2,2
316,2026-05-19T12:52:57.880993+00:00,,44,C,89,78,56,56,2,2,3,1,2,2,3,1,1,2,3,3
317,2026-05-19T12:55:43.709839+00:00,,45,S,78,67,78,89,2,2,2,3,2,2,3,3,2,3,2,2
318,2026-05-19T12:56:02.850803+00:00,,55,D,44,89,0,56,2,3,3,0,0,0,2,1,2,1,1,2
319,2026-05-19T13:02:46.365358+00:00,,114,S,89,44,33,89,2,1,1,2,0,1,2,3,3,3,3,2
320,2026-05-19T13:05:07.670396+00:00,,1414,C,78,67,22,33,2,2,2,1,0,1,1,2,0,3,2,2
321,2026-05-19T13:06:23.945339+00:00,,74,C,78,44,44,44,2,0,2,1,1,2,2,1,1,2,3,2
322,2026-05-19T13:10:53.271092+00:00,,361,S,67,33,0,78,2,0,1,0,0,0,2,2,3,2,2,2
323,2026-05-19T13:12:20.562401+00:00,,78,S,78,56,22,89,2,1,2,1,0,1,3,2,3,3,2,2
324,2026-05-19T13:14:07.41035+00:00,,75,D,56,100,100,44,3,3,3,3,3,3,0,2,2,2,1,2
325,2026-05-19T13:14:40.9053+00:00,,95,C,100,44,78,78,2,2,0,2,2,3,2,2,3,3,3,3
326,2026-05-19T13:28:53.658255+00:00,,70,C,89,56,33,78,2,1,2,1,1,1,2,3,2,2,3,3
327,2026-05-19T13:36:42.397479+00:00,en,4,I,44,56,78,56,2,1,2,3,3,1,2,1,2,0,1,3
328,2026-05-19T13:41:36.08502+00:00,,95,D,67,67,11,67,2,2,2,1,0,0,2,2,2,2,2,2
329,2026-05-19T13:54:47.873169+00:00,,49,D,67,100,89,67,3,3,3,3,2,3,0,3,3,3,1,2
330,2026-05-19T14:05:11.409934+00:00,,76,D,78,100,11,67,3,3,3,1,0,0,3,2,1,3,2,2
331,2026-05-19T14:18:01.229988+00:00,,46,S,89,33,44,89,1,0,2,1,2,1,2,3,3,3,2,3
332,2026-05-19T14:47:03.087694+00:00,,48,S,89,33,11,100,2,0,1,0,0,1,3,3,3,3,2,3
333,2026-05-19T15:26:26.845894+00:00,,72,S,78,22,67,89,1,0,1,2,2,2,3,3,2,2,2,3
334,2026-05-19T16:36:03.764902+00:00,,78,C,89,22,67,78,1,0,1,1,2,3,3,1,3,3,2,3
335,2026-05-19T18:17:06.925+00:00,,,D,100,100,33,44,3,3,3,1,1,1,0,2,2,3,3,3
336,2026-05-19T23:30:21.531169+00:00,,58,I,78,33,78,78,1,0,2,3,1,3,2,3,2,2,3,2
337,2026-05-20T01:02:51.639617+00:00,,72,I,56,44,78,44,0,2,2,2,2,3,1,1,2,3,0,2
338,2026-05-20T01:56:59.536505+00:00,,67,S,56,22,44,89,1,0,1,3,0,1,3,2,3,3,0,2
339,2026-05-20T10:58:02.379889+00:00,,65,I,44,44,56,33,2,0,2,2,2,1,1,1,1,1,1,2
340,2026-05-20T20:29:21.935986+00:00,,84,C,67,33,11,44,1,0,2,0,1,0,1,2,1,2,2,2
341,2026-05-20T21:44:27.818751+00:00,,10,D,56,89,67,67,3,2,3,2,2,2,2,2,2,2,1,2
342,2026-05-21T00:11:33.992765+00:00,,179,I,67,56,67,33,2,1,2,2,1,3,0,1,2,2,2,2
343,2026-05-21T03:18:14.932+00:00,,,S,100,67,89,100,3,1,2,3,2,3,3,3,3,3,3,3
344,2026-05-22T01:34:22.718588+00:00,,45,C,100,67,56,67,2,1,3,2,1,2,1,2,3,3,3,3
345,2026-05-22T02:29:09.09049+00:00,,38,D,56,67,67,67,2,1,3,2,2,2,1,2,3,2,3,0
346,2026-05-22T17:05:00.946+00:00,,,D,44,100,89,44,3,3,3,3,2,3,1,3,0,0,1,3
347,2026-05-22T17:56:21.525484+00:00,,213,D,44,67,56,33,3,1,2,2,2,1,0,2,1,1,1,2
348,2026-05-22T18:06:33.895+00:00,en,97,C,67,44,56,56,2,1,1,2,1,2,1,2,2,2,2,2
349,2026-05-22T20:31:40.528321+00:00,,100,S,44,33,67,78,1,1,1,2,2,2,2,3,2,2,1,1
350,2026-05-23T02:40:06.113455+00:00,,66,I,78,56,89,89,2,1,2,3,2,3,3,2,3,3,2,2
351,2026-05-23T20:17:35.062994+00:00,,51,C,100,67,67,67,3,1,2,2,1,3,2,3,1,3,3,3
352,2026-05-24T10:37:07.507+00:00,,,C,100,89,89,78,3,2,3,3,2,3,2,3,2,3,3,3
353,2026-05-25T18:59:29.126+00:00,,,C,89,33,11,56,2,0,1,1,0,0,1,3,1,3,3,2
354,2026-05-25T19:17:26.780484+00:00,,139,C,78,33,11,56,2,0,1,1,0,0,1,3,1,2,3,2
355,2026-05-26T00:00:44.247818+00:00,en,43,I,67,56,100,67,3,0,2,3,3,3,2,1,3,2,2,2
356,2026-05-26T09:57:44.894659+00:00,en,258,C,89,44,56,78,2,0,2,0,3,2,2,3,2,3,2,3
357,2026-05-26T12:08:22.876+00:00,,,C,89,67,67,67,3,1,2,2,2,2,2,2,2,3,2,3
358,2026-05-26T14:50:26.694876+00:00,,49,S,78,33,44,78,2,0,1,2,0,2,3,1,3,2,3,2
359,2026-05-26T17:49:57.775352+00:00,en,83,D,44,56,56,22,2,1,2,1,2,2,1,1,0,2,1,1
360,2026-05-26T20:14:56.508364+00:00,en,38,C,78,67,22,67,2,2,2,1,0,1,1,2,3,2,3,2
361,2026-05-26T22:58:24.964087+00:00,en,57,C,89,78,78,22,2,2,3,2,3,2,0,2,0,3,2,3
362,2026-05-27T00:41:40.2892+00:00,en,87,S,78,67,56,78,2,2,2,2,2,1,3,2,2,2,3,2
363,2026-05-27T00:50:35.317994+00:00,en,83,I,22,56,67,67,2,3,0,1,2,3,0,3,3,0,2,0
364,2026-05-27T00:53:58.871351+00:00,en,70,C,89,56,22,56,2,1,2,1,1,0,2,2,1,3,2,3
365,2026-05-27T03:07:25.158462+00:00,en,63,S,33,33,22,67,1,1,1,0,1,1,2,2,2,1,1,1
366,2026-05-27T04:05:11.993274+00:00,en,139,S,44,33,56,78,2,0,1,2,1,2,2,3,2,1,1,2
367,2026-05-27T08:52:39.157283+00:00,en,67,I,67,67,78,56,3,1,2,3,2,2,1,3,1,3,1,2
368,2026-05-27T09:11:11.457374+00:00,en,86,S,56,44,56,78,2,0,2,2,1,2,2,2,3,2,2,1
369,2026-05-27T11:55:29.375365+00:00,en,108,C,67,33,44,44,1,1,1,2,1,1,0,3,1,2,2,2
370,2026-05-27T13:21:57.48603+00:00,en,34,D,22,100,100,44,3,3,3,3,3,3,1,2,1,1,0,1
371,2026-05-27T15:19:43.924476+00:00,en,59,C,67,44,33,44,1,0,3,1,0,2,0,3,1,2,1,3
372,2026-05-27T15:30:48.871291+00:00,en,109,C,89,56,56,33,2,2,1,3,2,0,0,2,1,3,3,2
373,2026-05-27T15:41:49.373407+00:00,en,71,I,89,67,89,89,3,1,2,3,2,3,3,3,2,3,2,3
374,2026-05-27T15:55:36.594882+00:00,en,64,S,67,22,44,78,1,0,1,2,1,1,1,3,3,2,2,2
375,2026-05-27T17:52:21.371711+00:00,en,46,C,100,67,44,67,3,1,2,1,1,2,1,2,3,3,3,3
376,2026-05-27T18:19:11.540272+00:00,,44,D,78,78,67,78,2,2,3,2,2,2,3,2,2,2,3,2
377,2026-05-27T18:56:59.937941+00:00,en,167,D,67,78,67,78,3,2,2,2,2,2,2,2,3,2,2,2
378,2026-05-28T03:43:21.336451+00:00,en,84,I,11,89,100,11,2,3,3,3,3,3,0,0,1,1,0,0
379,2026-05-28T04:25:53.076319+00:00,en,88,D,22,67,44,33,3,1,2,2,1,1,1,2,0,0,1,1
380,2026-05-28T07:47:22.971686+00:00,,663,S,56,11,0,89,0,1,0,0,0,0,3,3,2,0,3,2
381,2026-05-28T09:59:58.029152+00:00,en,57,D,44,56,56,56,2,1,2,2,1,2,2,2,1,1,2,1
382,2026-05-28T11:27:31.373955+00:00,en,103,D,89,89,78,56,2,3,3,3,2,2,0,2,3,3,2,3
383,2026-05-28T13:32:49.436929+00:00,,44,C,78,67,67,67,2,1,3,2,1,3,2,1,3,2,3,2
384,2026-05-28T14:15:11.243677+00:00,en,165,S,67,67,11,89,3,1,2,0,0,1,3,2,3,3,1,2
385,2026-05-28T14:24:46.965+00:00,,,D,67,100,89,67,3,3,3,3,3,2,3,2,1,2,2,2
386,2026-05-28T15:25:33.528507+00:00,en,58,I,89,78,89,78,3,1,3,3,2,3,2,3,2,3,3,2
387,2026-05-28T16:45:52.167566+00:00,,5,S,67,67,33,78,0,3,3,1,1,1,3,1,3,1,3,2
388,2026-05-28T19:40:23.845622+00:00,en,38,C,100,67,22,56,3,1,2,2,0,0,3,1,1,3,3,3
389,2026-05-28T20:43:36.731823+00:00,en,534,S,44,0,0,67,0,0,0,0,0,0,0,3,3,2,1,1
390,2026-05-28T21:51:54.570586+00:00,,39,C,100,67,56,67,3,1,2,1,1,3,1,2,3,3,3,3
391,2026-05-28T22:00:18.799731+00:00,,66,S,56,44,67,89,2,1,1,2,2,2,3,2,3,2,2,1
392,2026-05-28T22:44:29.265668+00:00,en,113,I,67,78,89,33,3,2,2,3,2,3,0,3,0,3,0,3
393,2026-05-29T01:56:04.222263+00:00,en,114,D,44,56,56,44,1,2,2,2,2,1,0,2,2,0,2,2
394,2026-05-29T02:52:38.421568+00:00,en,170,C,78,33,67,67,1,1,1,2,2,2,1,3,2,2,2,3
395,2026-05-29T09:10:19.230285+00:00,en,113,I,100,44,100,67,3,0,1,3,3,3,3,3,0,3,3,3
396,2026-05-29T12:33:58.347193+00:00,,64,C,89,67,33,67,2,1,3,1,1,1,1,3,2,3,2,3
397,2026-05-29T13:32:47.934233+00:00,en,61,D,33,56,22,56,2,1,2,0,1,1,2,2,1,1,1,1
398,2026-05-29T13:33:11.933315+00:00,en,86,C,78,56,33,56,2,1,2,0,1,2,1,3,1,3,1,3
399,2026-05-29T14:08:57.316502+00:00,en,66,I,22,44,89,44,2,1,1,2,3,3,2,0,2,1,0,1
400,2026-05-29T14:16:32.02363+00:00,en,54,C,67,33,33,56,1,0,2,1,2,0,1,2,2,2,2,2
401,2026-05-29T14:25:41.912+00:00,,,D,78,78,78,67,3,1,3,2,2,3,2,3,1,3,2,2
402,2026-05-29T15:16:32.375539+00:00,en,236,C,100,67,56,33,3,2,1,2,1,2,0,2,1,3,3,3
403,2026-05-29T15:31:23.329+00:00,,,S,89,78,56,100,2,2,3,1,2,2,3,3,3,3,2,3
404,2026-05-29T17:02:25.331906+00:00,en,38,D,33,100,67,44,3,3,3,2,2,2,1,2,1,1,0,2
405,2026-05-29T18:06:34.722+00:00,en,97,C,67,44,56,56,2,1,1,2,1,2,1,2,2,2,2,2
406,2026-05-29T19:54:33.740441+00:00,en,84,D,33,89,33,44,2,3,3,1,0,2,1,1,2,1,0,2
407,2026-05-29T19:59:44.963242+00:00,en,54,D,78,89,67,33,3,2,3,2,2,2,1,2,0,3,2,2
408,2026-05-29T20:05:34.195484+00:00,en,64,S,89,67,67,89,2,1,3,2,2,2,3,3,2,3,2,3
409,2026-05-29T22:19:08.355216+00:00,,61,C,100,89,44,67,2,3,3,2,1,1,2,2,2,3,3,3
410,2026-05-30T03:09:10.079773+00:00,,75,I,56,44,89,67,1,1,2,3,2,3,1,2,3,1,2,2
411,2026-05-30T18:29:25.568879+00:00,en,111,C,78,33,44,56,1,1,1,1,2,1,2,2,1,3,2,2
412,2026-05-30T20:24:13.445113+00:00,en,123,D,78,89,33,78,2,3,3,2,0,1,2,3,2,3,1,3
413,2026-05-30T23:17:04.963441+00:00,en,61,D,56,78,44,33,2,3,2,1,2,1,0,1,2,3,1,1
414,2026-05-31T00:02:33.687572+00:00,,49,C,56,33,22,11,1,2,0,0,0,2,0,1,0,3,1,1
415,2026-05-31T01:53:09.29169+00:00,en,98,D,56,56,22,56,2,1,2,0,1,1,1,2,2,2,1,2
416,2026-05-31T13:51:41.703266+00:00,en,10,I,33,22,33,33,0,1,1,1,1,1,1,1,1,1,1,1
417,2026-05-31T17:49:01.109389+00:00,en,96,C,100,67,11,44,3,3,0,1,0,0,0,3,1,3,3,3
418,2026-06-01T00:23:04.243675+00:00,en,155,C,67,22,33,44,1,0,1,1,1,1,2,2,0,2,2,2
419,2026-06-01T00:38:29.111+00:00,,,I,56,56,67,56,3,1,1,3,1,2,1,2,2,3,0,2
420,2026-06-01T01:34:11.120351+00:00,en,74,D,67,67,11,56,2,2,2,1,0,0,0,2,3,3,1,2
421,2026-06-01T06:05:50.243132+00:00,en,48,C,89,67,0,56,2,1,3,0,0,0,2,1,2,3,2,3
422,2026-06-01T06:40:33.79963+00:00,en,53,D,22,89,67,44,2,3,3,1,2,3,2,1,1,1,1,0
423,2026-06-01T10:26:58.062+00:00,,,S,67,33,33,67,2,0,1,1,1,1,2,2,2,2,2,2
424,2026-06-01T11:58:29.143431+00:00,en,41,C,67,56,33,56,3,1,1,2,0,1,3,1,1,2,1,3
425,2026-06-01T13:30:15.679009+00:00,en,58,I,33,67,89,44,1,2,3,2,3,3,1,1,2,1,0,2
426,2026-06-01T13:39:14.156+00:00,,,C,100,44,67,89,2,0,2,0,3,3,2,3,3,3,3,3
427,2026-06-01T13:53:21.351958+00:00,en,72,C,100,67,44,89,3,2,1,1,1,2,3,3,2,3,3,3
428,2026-06-01T14:07:58.992698+00:00,,98,D,78,89,89,44,3,3,2,3,2,3,0,3,1,3,2,2
429,2026-06-01T14:08:00.81675+00:00,,60,C,89,44,44,56,2,0,2,2,1,1,2,1,2,2,3,3
430,2026-06-01T14:58:08.176446+00:00,en,161,I,67,33,67,67,2,1,0,2,2,2,2,2,2,2,2,2
431,2026-06-01T15:23:53.674724+00:00,en,88,S,44,78,67,89,3,1,3,2,1,3,3,3,2,1,3,0
432,2026-06-01T15:39:34.280472+00:00,en,45,D,67,78,56,22,2,2,3,2,2,1,1,0,1,3,1,2
433,2026-06-01T15:53:53.461413+00:00,en,95,I,78,56,78,67,2,2,1,3,2,2,1,2,3,3,2,2
434,2026-06-01T16:20:31.97118+00:00,en,91,D,56,78,78,67,2,2,3,2,2,3,1,3,2,2,1,2
435,2026-06-01T16:30:44.633929+00:00,en,114,D,56,67,56,56,2,2,2,3,0,2,2,1,2,1,2,2
436,2026-06-01T16:34:20.478917+00:00,en,71,I,33,67,78,33,2,3,1,3,1,3,0,1,2,2,0,1
437,2026-06-01T16:42:31.088573+00:00,en,79,D,33,67,56,44,2,2,2,2,1,2,1,1,2,1,1,1
438,2026-06-01T17:18:42.536743+00:00,en,45,I,67,78,89,89,3,1,3,3,2,3,2,3,3,3,1,2
439,2026-06-01T18:39:02.583495+00:00,en,271,S,67,78,89,100,3,1,3,2,3,3,3,3,3,3,1,2
440,2026-06-01T18:56:39.277318+00:00,en,69,I,44,89,100,56,2,3,3,3,3,3,1,2,2,2,1,1
441,2026-06-01T19:02:29.747429+00:00,en,44,C,78,33,22,56,1,0,2,1,1,0,2,1,2,2,2,3
442,2026-06-01T19:03:40.175984+00:00,en,53,S,100,11,11,100,1,0,0,0,0,1,3,3,3,3,3,3
443,2026-06-01T22:23:23.963789+00:00,en,62,S,56,56,56,78,2,2,1,2,1,2,3,2,2,2,1,2
444,2026-06-02T00:26:30.792793+00:00,en,180,C,78,56,44,22,2,2,1,2,2,0,0,1,1,3,2,2
445,2026-06-02T02:47:27.880579+00:00,en,125,D,44,89,33,67,2,3,3,2,1,0,0,3,3,0,2,2
446,2026-06-02T03:03:45.795985+00:00,en,102,I,33,44,67,67,1,1,2,3,2,1,3,2,1,1,1,1
447,2026-06-02T03:39:49.596521+00:00,en,41,C,78,33,11,67,2,0,1,1,0,0,3,3,0,3,2,2
448,2026-06-02T04:03:45.490223+00:00,en,77,D,44,44,33,44,1,1,2,1,1,1,2,1,1,2,1,1
449,2026-06-02T06:02:43.720984+00:00,en,54,C,100,33,67,89,1,0,2,2,1,3,2,3,3,3,3,3
450,2026-06-02T08:30:24.685+00:00,,,D,56,67,67,33,2,2,2,2,2,2,0,2,1,3,1,1
451,2026-06-02T10:13:00.851646+00:00,en,77,I,56,44,89,67,3,0,1,3,2,3,1,2,3,1,3,1
452,2026-06-02T10:36:08.128792+00:00,en,53,C,78,44,33,56,2,0,2,1,1,1,2,2,1,2,2,3
453,2026-06-02T12:22:51.46522+00:00,en,60,I,67,67,78,67,3,1,2,2,3,2,1,2,3,2,1,3
454,2026-06-02T12:45:13.976232+00:00,en,63,C,78,67,67,44,3,2,1,2,1,3,2,2,0,2,2,3
455,2026-06-02T13:08:35.882793+00:00,en,124,C,100,78,22,67,3,2,2,0,1,1,2,3,1,3,3,3
456,2026-06-02T13:09:24.439875+00:00,en,36,D,56,56,33,56,2,2,1,1,1,1,1,2,2,1,1,3
457,2026-06-02T13:38:26.89288+00:00,en,203,D,78,78,78,67,2,3,2,3,2,2,2,2,2,2,2,3
458,2026-06-02T13:52:27.206235+00:00,en,66,C,89,44,33,44,2,1,1,1,1,1,2,2,0,3,2,3
459,2026-06-02T13:56:23.439762+00:00,en,34,I,56,56,89,89,2,2,1,3,2,3,2,3,3,2,2,1
460,2026-06-02T14:11:17.897914+00:00,en,52,C,67,33,22,56,2,1,0,2,0,0,1,2,2,3,1,2
461,2026-06-02T14:17:03.767499+00:00,en,84,C,100,44,33,89,1,1,2,1,0,2,3,2,3,3,3,3
462,2026-06-02T14:41:47.264899+00:00,en,44,S,67,33,11,67,1,0,2,1,0,0,1,2,3,2,2,2
463,2026-06-02T15:12:55.576+00:00,,,I,67,56,78,56,2,1,2,3,2,2,1,3,1,2,2,2
464,2026-06-02T15:27:43.079478+00:00,en,93,D,33,78,67,11,2,3,2,1,2,3,0,0,1,0,2,1
465,2026-06-02T16:54:25.098315+00:00,en,9,D,33,56,56,56,2,0,3,2,1,2,0,2,3,0,2,1
466,2026-06-02T17:34:42.491637+00:00,en,139,S,67,56,56,78,1,1,3,2,1,2,3,2,2,2,2,2
467,2026-06-02T18:04:53.527898+00:00,en,42,I,67,67,100,67,2,1,3,3,3,3,2,2,2,3,2,1
468,2026-06-02T18:22:35.481771+00:00,en,80,C,89,33,33,67,1,0,2,0,2,1,2,1,3,2,3,3
469,2026-06-02T18:27:52.017599+00:00,en,6,D,0,0,0,0,0,0,0,0,0,0,0,0,0,0,0,0
470,2026-06-02T18:28:22.787141+00:00,en,13,D,0,0,0,0,0,0,0,0,0,0,0,0,0,0,0,0
471,2026-06-02T18:31:23.410471+00:00,en,13,D,0,0,0,0,0,0,0,0,0,0,0,0,0,0,0,0
472,2026-06-02T18:31:53.537432+00:00,en,6,D,0,0,0,0,0,0,0,0,0,0,0,0,0,0,0,0
473,2026-06-02T18:32:19.057541+00:00,en,8,D,0,0,0,0,0,0,0,0,0,0,0,0,0,0,0,0
474,2026-06-02T18:35:53.722978+00:00,en,12,D,0,0,0,0,0,0,0,0,0,0,0,0,0,0,0,0
475,2026-06-02T19:35:13.695358+00:00,en,14,D,0,0,0,0,0,0,0,0,0,0,0,0,0,0,0,0
476,2026-06-02T19:35:42.750635+00:00,en,191,I,33,67,100,33,3,2,1,3,3,3,0,2,1,2,0,1
477,2026-06-02T19:37:21.703477+00:00,en,10,D,0,0,0,0,0,0,0,0,0,0,0,0,0,0,0,0
478,2026-06-02T19:38:03.033138+00:00,en,14,D,0,0,0,0,0,0,0,0,0,0,0,0,0,0,0,0
479,2026-06-02T19:38:30.063342+00:00,en,7,D,0,0,0,0,0,0,0,0,0,0,0,0,0,0,0,0
480,2026-06-02T19:56:53.975713+00:00,en,13,D,0,0,0,0,0,0,0,0,0,0,0,0,0,0,0,0
481,2026-06-02T20:01:50.784259+00:00,en,5,D,0,0,0,0,0,0,0,0,0,0,0,0,0,0,0,0
482,2026-06-02T20:03:18.076736+00:00,en,8,D,0,0,0,0,0,0,0,0,0,0,0,0,0,0,0,0
483,2026-06-02T20:17:43.335667+00:00,en,66,C,78,44,22,67,2,1,1,0,1,1,2,1,3,2,3,2
484,2026-06-02T20:29:57.740402+00:00,en,189,I,78,44,89,56,2,1,1,3,2,3,0,3,2,3,1,3
485,2026-06-02T21:00:42.895199+00:00,en,14,D,0,0,0,0,0,0,0,0,0,0,0,0,0,0,0,0
486,2026-06-02T21:04:23.258322+00:00,en,13,D,0,0,0,0,0,0,0,0,0,0,0,0,0,0,0,0
487,2026-06-02T21:04:42.148309+00:00,en,12,D,0,0,0,0,0,0,0,0,0,0,0,0,0,0,0,0
488,2026-06-03T00:48:02.564231+00:00,en,57,I,44,44,78,56,2,1,1,3,2,2,1,3,1,1,2,1
489,2026-06-03T01:28:41.668101+00:00,en,71,D,44,78,78,44,2,3,2,3,2,2,1,2,1,1,1,2
490,2026-06-03T02:45:03.230739+00:00,en,65,C,100,67,67,67,3,1,2,2,1,3,2,1,3,3,3,3
491,2026-06-03T02:56:30.948076+00:00,en,115,D,11,100,67,0,3,3,3,3,1,2,0,0,0,0,1,0
492,2026-06-03T03:02:49.01579+00:00,en,62,I,56,78,89,67,2,2,3,3,2,3,3,1,2,2,2,1
493,2026-06-03T06:30:44.827558+00:00,en,73,S,78,56,44,78,2,1,2,2,2,0,3,2,2,3,2,2
494,2026-06-03T06:31:05.010241+00:00,en,64,D,44,44,33,11,2,2,0,1,1,1,0,1,0,2,0,2
495,2026-06-03T06:55:15.904097+00:00,en,79,D,78,89,89,44,3,2,3,3,3,2,1,3,0,3,2,2
496,2026-06-03T07:17:41.363031+00:00,en,97,D,78,89,67,56,3,3,2,1,2,3,1,3,1,3,2,2
497,2026-06-03T08:57:45.61436+00:00,,191,I,67,67,100,33,2,3,1,3,3,3,0,0,3,3,0,3
498,2026-06-03T09:54:20.505823+00:00,en,54,I,33,33,44,22,1,1,1,1,2,1,1,0,1,1,1,1
499,2026-06-03T10:43:13.728831+00:00,en,46,I,56,44,89,78,2,1,1,3,2,3,2,2,3,2,1,2
500,2026-06-03T11:09:21.915166+00:00,en,87,I,0,44,89,78,1,2,1,3,2,3,2,2,3,0,0,0
501,2026-06-03T12:23:57.064466+00:00,en,92,C,67,56,33,44,2,2,1,2,1,0,2,1,1,3,1,2
502,2026-06-03T12:24:41.31604+00:00,en,133,C,100,78,22,78,2,3,2,0,1,1,2,2,3,3,3,3
503,2026-06-03T15:08:30.443024+00:00,en,127,C,89,67,44,67,2,1,3,1,2,1,2,1,3,2,3,3
504,2026-06-03T15:10:06.200861+00:00,en,98,S,78,44,33,78,2,1,1,1,1,1,2,3,2,3,2,2
505,2026-06-03T15:12:47.618093+00:00,en,67,I,11,89,100,11,3,2,3,3,3,3,0,1,0,0,1,0
506,2026-06-03T15:32:54.775642+00:00,en,66,D,44,100,67,22,3,3,3,2,2,2,0,2,0,1,1,2
507,2026-06-03T15:38:00.132138+00:00,en,116,D,56,100,78,44,3,3,3,1,3,3,0,1,3,2,1,2
508,2026-06-03T15:51:42.505124+00:00,en,41,S,67,56,44,67,2,2,1,2,0,2,2,1,3,2,2,2
509,2026-06-03T15:52:34.668654+00:00,en,58,S,67,56,22,67,2,1,2,0,0,2,1,3,2,3,1,2
510,2026-06-03T15:53:21.727953+00:00,en,48,C,100,67,78,78,3,0,3,1,3,3,3,2,2,3,3,3
511,2026-06-03T15:58:29.146809+00:00,en,62,I,22,67,78,56,2,3,1,3,1,3,1,1,3,0,2,0
512,2026-06-03T17:04:52.085495+00:00,en,48,C,78,44,56,67,1,1,2,2,2,1,1,3,2,3,2,2
513,2026-06-03T17:15:42.176438+00:00,,84,S,89,56,56,89,2,1,2,2,2,1,2,3,3,3,2,3
514,2026-06-03T17:20:46.838947+00:00,en,83,S,56,44,56,78,2,1,1,2,1,2,2,2,3,2,1,2
515,2026-06-03T17:55:10.423552+00:00,en,36,C,67,33,33,56,1,1,1,2,0,1,1,3,1,3,1,2
516,2026-06-03T18:31:17.118847+00:00,en,121,C,78,22,44,67,1,0,1,3,0,1,1,3,2,2,2,3
517,2026-06-03T18:36:57.866762+00:00,en,233,C,100,67,78,67,3,0,3,3,1,3,2,3,1,3,3,3
518,2026-06-03T18:39:54.130094+00:00,en,54,I,67,89,100,78,3,3,2,3,3,3,2,3,2,3,1,2
519,2026-06-03T19:08:35.775282+00:00,en,52,C,78,67,56,67,3,1,2,2,1,2,2,2,2,3,2,2
520,2026-06-03T19:14:05.551942+00:00,en,64,C,89,67,33,78,2,1,3,0,2,1,3,2,2,3,3,2
521,2026-06-03T20:28:45.601858+00:00,en,61,C,78,44,44,67,2,1,1,2,1,1,2,1,3,2,3,2
522,2026-06-03T21:55:50.609844+00:00,en,47,S,56,22,11,67,1,0,1,0,1,0,1,3,2,1,2,2
523,2026-06-03T22:24:57.754941+00:00,en,61,I,56,78,89,67,3,2,2,3,2,3,1,2,3,2,2,1
524,2026-06-03T23:12:38.316689+00:00,en,54,I,78,67,89,89,3,1,2,3,2,3,3,2,3,2,2,3
525,2026-06-03T23:35:56.722019+00:00,en,10,I,44,44,56,44,0,3,1,0,3,2,3,0,1,3,0,1
526,2026-06-04T03:39:20.411424+00:00,en,90,S,89,67,67,89,3,1,2,2,1,3,2,3,3,3,2,3
527,2026-06-04T05:42:50.487873+00:00,en,58,C,89,78,67,33,2,2,3,2,2,2,0,2,1,3,2,3
528,2026-06-04T06:41:57.599275+00:00,en,50,S,56,56,33,89,1,2,2,1,1,1,2,3,3,2,1,2
529,2026-06-04T06:56:06.260601+00:00,en,49,S,56,56,33,67,2,2,1,1,0,2,1,3,2,3,1,1
530,2026-06-04T07:30:57.482498+00:00,en,48,D,33,78,0,33,1,3,3,0,0,0,3,0,0,3,0,0
531,2026-06-04T07:31:03.521626+00:00,en,74,I,78,67,89,78,3,1,2,3,2,3,1,3,3,3,2,2
532,2026-06-04T07:31:24.8735+00:00,en,59,C,78,33,22,67,1,0,2,1,0,1,3,0,3,2,3,2
533,2026-06-04T07:45:33.649595+00:00,en,86,C,67,56,11,56,2,1,2,0,1,0,1,1,3,3,1,2
534,2026-06-04T07:45:52.670803+00:00,en,54,S,89,56,78,89,2,1,2,3,2,2,3,2,3,3,3,2
535,2026-06-04T07:48:05.452759+00:00,en,59,C,89,78,78,44,3,2,2,3,2,2,1,0,3,3,3,2
536,2026-06-04T07:48:11.401296+00:00,en,67,S,22,44,78,89,2,1,1,3,2,2,3,2,3,2,0,0
537,2026-06-04T07:53:03.399027+00:00,en,1304,D,67,67,44,67,2,3,1,2,0,2,0,3,3,3,1,2
538,2026-06-04T07:53:08.801633+00:00,en,103,S,33,22,33,67,1,0,1,1,2,0,1,2,3,3,0,0
539,2026-06-04T07:56:50.433126+00:00,,61,S,56,56,33,78,2,2,1,1,0,2,2,3,2,1,3,1
540,2026-06-04T08:00:12.868612+00:00,en,75,C,78,67,22,44,3,2,1,1,0,1,2,1,1,3,2,2
541,2026-06-04T08:00:14.257799+00:00,en,64,S,67,56,56,78,2,1,2,1,2,2,1,3,3,2,1,3
542,2026-06-04T08:20:04.025898+00:00,en,58,S,89,78,78,89,3,2,2,3,1,3,2,3,3,3,2,3
543,2026-06-04T08:25:13.167837+00:00,en,128,S,67,89,33,100,2,3,3,0,2,1,3,3,3,2,2,2
544,2026-06-04T08:31:07.482823+00:00,en,88,S,89,67,78,89,2,2,2,3,1,3,3,2,3,3,3,2
545,2026-06-04T08:43:14.587398+00:00,en,49,D,56,67,67,67,2,2,2,2,2,2,2,2,2,1,2,2
546,2026-06-04T09:32:41.045864+00:00,en,76,S,67,44,0,78,1,2,1,0,0,0,1,3,3,2,2,2
547,2026-06-04T09:37:50.132681+00:00,en,84,S,67,56,78,89,2,2,1,3,2,2,2,3,3,3,1,2
548,2026-06-04T09:38:34.884+00:00,,,S,67,56,33,67,2,1,2,2,1,0,2,2,2,2,2,2
549,2026-06-04T09:39:03.798218+00:00,en,56,D,56,56,0,44,3,1,1,0,0,0,1,2,1,3,0,2
550,2026-06-04T09:47:53.311+00:00,,,S,67,56,33,67,2,1,2,2,1,0,2,2,2,2,2,2
551,2026-06-04T09:48:29.08287+00:00,,61,D,78,100,89,78,3,3,3,3,2,3,1,3,3,3,2,2
552,2026-06-04T09:54:41.156477+00:00,en,62,C,67,33,56,56,2,0,1,2,1,2,1,2,2,2,2,2
553,2026-06-04T10:31:53.343191+00:00,en,53,C,89,78,78,67,3,1,3,2,2,3,2,1,3,3,2,3
554,2026-06-04T12:01:05.914254+00:00,en,53,S,78,44,44,89,2,0,2,1,1,2,3,3,2,2,2,3
555,2026-06-04T12:24:55.063+00:00,en,77,I,56,22,78,67,1,0,1,2,2,3,1,2,3,3,1,1
556,2026-06-04T12:28:15.022028+00:00,en,554,I,22,33,44,22,2,0,1,3,0,1,0,1,1,1,1,0
557,2026-06-04T12:30:07.733033+00:00,en,67,D,67,89,67,44,3,3,2,3,1,2,1,2,1,2,2,2
558,2026-06-04T12:58:42.170637+00:00,en,64,S,56,44,11,56,1,1,2,0,1,0,1,2,2,2,2,1
559,2026-06-04T13:05:06.566391+00:00,en,71,C,78,22,33,56,1,0,1,2,1,0,2,2,1,3,2,2
560,2026-06-04T13:09:24.299955+00:00,en,69,D,33,67,22,22,2,2,2,1,0,1,0,2,0,2,1,0
561,2026-06-04T13:09:32.699565+00:00,en,13,I,56,44,67,44,1,3,0,3,0,3,1,2,1,3,0,2
562,2026-06-04T13:40:02.256679+00:00,en,96,D,67,78,44,67,3,1,3,1,0,3,2,3,1,2,2,2
563,2026-06-04T14:07:30.358373+00:00,en,45,C,100,67,67,89,3,1,2,2,2,2,3,2,3,3,3,3
564,2026-06-04T14:23:29.193474+00:00,en,61,I,89,56,100,56,2,1,2,3,3,3,0,2,3,3,2,3
565,2026-06-04T15:49:16.645181+00:00,en,44,D,44,67,11,56,2,1,3,0,0,1,3,2,0,0,2,2
566,2026-06-04T16:05:07.462176+00:00,en,144,C,89,56,78,56,2,2,1,3,2,2,2,2,1,3,2,3
567,2026-06-04T16:49:54.569651+00:00,en,160,D,22,78,22,56,3,2,2,1,1,0,2,3,0,0,2,0
568,2026-06-04T17:35:32.823498+00:00,en,87,S,89,67,44,89,2,1,3,2,1,1,2,3,3,3,2,3
569,2026-06-04T17:55:54.49126+00:00,en,37,D,78,100,67,33,3,3,3,1,2,3,1,0,2,3,1,3
570,2026-06-04T18:11:24.966501+00:00,en,161,C,89,67,67,67,3,3,0,3,2,1,2,2,2,2,3,3
571,2026-06-04T18:48:51.029014+00:00,en,36,S,100,11,22,100,1,0,0,2,0,0,3,3,3,3,3,3
572,2026-06-04T19:07:42.202456+00:00,en,61,D,100,100,78,78,3,3,3,2,2,3,2,2,3,3,3,3
573,2026-06-04T19:27:41.741284+00:00,en,12,C,56,33,33,44,0,1,2,1,2,0,3,0,1,2,0,3
574,2026-06-04T23:06:43.283578+00:00,en,106,S,67,78,67,89,3,2,2,3,2,1,2,3,3,3,2,1
575,2026-06-04T23:42:21.312944+00:00,en,82,D,78,89,89,78,3,2,3,3,3,2,1,3,3,3,2,2
576,2026-06-05T00:03:10.618165+00:00,en,51,D,22,78,56,33,2,2,3,2,1,2,0,2,1,1,0,1
577,2026-06-05T01:01:42.101069+00:00,en,142,S,78,44,67,78,2,1,1,2,1,3,3,2,2,2,3,2
578,2026-06-05T01:35:40.80276+00:00,en,75,C,100,33,22,67,2,0,1,1,1,0,3,3,0,3,3,3
579,2026-06-05T02:41:37.914843+00:00,,69,C,78,67,67,67,2,2,2,2,2,2,2,2,2,2,3,2
580,2026-06-05T03:04:13.72024+00:00,en,69,D,11,89,33,33,3,3,2,1,1,1,1,2,0,0,0,1
581,2026-06-05T03:08:04.936006+00:00,en,122,D,44,89,67,67,3,2,3,3,2,1,1,2,3,3,0,1
582,2026-06-05T06:26:12.14327+00:00,en,35,C,89,78,22,78,2,2,3,1,0,1,2,2,3,3,3,2
583,2026-06-05T08:01:59.706531+00:00,,39,C,100,78,11,56,3,3,1,0,0,1,0,3,2,3,3,3
584,2026-06-05T09:54:47.302409+00:00,en,1204,S,78,22,44,78,1,0,1,1,2,1,2,3,2,3,2,2
585,2026-06-05T10:50:18.825011+00:00,en,946,D,56,78,78,56,2,2,3,2,2,3,0,2,3,2,2,1
586,2026-06-05T11:17:12.332112+00:00,en,89,I,89,78,100,78,3,2,2,3,3,3,2,2,3,3,3,2
587,2026-06-05T11:17:26.959153+00:00,en,90,I,78,78,100,56,3,3,1,3,3,3,1,3,1,3,1,3
588,2026-06-05T11:23:16.340169+00:00,en,79,C,100,22,44,44,0,1,1,2,1,1,0,1,3,3,3,3
589,2026-06-05T11:23:47.318497+00:00,en,143,C,100,89,78,67,2,3,3,2,3,2,2,3,1,3,3,3
590,2026-06-05T11:24:44.717658+00:00,en,135,I,78,56,78,56,2,1,2,3,2,2,0,3,2,3,1,3
591,2026-06-05T11:24:55.475873+00:00,en,188,C,100,78,44,33,3,1,3,3,1,0,0,2,1,3,3,3
592,2026-06-05T11:25:18.719276+00:00,en,199,I,89,56,100,89,1,3,1,3,3,3,3,2,3,3,3,2
593,2026-06-05T11:25:24.466472+00:00,en,134,C,100,67,78,67,3,3,0,3,3,1,2,3,1,3,3,3
594,2026-06-05T11:25:35.972867+00:00,en,371,D,78,100,89,33,3,3,3,3,2,3,0,0,3,2,3,2
595,2026-06-05T11:25:37.972584+00:00,en,216,I,89,56,100,89,1,3,1,3,3,3,3,2,3,3,3,2
596,2026-06-05T11:25:56.680668+00:00,en,205,I,67,56,67,56,1,3,1,3,1,2,1,3,1,3,2,1
597,2026-06-05T11:25:58.342555+00:00,en,210,S,78,33,56,89,0,2,1,1,3,1,3,3,2,3,1,3
598,2026-06-05T11:26:23.8171+00:00,en,241,D,78,78,78,56,3,2,2,3,2,2,3,0,2,3,3,1
599,2026-06-05T11:27:27.73646+00:00,en,223,C,100,78,78,89,2,2,3,2,2,3,2,3,3,3,3,3
600,2026-06-05T11:27:30.381452+00:00,en,274,C,89,56,67,78,2,2,1,3,2,1,2,2,3,3,3,2
601,2026-06-05T11:27:49.065+00:00,,,S,89,78,67,89,3,3,1,3,2,1,2,3,3,3,2,3
602,2026-06-05T11:28:41.707705+00:00,en,397,C,89,67,67,78,2,3,1,3,1,2,3,1,3,3,3,2
603,2026-06-05T11:28:45.712663+00:00,en,427,I,33,33,78,44,1,2,0,3,2,2,1,0,3,0,1,2
604,2026-06-05T11:29:25.972736+00:00,en,83,I,89,78,89,89,3,2,2,3,3,2,2,3,3,3,3,2
605,2026-06-05T11:30:58.662507+00:00,en,152,S,89,78,78,100,1,3,3,3,2,2,3,3,3,2,3,3
606,2026-06-05T11:31:30.820624+00:00,en,391,S,78,11,78,89,0,1,0,3,2,2,2,3,3,3,3,1
607,2026-06-05T11:50:33.277093+00:00,en,171,I,67,67,89,56,3,3,0,2,3,3,2,0,3,3,3,0
608,2026-06-05T11:51:25.182716+00:00,en,138,I,100,56,100,78,0,2,3,3,3,3,3,1,3,3,3,3
609,2026-06-05T11:56:25.209264+00:00,en,141,I,100,44,100,78,3,1,0,3,3,3,1,3,3,3,3,3
610,2026-06-05T11:58:34.279079+00:00,en,114,C,100,89,56,89,2,3,3,3,2,0,2,3,3,3,3,3
611,2026-06-05T12:01:25.034285+00:00,en,110,I,100,67,100,100,3,3,0,3,3,3,3,3,3,3,3,3
612,2026-06-05T12:03:44.993+00:00,,,I,44,56,89,89,1,1,3,2,3,3,3,2,3,2,1,1
613,2026-06-05T12:08:04.926711+00:00,en,101,S,44,33,56,100,1,2,0,1,2,2,3,3,3,1,0,3
614,2026-06-05T12:46:38.587+00:00,,,S,78,67,11,89,2,2,2,0,0,1,3,2,3,3,2,2
615,2026-06-05T12:49:06.776353+00:00,,67,C,100,33,67,89,2,0,1,2,2,2,2,3,3,3,3,3
616,2026-06-05T12:52:26.523262+00:00,en,44,I,78,56,100,56,2,1,2,3,3,3,0,2,3,3,1,3
617,2026-06-05T13:49:45.216948+00:00,en,71,S,100,44,56,100,3,1,0,2,1,2,3,3,3,3,3,3
618,2026-06-05T13:56:32.605642+00:00,en,271,D,56,78,78,67,3,2,2,3,2,2,1,2,3,2,1,2
619,2026-06-05T14:19:13.662097+00:00,en,217,I,67,44,100,44,0,3,1,3,3,3,3,1,0,3,0,3
620,2026-06-05T16:41:31.360847+00:00,en,104,D,67,78,78,33,3,2,2,3,2,2,0,1,2,2,1,3
621,2026-06-05T17:01:53.016142+00:00,en,55,D,89,89,78,33,3,3,2,3,2,2,1,1,1,3,2,3
622,2026-06-05T17:02:09.993467+00:00,en,75,I,56,67,78,56,2,2,2,3,2,2,1,2,2,2,1,2
623,2026-06-05T17:11:30.767+00:00,,,I,67,22,89,67,1,1,0,3,2,3,0,3,3,3,3,0
624,2026-06-05T17:51:24.332721+00:00,en,50,D,56,78,78,44,2,2,3,2,2,3,1,1,2,2,1,2
625,2026-06-05T18:01:59.649534+00:00,en,7,S,100,67,89,100,1,3,2,3,2,3,3,3,3,3,3,3
626,2026-06-05T18:50:49.985305+00:00,en,64,D,44,67,67,44,3,1,2,2,1,3,0,3,1,1,2,1
627,2026-06-05T20:14:44.976235+00:00,en,114,D,67,67,22,67,1,2,3,0,1,1,2,2,2,2,2,2
628,2026-06-06T00:35:03.125697+00:00,en,76,S,67,22,11,67,1,0,1,0,0,1,3,2,1,2,2,2
629,2026-06-06T07:48:17.863871+00:00,en,90,D,67,100,100,78,3,3,3,3,3,3,3,3,1,1,2,3
630,2026-06-06T08:16:54.195187+00:00,en,56,S,89,33,0,89,2,0,1,0,0,0,3,3,2,3,3,2
631,2026-06-06T11:53:37.7429+00:00,en,51,I,89,78,100,78,3,2,2,3,3,3,2,3,2,3,2,3
632,2026-06-06T14:16:12.343707+00:00,en,68,I,67,67,78,67,3,2,1,2,2,3,1,2,3,3,2,1
633,2026-06-06T15:11:56.140674+00:00,en,71,C,78,56,56,67,2,1,2,2,2,1,1,3,2,3,2,2
634,2026-06-06T16:31:50.156489+00:00,en,105,D,67,89,0,33,3,3,2,0,0,0,3,0,0,1,2,3
635,2026-06-06T19:41:06.078592+00:00,en,73,C,78,67,67,67,2,2,2,1,2,3,2,2,2,3,2,2
636,2026-06-06T19:53:28.131512+00:00,en,79,C,67,11,22,56,0,0,1,0,1,1,2,0,3,3,1,2
637,2026-06-06T21:18:30.797993+00:00,en,109,S,67,11,11,67,0,0,1,0,0,1,2,3,1,2,1,3
638,2026-06-06T23:32:06.579395+00:00,en,89,D,67,67,33,67,2,2,2,0,2,1,2,2,2,2,2,2
639,2026-06-07T02:26:10.791704+00:00,en,36,S,67,22,22,67,2,0,0,0,0,2,2,2,2,2,2,2
640,2026-06-07T02:40:02.271756+00:00,en,40,I,56,44,67,67,1,2,1,3,2,1,1,2,3,2,1,2
641,2026-06-07T03:30:24.71862+00:00,en,84,D,0,89,89,56,3,3,2,3,3,2,1,1,3,0,0,0
642,2026-06-07T07:15:02.864795+00:00,en,49,S,67,22,22,89,1,0,1,0,2,0,3,2,3,2,3,1
643,2026-06-07T08:55:10.016257+00:00,,161,C,56,33,11,44,1,1,1,0,0,1,1,1,2,2,1,2
644,2026-06-07T09:03:57.564146+00:00,en,57,D,33,78,56,56,2,3,2,1,2,2,1,2,2,1,1,1
645,2026-06-07T10:45:45.33542+00:00,en,43,S,78,11,33,78,1,0,0,1,0,2,2,2,3,3,2,2
646,2026-06-07T11:57:58.640459+00:00,en,43,C,100,44,11,78,2,1,1,1,0,0,2,3,2,3,3,3
647,2026-06-07T13:14:51.61893+00:00,en,136,C,67,22,44,11,0,1,1,3,1,0,0,0,1,1,3,2
648,2026-06-07T16:00:31.063027+00:00,,94,D,0,67,33,22,1,3,2,1,1,1,0,1,1,0,0,0
649,2026-06-07T16:02:45.448+00:00,,,C,100,22,56,78,1,0,1,0,2,3,3,1,3,3,3,3
650,2026-06-07T16:02:45.856106+00:00,en,88,C,100,22,56,78,1,0,1,0,2,3,3,1,3,3,3,3
651,2026-06-07T18:49:09.568404+00:00,en,382,S,78,44,56,89,1,2,1,2,2,1,3,2,3,3,2,2
652,2026-06-07T18:54:11.386967+00:00,en,94,I,78,56,78,78,2,1,2,3,2,2,1,3,3,3,2,2
653,2026-06-07T19:32:30.774+00:00,,,C,78,67,0,67,3,1,2,0,0,0,2,2,2,2,2,3
654,2026-06-07T19:32:31.74348+00:00,en,103,C,78,67,0,67,3,1,2,0,0,0,2,2,2,2,2,3
655,2026-06-07T20:02:31.0461+00:00,,133,I,22,22,89,78,0,1,1,2,3,3,1,3,3,0,1,1
656,2026-06-07T20:11:39.866079+00:00,en,128,D,56,100,78,67,3,3,3,3,2,2,0,3,3,3,2,0
657,2026-06-07T21:40:45.726232+00:00,,30,S,100,0,0,100,0,0,0,0,0,0,3,3,3,3,3,3
658,2026-06-07T21:50:21.491403+00:00,en,68,I,67,44,67,56,1,1,2,2,1,3,1,2,2,2,2,2
659,2026-06-07T22:43:52.675093+00:00,,41,S,67,33,0,89,1,1,1,0,0,0,3,2,3,3,1,2
660,2026-06-07T23:11:04.862884+00:00,en,76,I,56,56,89,89,2,1,2,3,2,3,2,3,3,2,1,2
661,2026-06-07T23:47:24.225452+00:00,en,69,S,44,11,11,67,0,1,0,0,0,1,2,2,2,2,1,1
662,2026-06-08T04:05:32.140812+00:00,,686,I,44,56,89,33,2,1,2,3,3,2,0,1,2,2,1,1
663,2026-06-08T05:10:54.918487+00:00,en,90,S,78,33,44,78,1,1,1,2,1,1,1,3,3,3,1,3
664,2026-06-08T07:57:17.935+00:00,,,S,100,67,44,100,3,1,2,0,2,2,3,3,3,3,3,3
665,2026-06-08T07:57:18.149666+00:00,en,114,S,100,67,44,100,3,1,2,0,2,2,3,3,3,3,3,3
666,2026-06-08T09:08:43.599222+00:00,en,58,I,67,56,78,33,2,1,2,2,3,2,2,0,1,2,2,2
667,2026-06-08T09:25:14.616816+00:00,en,82,I,44,67,89,44,2,1,3,3,2,3,1,0,3,2,1,1
668,2026-06-08T09:34:43.418294+00:00,,152,C,78,22,33,56,1,0,1,1,1,1,1,2,2,2,2,3
669,2026-06-08T12:44:39.220065+00:00,en,85,C,100,78,56,89,3,1,3,0,2,3,3,2,3,3,3,3
670,2026-06-08T13:21:18.205882+00:00,en,53,C,78,33,11,56,1,0,2,1,0,0,0,2,3,3,1,3
671,2026-06-08T15:34:59.208798+00:00,en,49,D,67,89,56,56,3,2,3,2,2,1,3,1,1,1,2,3
672,2026-06-08T15:56:50.406839+00:00,en,53,I,44,56,78,44,2,2,1,3,2,2,0,2,2,1,1,2
673,2026-06-08T15:59:34.375739+00:00,en,61,S,67,33,22,89,1,1,1,1,0,1,2,3,3,2,2,2
674,2026-06-08T17:15:17.086989+00:00,en,44,C,100,44,56,33,2,1,1,3,2,0,0,3,0,3,3,3
675,2026-06-08T17:15:33.059377+00:00,en,45,D,67,78,67,56,2,3,2,1,2,3,3,1,1,2,3,1
676,2026-06-08T17:15:35.705303+00:00,en,70,S,44,56,78,89,1,2,2,3,1,3,2,3,3,2,1,1
677,2026-06-08T17:15:36.319698+00:00,en,51,D,22,100,56,11,3,3,3,1,1,3,0,1,0,2,0,0
678,2026-06-08T17:15:43.926445+00:00,en,60,D,67,67,44,56,2,2,2,1,1,2,1,1,3,2,2,2
679,2026-06-08T17:16:09.236845+00:00,en,86,C,78,44,44,56,2,1,1,3,0,1,2,2,1,3,2,2
680,2026-06-08T17:16:23.016029+00:00,en,106,D,100,100,78,56,3,3,3,2,2,3,1,2,2,3,3,3
681,2026-06-08T17:16:23.676601+00:00,en,76,C,78,56,56,56,1,2,2,2,1,2,1,2,2,3,1,3
682,2026-06-08T17:16:37.528803+00:00,en,70,I,56,22,89,67,1,0,1,3,3,2,3,1,2,0,3,2
683,2026-06-08T17:16:59.012242+00:00,en,55,S,78,33,44,89,1,0,2,2,2,0,3,2,3,3,1,3
684,2026-06-08T17:17:12.755384+00:00,en,143,C,89,78,78,67,3,2,2,3,2,2,2,2,2,3,2,3
685,2026-06-08T17:17:35.520234+00:00,en,118,S,89,78,78,89,3,3,1,3,1,3,2,3,3,3,2,3
686,2026-06-08T17:18:38.947668+00:00,en,53,S,67,44,11,89,2,1,1,0,1,0,3,3,2,3,1,2
687,2026-06-08T17:18:59.259408+00:00,en,7,I,100,78,100,100,1,3,3,3,3,3,3,3,3,3,3,3
688,2026-06-08T17:18:59.993763+00:00,en,203,C,89,78,78,56,3,2,2,3,2,2,1,3,1,3,2,3
689,2026-06-08T17:20:18.293487+00:00,en,56,D,56,78,44,56,3,2,2,2,2,0,2,1,2,2,1,2
690,2026-06-08T17:21:03.217333+00:00,en,101,I,56,56,78,67,1,1,3,1,3,3,0,3,3,1,1,3
691,2026-06-08T17:22:03.072338+00:00,en,61,D,56,89,56,56,3,3,2,2,1,2,2,1,2,2,1,2
692,2026-06-08T17:22:03.186687+00:00,en,70,S,67,56,56,89,2,2,1,1,2,2,2,3,3,3,1,2
693,2026-06-08T17:29:31.517298+00:00,en,38,C,67,33,56,56,1,1,1,2,1,2,1,2,2,2,2,2
694,2026-06-08T17:35:50.545396+00:00,en,43,S,56,33,67,100,1,0,2,2,1,3,3,3,3,2,2,1
695,2026-06-08T18:00:12.704332+00:00,en,45,C,78,67,22,56,2,1,3,0,1,1,2,1,2,2,3,2
696,2026-06-08T18:07:53.173654+00:00,en,76,I,67,44,78,56,1,1,2,2,2,3,0,2,3,2,2,2
697,2026-06-08T19:22:04.583417+00:00,en,153,I,33,33,56,44,0,0,3,2,2,1,2,1,1,0,1,2
698,2026-06-08T21:51:23.937417+00:00,en,56,S,56,44,33,56,3,1,0,1,0,2,1,2,2,2,1,2
699,2026-06-08T22:52:16.547582+00:00,en,57,C,78,44,22,56,3,0,1,1,0,1,2,3,0,1,3,3
700,2026-06-09T02:02:04.852073+00:00,en,55,D,44,78,78,33,2,2,3,2,2,3,0,1,2,2,0,2
701,2026-06-09T04:40:36.424+00:00,,,S,89,67,89,100,3,0,3,3,2,3,3,3,3,3,2,3
702,2026-06-09T04:40:36.930834+00:00,en,72,S,89,67,89,100,3,0,3,3,2,3,3,3,3,3,2,3
703,2026-06-09T05:02:56.282743+00:00,,41,D,100,100,78,100,3,3,3,3,1,3,3,3,3,3,3,3
704,2026-06-09T05:12:55.74597+00:00,en,8,I,11,11,22,22,0,0,1,1,1,0,1,0,1,0,1,0
705,2026-06-09T06:46:02.964268+00:00,en,163,I,22,33,56,33,1,1,1,1,1,3,2,0,1,0,0,2
706,2026-06-09T07:40:32.582648+00:00,en,78,I,78,67,89,89,2,1,3,3,2,3,3,2,3,3,3,1
707,2026-06-09T07:58:37.599511+00:00,en,68,D,67,100,11,44,3,3,3,0,0,1,1,1,2,3,1,2
708,2026-06-09T08:02:04.369198+00:00,en,149,D,67,78,33,22,3,2,2,1,1,1,0,2,0,2,2,2
709,2026-06-09T08:08:57.022971+00:00,en,64,C,100,56,44,33,2,0,3,1,0,3,1,1,1,3,3,3
710,2026-06-09T11:16:44.479523+00:00,en,97,C,67,44,56,56,2,1,1,2,1,2,1,2,2,2,2,2
711,2026-06-09T12:39:31.880171+00:00,en,80,D,89,89,67,78,3,2,3,3,1,2,1,3,3,3,2,3
712,2026-06-09T12:41:24.871199+00:00,en,33,D,100,100,67,100,3,3,3,2,1,3,3,3,3,3,3,3
713,2026-06-09T13:28:22.39199+00:00,en,86,D,22,67,33,56,2,1,3,1,1,1,3,2,0,1,0,1
714,2026-06-09T13:29:59.479709+00:00,en,54,D,44,78,78,33,2,2,3,2,2,3,1,2,0,1,1,2
715,2026-06-09T13:35:50.943737+00:00,en,60,D,89,100,67,22,3,3,3,2,2,2,0,1,1,2,3,3
716,2026-06-09T14:14:33.62908+00:00,en,60,S,56,33,56,78,1,0,2,1,2,2,3,1,3,2,2,1
717,2026-06-09T14:41:49.503272+00:00,en,58,S,78,44,22,89,2,1,1,0,0,2,3,2,3,2,3,2
718,2026-06-09T15:12:34.811829+00:00,en,56,C,89,56,44,33,2,1,2,2,1,1,0,2,1,3,2,3
719,2026-06-09T15:14:52.276118+00:00,en,69,C,78,67,56,56,3,1,2,2,2,1,3,1,1,3,2,2
720,2026-06-09T15:21:04.61249+00:00,en,104,D,56,89,33,67,3,3,2,2,0,1,3,2,1,3,1,1
721,2026-06-09T15:58:58.349608+00:00,en,89,I,56,67,89,78,3,1,2,2,3,3,2,2,3,1,2,2
722,2026-06-09T16:05:14.936129+00:00,en,40,C,78,33,33,67,1,1,1,1,0,2,2,1,3,3,2,2
723,2026-06-09T16:05:37.90998+00:00,en,53,C,89,78,67,78,3,2,2,1,2,3,2,2,3,3,3,2
724,2026-06-09T16:05:51.804082+00:00,en,72,I,44,44,67,22,2,1,1,2,2,2,0,1,1,2,1,1
725,2026-06-09T16:06:25.069737+00:00,en,112,C,89,22,0,44,1,0,1,0,0,0,1,0,3,3,2,3
726,2026-06-09T16:06:54.009248+00:00,en,114,C,89,67,33,67,2,2,2,2,1,0,1,2,3,3,2,3
727,2026-06-09T16:08:40.825654+00:00,en,71,D,44,67,67,56,2,2,2,2,2,2,1,2,2,1,2,1
728,2026-06-09T16:58:39.977169+00:00,en,37,I,67,44,100,78,1,0,3,3,3,3,2,3,2,2,3,1
729,2026-06-09T17:09:02.285874+00:00,en,53,I,67,67,78,67,2,2,2,3,2,2,3,2,1,2,2,2
730,2026-06-09T17:09:20.510215+00:00,en,98,D,56,67,44,56,3,1,2,1,1,2,2,2,1,2,1,2
731,2026-06-09T17:12:35.79339+00:00,en,95,S,67,33,89,100,2,0,1,3,2,3,3,3,3,2,2,2
732,2026-06-09T17:13:25.168644+00:00,en,59,S,67,22,33,100,2,0,0,1,0,2,3,3,3,2,2,2
733,2026-06-09T17:13:38.467586+00:00,en,77,S,89,33,22,89,1,0,2,0,0,2,3,3,2,3,2,3
734,2026-06-09T17:13:50.113783+00:00,en,99,S,78,56,33,89,3,1,1,0,1,2,3,3,2,3,2,2
735,2026-06-09T17:13:50.123894+00:00,en,115,I,67,67,78,56,2,2,2,3,2,2,2,3,0,2,2,2
736,2026-06-09T17:14:31.440622+00:00,en,98,C,78,56,33,33,2,1,2,2,1,0,1,2,0,3,2,2
737,2026-06-09T17:14:39.038451+00:00,en,101,C,78,33,11,56,2,0,1,1,0,0,1,3,1,3,1,3
738,2026-06-09T17:14:56.633137+00:00,en,115,I,56,44,78,44,1,1,2,3,2,2,1,2,1,2,1,2
739,2026-06-09T17:15:39.780381+00:00,en,158,S,89,22,67,89,1,0,1,2,2,2,2,3,3,3,3,2
740,2026-06-09T17:15:43.913993+00:00,en,77,I,56,78,89,44,2,2,3,2,3,3,1,0,3,2,0,3
741,2026-06-09T17:16:21.000157+00:00,en,114,C,78,33,22,44,2,0,1,1,0,1,2,2,0,3,2,2
742,2026-06-09T17:16:44.99245+00:00,en,130,C,67,33,22,22,1,1,1,1,0,1,0,1,1,3,2,1
743,2026-06-09T17:37:41.800416+00:00,en,25,D,67,100,78,78,3,3,3,3,2,2,3,2,2,2,2,2
744,2026-06-09T17:59:25.357294+00:00,en,239,C,78,67,33,67,3,2,1,2,0,1,2,1,3,2,3,2
745,2026-06-09T17:59:32.646926+00:00,en,77,D,67,67,11,67,1,3,2,0,0,1,2,2,2,3,2,1
746,2026-06-09T18:04:44.954878+00:00,,109,C,67,44,56,44,2,1,1,2,2,1,1,2,1,3,1,2
747,2026-06-09T18:20:29.337038+00:00,en,246,D,56,67,44,22,3,2,1,1,1,2,0,1,1,2,1,2
748,2026-06-09T19:26:49.127247+00:00,en,68,D,33,67,44,56,2,2,2,1,1,2,2,2,1,2,0,1
749,2026-06-09T19:30:52.638923+00:00,en,60,C,67,22,11,56,1,0,1,0,0,1,1,2,2,3,1,2
750,2026-06-09T19:31:18.072851+00:00,en,93,C,100,89,78,44,3,3,2,3,2,2,0,3,1,3,3,3
751,2026-06-09T19:51:51.357562+00:00,en,46,C,89,78,78,78,2,2,3,2,2,3,3,3,1,3,2,3
752,2026-06-09T20:23:29.466629+00:00,en,43,D,44,100,89,44,3,3,3,3,2,3,0,1,3,2,1,1
753,2026-06-09T23:25:40.489194+00:00,en,141,S,100,44,22,100,2,0,2,2,0,0,3,3,3,3,3,3
754,2026-06-09T23:43:37.412029+00:00,en,138,C,78,67,44,44,2,1,3,1,1,2,2,1,1,3,2,2
755,2026-06-10T00:22:31.627853+00:00,en,86,S,100,22,22,100,1,0,1,1,0,1,3,3,3,3,3,3
756,2026-06-10T01:11:00.872719+00:00,en,92,C,67,44,22,56,1,1,2,1,0,1,3,1,1,2,2,2
757,2026-06-10T01:12:06.110892+00:00,en,337,I,22,44,78,67,1,1,2,2,2,3,2,1,3,1,0,1
758,2026-06-10T02:12:54.8564+00:00,en,17,S,22,56,44,67,3,0,2,1,3,0,2,1,3,0,2,0
759,2026-06-10T02:47:54.732472+00:00,en,6,D,44,78,33,33,1,3,3,1,1,1,1,1,1,1,1,2
760,2026-06-10T02:55:46.565249+00:00,en,69,C,78,56,22,56,2,0,3,0,2,0,2,3,0,2,2,3
761,2026-06-10T06:59:06.892441+00:00,en,152,D,33,67,56,67,3,2,1,1,2,2,2,3,1,0,2,1
762,2026-06-10T07:34:48.604322+00:00,en,75,I,33,11,89,78,0,0,1,3,2,3,3,1,3,0,0,3
763,2026-06-10T07:43:34.844413+00:00,,97,S,56,22,0,78,1,0,1,0,0,0,3,2,2,1,2,2
764,2026-06-10T08:27:48.230533+00:00,en,98,S,22,33,22,56,1,2,0,2,0,0,1,1,3,1,1,0
765,2026-06-10T10:55:20.470652+00:00,en,56,C,100,67,44,89,3,0,3,2,0,2,3,3,2,3,3,3
766,2026-06-10T11:51:22.698363+00:00,,82,C,89,67,33,56,3,1,2,1,1,1,2,1,2,3,2,3
767,2026-06-10T12:11:33.352227+00:00,en,73,C,78,56,11,44,1,1,3,0,0,1,1,1,2,2,2,3
768,2026-06-10T12:57:47.971225+00:00,en,94,C,100,67,67,78,3,0,3,3,2,1,3,3,1,3,3,3
769,2026-06-10T14:12:08.596005+00:00,en,62,C,89,67,56,44,2,3,1,2,0,3,3,0,1,3,2,3
770,2026-06-10T14:20:28.164234+00:00,en,38,D,56,78,67,67,3,3,1,3,1,2,1,3,2,2,1,2
771,2026-06-10T14:39:10.586418+00:00,,103,I,44,56,78,33,2,1,2,2,2,3,0,2,1,1,1,2
772,2026-06-10T15:41:52.049672+00:00,en,69,C,89,78,0,44,3,1,3,0,0,0,0,1,3,3,2,3
773,2026-06-10T16:19:14.112495+00:00,en,93,I,67,67,100,44,2,1,3,3,3,3,2,1,1,2,2,2
774,2026-06-10T16:35:06.103941+00:00,en,72,C,89,22,67,78,1,0,1,2,2,2,3,1,3,3,2,3
775,2026-06-10T16:37:31.377695+00:00,en,84,C,78,67,33,67,3,2,1,1,1,1,2,3,1,3,2,2
776,2026-06-10T16:43:56.393637+00:00,en,94,C,89,44,78,56,3,0,1,2,2,3,2,1,2,2,3,3
777,2026-06-10T16:44:33.139628+00:00,en,63,C,89,67,11,67,3,2,1,0,1,0,2,3,1,3,2,3
778,2026-06-10T17:55:26.441465+00:00,en,70,D,67,78,33,67,2,2,3,2,1,0,2,3,1,2,2,2
779,2026-06-10T18:12:46.542728+00:00,en,61,S,78,44,33,89,2,0,2,1,1,1,3,3,2,3,2,2
780,2026-06-10T18:53:01.756577+00:00,,87,D,44,100,67,33,3,3,3,2,2,2,1,2,0,2,1,1
781,2026-06-10T19:02:55.013257+00:00,en,79,S,67,33,22,89,2,0,1,0,0,2,3,2,3,2,2,2
782,2026-06-10T19:08:47.303453+00:00,en,89,S,78,22,0,78,1,0,1,0,0,0,2,2,3,3,1,3
783,2026-06-10T20:10:46.712495+00:00,,129,C,78,44,11,33,2,1,1,0,0,1,3,0,0,3,1,3
784,2026-06-10T20:25:43.893+00:00,,,C,100,56,22,56,3,0,2,1,0,1,2,1,2,3,3,3
785,2026-06-10T20:25:44.503779+00:00,en,36,C,100,56,22,56,3,0,2,1,0,1,2,1,2,3,3,3
786,2026-06-10T22:10:35.546151+00:00,en,51,I,33,33,56,44,1,0,2,1,1,3,0,2,2,1,0,2
787,2026-06-10T22:11:25.917652+00:00,en,75,S,67,78,78,89,2,3,2,3,2,2,2,3,3,2,2,2
788,2026-06-10T22:49:01.378244+00:00,en,51,I,78,56,78,56,2,1,2,3,2,2,2,1,2,3,1,3
789,2026-06-10T22:54:39.468+00:00,,,D,56,67,67,67,2,1,3,2,2,2,3,2,1,2,2,1
790,2026-06-10T22:54:39.857244+00:00,en,39,D,56,67,67,67,2,1,3,2,2,2,3,2,1,2,2,1
791,2026-06-10T22:58:32.933825+00:00,en,174,I,78,44,78,67,2,1,1,3,2,2,1,3,2,3,2,2
792,2026-06-10T23:07:14.726643+00:00,en,60,D,67,78,22,22,3,2,2,1,0,1,0,2,0,3,1,2
793,2026-06-10T23:21:02.421633+00:00,en,76,I,78,33,78,78,1,1,1,2,2,3,1,3,3,2,2,3
794,2026-06-10T23:30:45.938491+00:00,en,95,S,67,33,11,67,2,0,1,1,0,0,2,2,2,2,2,2
795,2026-06-10T23:36:27.160836+00:00,en,103,C,100,56,78,67,2,1,2,1,3,3,2,1,3,3,3,3
796,2026-06-10T23:41:09.472208+00:00,en,41,D,22,100,100,33,3,3,3,3,3,3,1,1,1,1,1,0
797,2026-06-10T23:52:20.394135+00:00,en,55,I,33,56,67,33,2,1,2,2,2,2,1,2,0,1,1,1
798,2026-06-11T00:00:11.602946+00:00,en,44,D,56,78,67,56,3,1,3,1,2,3,2,1,2,2,2,1
799,2026-06-11T03:08:22.223171+00:00,en,79,S,44,56,56,89,2,1,2,2,1,2,3,3,2,0,2,2
800,2026-06-11T03:08:38.093839+00:00,en,42,S,67,33,67,89,1,1,1,2,2,2,2,3,3,2,2,2
801,2026-06-11T04:42:58.213154+00:00,en,40,C,89,56,0,67,2,2,1,0,0,0,3,1,2,3,3,2
802,2026-06-11T09:05:24.594624+00:00,en,11,S,22,33,44,67,1,2,0,3,1,0,1,3,2,1,0,1
803,2026-06-11T09:52:47.566037+00:00,,51,S,67,0,44,89,0,0,0,2,2,0,2,3,3,2,2,2
804,2026-06-11T09:55:58.401488+00:00,en,11,C,100,33,78,78,0,2,1,2,2,3,2,3,2,3,3,3
805,2026-06-11T11:43:14.121038+00:00,en,12,D,11,56,44,44,1,1,3,0,1,3,0,1,3,0,1,0
806,2026-06-11T11:47:13.683595+00:00,en,26,C,89,78,33,67,3,1,3,0,1,2,3,1,2,3,3,2
807,2026-06-11T11:49:21.862602+00:00,en,56,S,89,67,78,89,2,1,3,2,2,3,3,2,3,3,3,2
808,2026-06-11T11:50:50.977735+00:00,en,45,S,78,22,56,89,1,0,1,2,1,2,2,3,3,3,2,2
809,2026-06-11T12:03:15.819486+00:00,en,52,S,44,67,22,78,1,3,2,0,0,2,3,1,3,2,1,1
810,2026-06-11T12:12:26.936175+00:00,en,80,S,56,33,33,56,2,1,0,0,2,1,2,1,2,2,2,1
811,2026-06-11T12:16:15.900779+00:00,en,71,D,89,89,44,89,3,2,3,1,1,2,3,3,2,2,3,3
812,2026-06-11T12:16:43.832257+00:00,en,49,D,11,100,56,56,3,3,3,1,2,2,1,2,2,0,0,1
813,2026-06-11T12:28:43.759087+00:00,en,94,S,78,33,56,78,1,1,1,1,1,3,3,1,3,2,2,3
814,2026-06-11T12:33:37.700084+00:00,en,61,D,89,89,11,56,2,3,3,0,0,1,2,1,2,3,2,3
815,2026-06-11T12:38:31.637519+00:00,en,60,D,56,100,78,78,3,3,3,3,2,2,2,2,3,3,2,0
816,2026-06-11T12:56:47.431629+00:00,en,41,S,56,44,67,100,1,1,2,2,2,2,3,3,3,2,2,1
817,2026-06-11T12:59:31.181589+00:00,en,55,I,78,56,78,78,2,1,2,2,2,3,2,2,3,3,2,2
818,2026-06-11T13:01:33.909919+00:00,en,56,S,44,44,56,78,1,1,2,3,0,2,3,3,1,1,2,1
819,2026-06-11T13:10:53.385657+00:00,en,92,D,44,44,33,33,2,1,1,2,1,0,2,1,0,2,1,1
820,2026-06-11T13:17:22.433357+00:00,en,52,D,89,89,33,78,3,2,3,1,0,2,3,1,3,3,3,2
821,2026-06-11T13:17:31.871287+00:00,en,107,I,33,56,67,44,2,1,2,3,1,2,2,1,1,0,2,1
822,2026-06-11T13:21:58.219081+00:00,en,129,S,67,33,67,89,2,0,1,2,2,2,3,2,3,2,1,3
823,2026-06-11T13:23:43.833773+00:00,en,88,D,67,78,33,67,3,2,2,1,1,1,2,3,1,2,2,2
824,2026-06-11T13:48:10.147718+00:00,en,72,C,89,33,0,78,2,0,1,0,0,0,1,3,3,3,2,3
825,2026-06-11T13:48:55.401527+00:00,en,81,C,100,44,33,67,3,0,1,3,0,0,0,3,3,3,3,3
826,2026-06-11T13:52:38.333886+00:00,en,71,I,67,78,89,89,3,2,2,3,2,3,2,3,3,2,2,2
827,2026-06-11T14:03:24.878642+00:00,en,66,C,100,78,56,89,3,1,3,1,1,3,2,3,3,3,3,3
828,2026-06-11T14:11:09.240395+00:00,en,102,S,67,33,11,67,2,0,1,0,0,1,2,2,2,2,2,2
829,2026-06-11T14:20:46.349998+00:00,en,63,I,78,44,78,78,2,1,1,2,2,3,2,2,3,3,2,2
830,2026-06-11T14:24:39.750503+00:00,en,98,S,56,22,11,56,1,0,1,0,1,0,2,3,0,3,0,2
831,2026-06-11T14:51:41.913521+00:00,en,103,D,44,67,33,67,3,1,2,1,0,2,3,2,1,0,2,2
832,2026-06-11T14:52:45.318833+00:00,en,455,C,100,44,22,56,3,0,1,1,0,1,3,2,0,3,3,3
833,2026-06-11T15:11:27.929945+00:00,en,63,S,89,67,44,100,2,1,3,1,2,1,3,3,3,3,2,3
834,2026-06-11T15:23:12.836206+00:00,en,66,D,56,56,56,44,2,1,2,2,1,2,0,3,1,2,2,1
835,2026-06-11T16:23:18.367+00:00,,,C,78,44,33,56,1,1,2,1,1,1,1,2,2,2,3,2
836,2026-06-11T16:23:18.808733+00:00,en,68,C,78,44,33,56,1,1,2,1,1,1,1,2,2,2,3,2
837,2026-06-11T16:53:11.502+00:00,,,C,100,44,56,44,1,0,3,1,2,2,2,0,2,3,3,3
838,2026-06-11T16:56:12.163783+00:00,en,179,S,33,44,67,78,2,1,1,2,1,3,1,3,3,3,0,0
839,2026-06-11T17:40:27.643562+00:00,en,73,D,44,56,33,33,2,2,1,1,1,1,1,1,1,2,1,1
840,2026-06-11T17:53:53.533063+00:00,en,49,S,89,44,78,100,3,1,0,2,2,3,3,3,3,3,3,2
841,2026-06-11T18:53:28.618602+00:00,en,74,S,67,44,22,67,2,0,2,1,0,1,2,3,1,3,1,2
842,2026-06-11T18:53:28.644+00:00,,,S,67,44,22,67,2,0,2,1,0,1,2,3,1,3,1,2
843,2026-06-11T19:06:04.566489+00:00,en,66,C,89,67,56,67,3,1,2,1,2,2,1,2,3,3,2,3
844,2026-06-11T19:19:07.439805+00:00,en,52,I,56,56,78,78,2,1,2,3,2,2,3,1,3,3,0,2
845,2026-06-11T19:30:17.129257+00:00,en,51,S,78,56,33,89,2,1,2,1,1,1,3,3,2,3,2,2
846,2026-06-11T22:04:11.56507+00:00,en,51,C,89,44,44,78,2,0,2,2,0,2,3,2,2,3,3,2
847,2026-06-11T22:26:49.033585+00:00,en,422,C,78,44,56,22,2,0,2,3,1,1,1,1,0,3,2,2
848,2026-06-11T22:45:40.551713+00:00,en,112,I,67,44,67,56,2,1,1,2,1,3,2,2,1,2,2,2
849,2026-06-11T23:48:01.409591+00:00,en,87,D,11,100,89,22,3,3,3,2,3,3,0,0,2,1,0,0
850,2026-06-12T00:26:48.633992+00:00,en,43,S,44,22,22,100,1,0,1,0,1,1,3,3,3,2,1,1
851,2026-06-12T00:38:41.996117+00:00,en,30,D,100,100,100,78,3,3,3,3,3,3,1,3,3,3,3,3
852,2026-06-12T00:43:39.122612+00:00,en,102,S,67,33,33,67,1,0,2,1,1,1,2,2,2,2,2,2
853,2026-06-12T00:45:58.975547+00:00,en,94,S,44,22,11,78,0,1,1,0,0,1,2,3,2,1,2,1
854,2026-06-12T00:55:58.955+00:00,,,S,89,33,56,89,2,0,1,2,1,2,2,3,3,3,2,3
855,2026-06-12T00:55:59.322841+00:00,en,62,S,89,33,56,89,2,0,1,2,1,2,2,3,3,3,2,3
856,2026-06-12T00:58:21.028718+00:00,en,83,D,56,67,33,44,3,2,1,1,2,0,2,2,0,2,1,2
857,2026-06-12T01:56:33.075094+00:00,en,85,C,89,78,44,56,3,2,2,2,1,1,1,2,2,3,2,3
858,2026-06-12T03:35:12.353+00:00,,,D,78,78,67,56,3,3,1,2,2,2,2,1,2,3,2,2
859,2026-06-12T03:35:12.647681+00:00,en,65,D,78,78,67,56,3,3,1,2,2,2,2,1,2,3,2,2
860,2026-06-12T03:43:49.951933+00:00,en,70,D,56,56,56,33,2,1,2,2,1,2,1,1,1,2,1,2
861,2026-06-12T03:52:45.068927+00:00,en,51,S,78,56,22,78,3,0,2,0,0,2,3,2,2,3,2,2
862,2026-06-12T04:09:43.830424+00:00,en,149,D,44,44,44,22,1,1,2,1,1,2,0,1,1,0,1,3
863,2026-06-12T04:09:45.284+00:00,,,D,44,44,44,22,1,1,2,1,1,2,0,1,1,0,1,3
864,2026-06-12T07:22:29.92482+00:00,en,70,I,11,44,56,33,1,2,1,1,2,2,0,3,0,0,0,1
865,2026-06-12T09:51:29.543738+00:00,en,198,D,56,89,56,56,2,3,3,2,0,3,2,1,2,2,2,1
866,2026-06-12T10:37:34.211679+00:00,en,135,S,78,67,56,89,2,1,3,2,2,1,2,3,3,3,2,2
867,2026-06-12T11:18:37.25651+00:00,en,95,C,67,44,22,44,1,1,2,1,0,1,1,1,2,2,2,2
868,2026-06-12T12:02:31.45514+00:00,en,72,C,89,78,22,44,3,1,3,1,0,1,2,1,1,3,2,3
869,2026-06-12T12:14:27.824334+00:00,en,57,C,89,33,78,44,2,1,0,2,2,3,1,3,0,2,3,3
870,2026-06-12T12:32:42.617211+00:00,en,75,C,56,33,11,44,1,2,0,1,0,0,0,1,3,2,1,2
871,2026-06-12T12:38:50.916189+00:00,en,169,S,67,56,67,78,2,2,1,2,2,2,2,3,2,2,1,3
872,2026-06-12T13:03:14.200725+00:00,en,69,D,44,56,0,56,3,1,1,0,0,0,1,2,2,2,1,1
873,2026-06-12T13:05:05.122659+00:00,en,69,S,100,33,67,100,1,1,1,2,2,2,3,3,3,3,3,3
874,2026-06-12T13:10:13.505122+00:00,en,75,C,100,11,78,89,1,0,0,3,2,2,2,3,3,3,3,3
875,2026-06-12T13:37:56.779712+00:00,en,46,I,78,67,89,89,2,1,3,3,2,3,3,2,3,2,3,2
876,2026-06-12T13:56:17.820629+00:00,en,85,I,44,44,89,78,2,1,1,3,2,3,2,2,3,2,2,0
877,2026-06-12T14:19:31.732757+00:00,en,71,C,89,78,33,67,2,2,3,0,2,1,3,2,1,3,2,3
878,2026-06-12T14:20:25.809623+00:00,en,83,C,78,44,44,44,2,1,1,1,2,1,1,3,0,2,2,3
879,2026-06-12T14:52:28.397+00:00,,,C,78,44,33,44,2,1,1,1,1,1,1,2,1,2,2,3
880,2026-06-12T14:52:28.76421+00:00,en,62,C,78,44,33,44,2,1,1,1,1,1,1,2,1,2,2,3
881,2026-06-12T14:53:21.515701+00:00,en,113,S,89,56,22,89,3,2,0,0,2,0,2,3,3,3,3,2
882,2026-06-12T15:03:34.88536+00:00,en,62,I,78,44,89,78,2,1,1,3,2,3,2,3,2,3,2,2
883,2026-06-12T15:09:43.628686+00:00,,93,D,56,78,67,67,3,2,2,2,2,2,3,2,1,2,1,2
884,2026-06-12T15:18:05.803402+00:00,en,41,I,22,44,67,33,1,2,1,2,2,2,1,1,1,0,1,1
885,2026-06-12T16:17:04.373603+00:00,en,76,S,78,44,44,78,2,1,1,2,0,2,2,2,3,2,3,2
886,2026-06-12T16:32:07.180534+00:00,en,143,C,78,44,56,67,2,1,1,1,2,2,1,2,3,3,2,2
887,2026-06-12T17:01:55.198255+00:00,en,93,C,100,78,44,78,2,2,3,1,1,2,2,3,2,3,3,3
888,2026-06-12T17:08:28.535599+00:00,en,70,C,78,44,44,33,1,1,2,1,0,3,3,0,0,3,3,1