id,created_at,locale,duration_seconds,top_result,score_1,score_2,score_3,score_4,score_5,score_6,score_7,score_8,score_9,q1,q2,q3,q4,q5,q6,q7,q8,q9,q10,q11,q12,q13,q14,q15,q16,q17,q18,q19,q20,q21,q22,q23,q24,q25,q26,q27,q28,q29,q30,q31,q32,q33,q34,q35,q36
1,2026-04-17T20:45:45.74123+00:00,,185,5,63,38,25,50,88,88,50,88,88,1,2,0,1,0,0,0,2,2,3,3,2,2,0,2,3,2,3,2,2,2,2,0,0,1,3,2,3,1,2,2,1,2,3,2,3
2,2026-04-22T13:56:12.547626+00:00,,82,1,100,100,88,88,100,100,75,75,63,3,3,3,3,3,2,3,2,3,3,3,3,1,3,2,2,2,1,3,3,3,2,3,2,3,2,3,3,3,3,3,3,3,2,2,1
3,2026-05-18T16:08:30.130424+00:00,en,456,5,75,42,75,58,83,67,42,75,25,3,3,2,3,3,3,1,0,3,1,2,3,3,0,3,3,0,0,0,3,0,0,0,3,3,3,3,3,3,0,2,0,0,3,3,0
4,2026-05-18T16:21:52.876996+00:00,,315,5,58,67,50,58,75,67,50,25,75,1,2,2,3,1,3,1,3,2,3,2,1,1,1,1,0,3,2,2,2,2,1,0,2,1,2,2,2,3,2,2,2,2,0,2,2
5,2026-05-18T16:27:53.23958+00:00,,178,1,100,75,75,25,33,25,33,67,8,3,3,2,3,3,2,2,0,0,1,1,0,1,1,3,1,0,0,3,3,2,2,1,3,0,1,1,2,2,0,2,0,2,2,1,0
6,2026-05-18T17:36:06.093403+00:00,,255,7,50,50,58,58,58,50,67,58,67,2,2,2,2,2,2,2,2,2,2,1,1,2,2,1,2,2,2,1,1,1,1,2,1,1,2,1,2,2,2,2,2,2,2,2,2
7,2026-05-18T18:14:49.923016+00:00,,769,2,58,67,50,50,50,67,67,67,42,2,1,2,2,1,2,1,2,1,2,2,2,3,2,2,1,1,2,2,2,2,2,2,1,1,2,1,2,2,2,1,2,3,2,1,1
8,2026-05-18T18:30:26.069301+00:00,,509,4,42,83,75,92,58,67,50,58,83,2,1,3,3,2,2,3,3,1,3,1,3,2,2,2,1,3,2,1,1,2,2,2,3,3,2,3,0,1,3,1,1,3,1,2,3
9,2026-05-18T18:41:00.62793+00:00,,383,7,75,67,83,75,58,67,92,42,92,3,2,2,3,2,3,2,2,2,1,2,1,3,2,2,0,2,3,2,2,2,1,2,3,3,2,1,3,3,2,3,3,2,1,3,3
10,2026-05-18T19:42:49.068091+00:00,,168,5,67,67,50,83,92,75,50,33,75,2,3,1,3,1,2,2,3,3,3,2,3,3,0,1,1,2,3,1,2,2,2,1,2,3,2,3,2,2,2,1,2,1,1,2,2
11,2026-05-18T20:25:48.363975+00:00,,492,8,58,67,50,58,33,25,58,75,33,1,1,3,3,2,2,2,2,1,0,0,1,3,1,2,2,0,0,2,3,0,2,0,2,3,0,1,2,2,0,0,3,3,2,3,1
12,2026-05-18T20:41:47.712312+00:00,en,523,5,42,83,83,67,92,83,75,83,50,1,2,2,3,3,2,2,2,3,2,2,3,3,2,2,2,3,0,1,1,3,2,2,3,3,1,3,3,3,2,2,2,3,3,2,1
13,2026-05-18T20:42:39.408541+00:00,,216,1,100,8,75,67,92,58,25,75,50,3,3,0,0,2,2,1,2,3,3,3,1,0,0,2,2,1,1,3,3,0,1,2,3,3,2,2,3,2,1,3,0,2,3,1,3
14,2026-05-18T21:07:50.664+00:00,,,4,75,92,58,100,83,25,33,17,50,2,3,3,3,3,2,3,3,3,3,1,1,1,1,2,0,3,0,1,3,3,2,0,2,3,3,1,3,0,1,0,2,0,0,1,2
15,2026-05-18T21:10:31.649409+00:00,,125,1,100,67,75,58,92,75,33,83,33,3,3,2,3,3,2,1,2,3,2,3,2,0,0,3,2,1,1,3,3,2,1,2,2,2,2,3,3,3,1,2,2,3,2,1,1
16,2026-05-18T23:12:48.673507+00:00,,245,1,92,75,92,83,50,75,42,50,67,3,3,3,2,3,3,3,2,1,2,3,3,2,0,1,1,2,3,2,3,2,2,2,3,2,3,0,3,1,2,0,3,2,2,2,1
17,2026-05-18T23:30:00.008789+00:00,,142,1,67,67,42,50,67,50,50,50,58,2,2,2,2,1,2,1,2,2,2,2,1,1,2,1,1,2,2,2,2,2,2,1,1,1,2,2,2,2,1,2,1,3,1,2,1
18,2026-05-19T02:30:48.600786+00:00,,155,4,58,50,58,75,67,58,33,50,8,2,1,2,2,3,2,3,2,2,2,3,2,1,2,2,1,0,0,2,2,1,1,1,1,2,2,2,2,2,0,0,1,2,1,0,1
19,2026-05-19T03:29:37.626166+00:00,,439,4,58,83,50,92,50,50,58,42,50,2,3,3,2,1,3,3,3,1,2,1,0,2,2,1,1,3,1,1,1,2,3,2,0,2,3,1,2,2,3,2,1,3,0,1,1
20,2026-05-19T03:59:30.904038+00:00,en,271,5,50,50,17,42,67,50,50,25,58,1,2,2,2,1,0,1,2,3,2,2,1,1,3,0,1,3,1,2,1,1,1,1,0,2,0,1,2,2,1,0,2,2,0,2,1
21,2026-05-19T04:26:11.073327+00:00,en,344,4,75,75,17,92,75,58,67,58,67,3,1,3,1,0,0,3,2,1,3,1,3,3,0,1,0,2,1,3,2,3,2,2,0,3,3,2,3,1,2,3,2,3,3,2,3
22,2026-05-19T04:28:38.482307+00:00,en,287,2,75,100,75,92,92,75,75,75,75,3,0,3,3,3,0,2,3,2,3,3,3,3,3,3,3,3,3,3,3,3,3,3,3,3,3,3,3,3,0,3,0,3,0,3,0
23,2026-05-19T06:07:21.663+00:00,,,3,58,83,92,67,92,42,75,58,50,1,1,2,3,3,2,2,1,2,3,2,1,3,3,1,2,3,1,3,2,3,2,3,3,3,2,3,3,2,0,2,1,2,2,2,0
24,2026-05-19T06:09:46.372679+00:00,en,477,4,75,67,42,100,83,83,83,50,33,2,3,3,3,2,1,3,3,2,2,3,1,2,2,1,0,3,0,2,2,1,1,1,1,3,3,3,3,3,3,3,3,3,2,0,1
25,2026-05-19T08:38:25.62808+00:00,,248,8,50,42,58,42,25,58,67,75,33,2,2,1,2,1,2,1,0,1,1,2,1,2,2,3,2,1,1,0,2,1,1,1,3,2,2,0,1,2,2,1,3,2,2,1,1
26,2026-05-19T09:04:53.966+00:00,,,1,83,75,83,83,67,42,75,67,50,3,2,3,3,2,3,3,2,1,2,1,1,3,1,3,2,3,1,2,3,1,2,3,2,3,2,2,3,2,1,2,3,3,0,0,2
27,2026-05-19T11:03:33.727021+00:00,en,563,5,42,75,67,58,92,58,33,42,83,1,1,2,3,3,3,2,1,3,3,1,0,1,1,1,1,3,2,1,2,2,2,1,1,2,2,2,3,3,3,1,1,1,2,2,3
28,2026-05-19T11:23:24.185867+00:00,en,245,2,58,83,58,67,50,58,25,42,42,2,3,3,2,2,2,3,2,2,1,1,2,2,0,1,0,2,1,1,1,2,3,2,1,1,2,1,2,2,2,0,1,3,1,1,1
29,2026-05-19T11:35:48.29085+00:00,,187,1,83,67,75,58,75,83,42,50,83,2,2,2,3,3,1,1,2,2,2,2,2,0,1,1,2,3,3,3,3,1,2,3,2,2,2,2,3,3,3,2,2,2,1,2,2
30,2026-05-19T12:27:00.330039+00:00,,385,5,92,33,67,67,100,92,0,67,42,2,3,0,1,2,1,1,2,3,3,3,2,0,0,2,2,1,1,3,3,1,2,2,3,3,2,3,3,3,3,0,0,1,3,0,3
31,2026-05-19T12:43:02.564463+00:00,,112,2,83,100,92,75,75,75,58,75,83,2,3,3,3,3,3,2,3,2,2,2,3,1,3,2,2,3,3,3,2,3,3,2,3,2,2,2,3,3,1,2,1,3,2,1,3
32,2026-05-19T13:39:08.952544+00:00,,100,2,75,100,58,100,92,100,83,100,83,3,0,3,3,1,0,3,3,3,3,3,3,3,1,3,3,3,1,3,3,3,3,3,3,3,3,3,2,3,3,3,3,3,3,3,3
33,2026-05-19T13:41:04.253+00:00,,,5,42,25,33,58,67,50,33,67,8,1,2,1,1,1,0,2,0,2,1,2,2,2,2,3,2,1,0,1,1,0,1,1,2,2,3,3,2,1,1,0,0,1,2,0,0
34,2026-05-19T15:08:39.255624+00:00,,182,1,92,83,58,92,92,92,67,50,75,3,3,3,2,2,1,3,2,2,3,3,3,1,1,1,0,2,1,3,2,3,2,2,2,3,3,3,3,2,3,3,3,3,2,3,3
35,2026-05-19T22:47:54.421+00:00,,,3,58,75,92,67,67,67,83,67,92,2,2,2,2,2,3,2,2,3,1,3,1,3,1,2,3,3,3,2,1,3,2,3,3,2,2,1,3,2,2,3,3,1,2,3,2
36,2026-05-20T00:48:35.25845+00:00,,368,4,83,50,58,100,58,58,50,42,50,3,3,2,1,2,2,3,3,0,2,2,1,3,0,2,1,1,1,1,3,2,1,1,2,3,3,2,3,2,2,1,2,1,1,2,2
37,2026-05-20T07:40:17.9+00:00,,,4,42,58,75,92,67,50,42,25,67,1,3,2,2,3,3,3,2,1,3,2,0,2,1,1,0,2,1,0,1,2,1,0,3,3,3,2,2,2,2,0,2,2,0,3,2
38,2026-05-20T11:08:39.678572+00:00,,209,1,42,25,25,25,25,25,42,33,8,1,2,2,1,1,2,0,0,2,0,2,0,2,1,1,1,1,0,1,1,0,0,0,0,2,1,0,1,1,0,1,1,0,2,0,0
39,2026-05-20T17:51:51.372+00:00,,,5,83,17,67,50,92,58,42,42,42,2,3,1,1,3,1,1,1,3,3,3,1,2,1,1,2,2,1,3,2,0,0,2,2,3,1,2,3,2,1,2,0,0,2,1,1
40,2026-05-20T20:03:34.959533+00:00,,603,5,58,33,58,58,75,50,50,58,17,2,2,1,1,2,1,2,2,2,2,2,2,2,1,2,2,1,1,1,2,1,1,2,2,1,2,3,2,1,1,2,1,1,2,0,0
41,2026-05-20T23:36:19.511443+00:00,,165,1,75,75,75,75,42,58,33,58,75,2,3,1,2,2,3,1,3,1,1,2,0,1,0,1,2,2,3,1,3,3,3,2,2,3,2,1,2,2,3,2,1,2,2,2,2
42,2026-05-21T09:16:28.237+00:00,,,4,58,33,25,100,100,83,42,33,75,2,1,0,2,1,1,3,3,3,3,3,3,2,1,0,2,2,2,2,2,1,1,1,0,3,3,3,3,1,3,0,2,1,1,2,3
43,2026-05-21T18:04:19.400914+00:00,,276,1,75,67,25,50,50,33,67,33,67,2,3,2,2,1,0,1,2,2,1,2,1,2,2,1,1,3,2,2,2,2,2,2,0,1,2,0,3,1,0,2,2,2,0,1,2
44,2026-05-21T18:10:53.286802+00:00,,25,4,58,58,58,67,67,67,67,67,67,1,2,1,2,1,2,2,2,2,2,2,2,2,2,2,2,2,2,2,2,2,2,2,2,2,2,2,2,2,2,2,2,2,2,2,2
45,2026-05-21T21:25:48.696+00:00,,,4,50,25,25,100,100,58,67,75,25,1,3,1,0,0,2,3,3,3,3,3,3,3,1,1,3,1,0,0,2,2,0,1,0,3,3,3,3,0,1,1,3,2,3,1,1
46,2026-05-22T03:24:11.021+00:00,,,5,83,67,75,42,100,75,58,67,33,3,3,2,2,3,2,1,0,3,3,3,3,2,2,3,1,2,2,3,1,2,2,3,1,3,1,3,3,3,0,3,0,3,1,0,0
47,2026-05-22T18:47:36.123619+00:00,,247,4,83,75,58,92,67,67,67,58,67,2,3,2,2,2,2,3,3,1,2,2,2,2,2,1,1,3,2,2,3,2,3,2,1,2,3,2,3,2,2,1,3,3,2,2,1
48,2026-05-23T02:26:14.581635+00:00,,276,2,67,92,42,83,50,50,50,75,67,2,3,3,2,1,2,3,2,2,2,2,0,1,2,3,2,3,3,2,1,3,3,1,1,2,3,1,1,2,2,1,2,3,1,1,1
49,2026-05-23T03:58:26.193435+00:00,,268,2,50,92,58,67,75,92,42,83,92,2,0,2,3,3,1,1,2,2,3,3,3,2,1,1,3,3,3,2,2,3,3,2,1,3,2,1,3,3,2,1,1,3,3,2,3
50,2026-05-23T18:07:31.092564+00:00,,399,5,75,50,58,83,100,83,42,33,67,3,0,1,3,3,0,1,3,3,3,3,3,1,0,0,1,2,0,3,3,2,0,1,3,3,3,3,3,3,1,1,3,3,0,3,3
51,2026-05-23T18:42:16.813867+00:00,,240,4,75,75,50,92,92,58,67,92,33,2,1,3,2,2,1,3,2,3,3,2,2,3,3,3,3,3,1,3,3,2,2,2,1,3,3,3,2,2,1,2,0,3,2,0,0
52,2026-05-25T20:53:57.603+00:00,,,7,25,33,8,50,33,17,75,42,67,1,1,2,1,1,0,2,1,1,1,0,1,3,2,1,0,2,0,0,1,1,0,0,0,1,2,1,1,1,0,2,2,2,2,3,3
53,2026-05-25T22:02:43.494521+00:00,,346,1,100,92,92,83,92,58,67,75,92,3,3,2,3,3,3,3,2,3,3,1,0,0,3,1,3,3,2,3,3,3,3,3,2,2,3,3,2,3,3,3,2,3,2,3,3
54,2026-05-25T22:09:30.0291+00:00,en,248,4,58,42,42,100,92,75,25,42,42,1,2,2,2,1,3,3,3,3,3,2,3,1,0,1,2,1,0,1,3,1,0,0,1,3,3,3,2,2,2,0,2,1,1,2,2
55,2026-05-25T22:43:58.057825+00:00,en,579,7,25,42,58,67,8,17,75,17,33,1,1,2,3,3,2,3,1,0,0,1,0,3,2,1,0,3,1,0,1,0,0,0,2,1,3,0,1,1,0,1,3,1,0,0,0
56,2026-05-26T00:18:03.22491+00:00,en,269,2,58,92,42,75,50,58,50,42,33,2,2,3,3,2,1,3,2,2,1,2,2,2,2,1,1,2,0,1,2,2,3,1,1,2,2,1,2,2,1,1,1,3,0,1,1
57,2026-05-26T00:19:38.1785+00:00,en,276,4,83,58,25,100,100,58,42,42,33,2,2,3,2,0,2,3,3,3,3,3,1,1,1,1,1,3,1,3,3,2,0,0,1,3,3,3,3,3,0,0,3,3,0,0,0
58,2026-05-26T01:34:04.936985+00:00,en,266,2,50,67,33,67,42,33,67,25,58,2,2,2,2,1,1,3,1,1,1,1,0,2,2,0,0,3,1,1,1,2,2,1,1,2,2,1,2,2,1,1,3,2,1,1,2
59,2026-05-26T01:42:15.18267+00:00,en,183,4,58,67,75,100,100,100,33,67,58,2,2,2,3,3,3,3,3,3,3,3,3,0,1,2,0,2,2,2,1,2,1,0,3,3,3,3,3,3,3,0,3,3,3,2,1
60,2026-05-26T01:45:36.09178+00:00,en,20,1,0,0,0,0,0,0,0,0,0,0,0,0,0,0,0,0,0,0,0,0,0,0,0,0,0,0,0,0,0,0,0,0,0,0,0,0,0,0,0,0,0,0,0,0,0
61,2026-05-26T01:58:13.693693+00:00,en,249,4,33,33,58,67,58,50,42,42,50,1,2,1,2,2,1,2,2,2,1,1,2,1,0,1,1,2,1,0,1,1,0,2,2,2,2,2,2,1,2,2,2,1,2,1,2
62,2026-05-26T03:15:38.23655+00:00,en,246,4,83,42,67,92,75,75,33,75,50,2,3,1,3,3,2,3,3,3,2,3,3,1,1,1,2,2,1,2,3,1,0,0,3,3,2,1,3,2,1,2,0,3,3,2,1
63,2026-05-26T04:09:06.034855+00:00,en,332,3,67,58,75,75,67,58,58,42,75,1,2,1,2,2,3,2,3,2,2,2,1,2,1,1,2,2,2,3,2,2,2,2,2,3,1,1,3,2,2,2,2,1,1,2,3
64,2026-05-26T04:31:39.429191+00:00,en,467,5,92,8,83,58,100,83,58,67,25,2,3,1,0,3,3,3,0,3,3,3,3,1,3,3,3,1,0,3,3,0,0,1,3,3,1,3,3,3,1,3,0,2,0,2,0
65,2026-05-26T04:37:10.838221+00:00,en,3596,2,67,83,67,67,83,67,50,50,58,3,3,2,3,2,2,2,3,3,3,2,2,1,0,1,2,1,1,1,1,3,2,1,3,2,1,2,2,2,2,2,3,2,1,3,2
66,2026-05-26T04:51:09.084576+00:00,en,253,4,50,42,67,92,67,75,58,42,42,1,3,1,1,1,2,3,3,1,3,2,1,2,1,2,1,1,1,1,1,1,2,2,3,3,2,2,2,3,3,1,3,1,1,1,2
67,2026-05-26T05:06:40.338185+00:00,en,209,1,100,92,75,100,100,100,92,100,100,3,3,3,3,3,1,3,3,3,3,3,3,3,3,3,3,3,3,3,3,3,2,3,2,3,3,3,3,3,3,3,2,3,3,3,3
68,2026-05-26T06:20:51.97992+00:00,en,162,1,83,75,67,42,58,67,50,33,25,3,3,1,3,2,2,1,2,3,2,3,1,1,3,2,0,2,0,1,3,2,3,2,2,0,2,0,2,1,3,0,2,2,0,0,1
69,2026-05-26T07:27:04.52597+00:00,en,215,4,75,75,58,92,83,67,33,25,67,2,3,2,2,1,3,3,3,2,3,2,2,1,0,0,1,1,3,2,2,3,2,1,2,3,2,3,2,1,3,1,2,1,1,2,2
70,2026-05-26T08:44:00.440558+00:00,en,541,3,42,67,83,83,67,67,50,58,58,1,1,2,2,3,2,2,3,2,2,2,3,2,1,2,2,1,2,2,1,2,2,3,2,2,3,2,2,2,1,1,2,2,1,2,2
71,2026-05-26T11:14:06.500762+00:00,en,479,1,67,67,25,67,25,42,58,50,50,2,2,3,2,0,1,2,2,0,0,1,0,1,3,2,1,2,2,2,2,1,2,1,1,1,3,0,3,2,2,0,3,3,0,1,1
72,2026-05-26T11:14:55.779915+00:00,en,825,4,50,50,58,75,67,50,33,50,50,2,1,1,2,1,3,1,3,2,2,0,3,1,1,0,2,2,3,2,1,1,2,2,1,3,2,3,1,1,2,0,2,2,2,0,1
73,2026-05-26T11:19:18.990301+00:00,en,309,6,42,8,50,17,8,67,42,50,17,1,3,0,1,2,2,0,0,0,0,2,2,1,1,2,1,1,0,0,1,0,0,1,1,1,1,0,1,2,2,2,1,0,3,1,0
74,2026-05-26T11:19:49.18109+00:00,en,666,5,75,42,58,92,100,25,50,42,33,2,3,2,0,1,3,3,2,3,3,2,0,2,1,1,2,3,0,2,2,2,1,2,1,3,3,3,3,0,1,1,2,2,0,1,0
75,2026-05-26T11:38:50.459311+00:00,en,945,2,92,100,75,83,42,75,75,83,50,3,2,3,3,1,2,2,3,1,1,2,3,3,2,3,3,1,2,3,3,3,3,3,3,2,3,1,2,3,1,1,3,3,1,2,1
76,2026-05-26T12:23:24.257054+00:00,en,18,4,42,50,33,67,67,33,58,33,50,0,1,2,2,3,0,1,2,3,1,0,1,3,1,0,1,3,3,2,2,0,2,1,0,2,3,3,1,0,3,0,3,1,2,0,0
77,2026-05-26T16:04:01.82503+00:00,en,245,1,75,33,67,58,75,67,58,75,25,1,2,1,2,3,2,1,1,3,2,2,2,2,1,1,2,1,0,3,3,0,1,2,1,3,2,1,3,2,2,2,2,3,3,1,1
78,2026-05-26T16:47:27.320712+00:00,en,381,3,58,50,75,33,42,67,50,58,75,2,2,1,3,2,3,1,2,2,1,2,2,1,2,1,1,3,2,2,1,1,1,2,2,0,1,0,2,2,2,1,2,2,3,2,2
79,2026-05-26T17:49:49.919317+00:00,en,483,4,58,58,58,67,42,50,50,42,50,2,1,2,3,2,3,2,3,2,1,1,2,2,2,1,1,2,2,2,2,1,1,1,1,1,2,1,1,2,1,1,1,3,0,1,1
80,2026-05-26T19:35:14.351011+00:00,en,465,4,75,67,83,100,92,75,42,17,50,3,3,2,2,3,3,3,3,3,3,2,2,2,1,0,0,2,1,2,1,2,2,2,2,3,3,2,3,3,2,0,2,2,0,2,1
81,2026-05-26T19:48:37.829272+00:00,en,183,6,50,50,33,42,33,67,50,33,42,1,2,2,2,1,2,2,1,1,1,2,2,2,1,0,1,2,1,2,1,1,1,0,1,0,2,1,1,1,3,1,2,2,1,1,1
82,2026-05-26T19:56:10.429543+00:00,en,192,1,83,67,58,67,58,83,75,67,75,2,2,2,1,1,2,1,2,3,1,3,3,3,2,2,2,3,2,3,3,3,2,3,1,2,3,1,2,3,1,1,3,2,2,3,1
83,2026-05-26T20:07:50.529035+00:00,en,630,1,92,25,0,58,58,67,17,17,58,3,3,2,0,0,0,3,0,2,1,3,0,1,0,1,0,3,0,2,3,0,1,0,0,1,3,2,2,2,3,0,1,1,0,1,3
84,2026-05-26T20:09:07.876671+00:00,en,155,1,100,58,67,67,100,42,67,83,50,3,3,2,1,3,0,2,1,3,3,2,3,0,3,2,3,2,0,3,3,3,1,3,2,3,2,3,3,0,0,3,2,2,3,1,3
85,2026-05-26T20:33:51.414416+00:00,en,469,2,50,75,50,67,25,42,50,33,58,1,3,2,2,1,2,2,2,2,0,2,0,2,2,1,0,3,2,1,1,3,2,2,1,2,2,0,1,1,2,1,1,3,0,1,1
86,2026-05-26T21:11:45.960082+00:00,en,179,3,83,92,100,100,100,92,83,92,100,1,3,2,3,3,3,3,3,3,3,3,2,2,2,2,3,3,3,3,3,3,3,3,3,3,3,3,3,3,3,3,3,3,3,3,3
87,2026-05-26T21:16:18.551634+00:00,en,546,5,42,42,58,25,67,33,67,25,67,1,1,2,1,2,2,1,1,2,1,0,0,2,2,1,1,3,2,1,2,1,1,2,1,1,0,2,3,2,2,2,2,1,0,2,1
88,2026-05-26T21:53:02.94453+00:00,en,177,2,75,92,92,67,67,50,58,50,75,2,3,3,3,3,2,2,3,3,1,1,0,2,1,2,0,3,3,2,2,3,2,3,3,1,2,1,3,3,2,2,2,2,2,2,1
89,2026-05-26T22:15:17.327439+00:00,en,303,4,75,83,42,100,83,67,67,58,67,2,3,2,3,0,2,3,3,1,3,1,3,3,1,1,1,3,2,2,2,2,3,2,1,3,3,3,3,3,1,1,3,2,3,2,1
90,2026-05-26T22:46:56.500202+00:00,en,270,5,75,67,58,67,83,75,25,42,75,1,3,1,3,1,3,1,3,2,3,3,1,1,0,1,2,3,2,3,2,2,2,1,2,1,3,2,3,3,2,0,2,1,1,2,2
91,2026-05-27T01:00:01.794442+00:00,en,253,4,75,67,75,100,100,67,75,33,67,2,2,2,3,2,3,3,3,3,3,1,2,2,2,1,1,2,2,2,3,2,1,2,2,3,3,3,3,3,2,2,3,1,1,2,2
92,2026-05-27T01:53:18.014802+00:00,en,561,5,58,0,33,58,100,67,58,50,17,2,3,0,0,2,2,1,1,3,3,3,3,3,0,1,2,0,0,0,2,0,0,0,0,3,2,3,3,1,1,2,2,1,2,2,0
93,2026-05-27T02:37:55.671355+00:00,en,283,5,92,67,58,92,100,83,92,67,83,2,3,2,3,2,3,3,2,3,3,2,3,2,3,3,2,3,3,3,3,1,2,1,1,3,3,3,3,3,2,3,3,3,0,1,3
94,2026-05-27T03:00:49.904888+00:00,en,254,9,25,33,67,58,58,58,75,75,83,2,0,0,3,1,2,0,3,0,2,1,2,2,2,2,3,3,3,0,1,1,0,3,2,2,2,3,2,1,3,2,3,1,3,1,3
95,2026-05-27T04:20:57.790639+00:00,en,454,2,42,75,25,42,33,33,67,33,42,2,1,3,2,1,1,1,1,2,1,1,0,2,3,1,1,2,1,1,1,2,2,1,0,1,2,0,1,2,1,2,1,2,0,1,1
96,2026-05-27T06:16:01.410588+00:00,en,182,6,42,33,17,75,58,83,33,75,58,1,2,3,1,1,0,2,2,1,3,3,3,0,2,1,3,2,1,1,1,0,0,0,1,2,3,3,0,3,1,1,1,3,2,2,2
97,2026-05-27T08:51:41.066119+00:00,en,192,4,58,67,42,75,50,50,25,42,33,2,2,2,0,1,2,2,3,2,2,2,1,1,0,1,0,1,0,2,1,3,3,2,0,1,3,1,1,2,1,0,2,3,1,1,2
98,2026-05-27T10:12:05.863026+00:00,en,183,4,58,58,33,100,100,58,17,33,8,1,3,1,2,1,0,3,3,3,3,2,1,1,0,1,0,1,0,1,2,2,2,2,1,3,3,3,3,3,1,0,1,3,0,0,0
99,2026-05-27T11:22:50.452387+00:00,en,216,1,92,42,67,67,75,58,42,33,42,2,3,1,0,2,2,0,2,3,3,2,3,2,0,0,3,1,1,3,3,2,2,3,1,3,3,2,1,1,1,2,1,0,1,2,1
100,2026-05-27T12:58:45.271985+00:00,en,185,3,58,42,75,58,67,75,25,58,42,1,3,1,2,2,2,2,1,2,2,2,3,1,0,1,1,2,1,1,2,1,1,2,3,1,3,1,3,2,2,1,1,3,2,1,1
101,2026-05-27T13:48:56.772581+00:00,en,190,2,58,75,58,50,50,42,33,33,33,2,3,3,2,1,2,3,2,1,2,1,0,1,2,1,0,2,1,1,1,2,2,2,2,0,1,1,2,2,2,0,1,2,1,0,1
102,2026-05-27T14:28:20.538545+00:00,en,411,5,8,0,25,33,75,25,8,33,42,0,0,0,0,0,1,2,0,3,3,1,2,0,1,1,0,2,0,0,1,0,0,1,1,0,2,2,1,0,0,0,0,0,3,1,2
103,2026-05-27T15:18:18.860367+00:00,en,247,2,42,92,42,83,83,67,83,58,67,1,1,3,3,1,2,2,3,3,3,2,2,2,3,1,2,3,2,2,1,3,2,1,1,3,2,1,3,3,1,2,3,2,2,1,2
104,2026-05-27T15:56:42.465431+00:00,en,801,2,50,83,58,25,42,58,33,42,50,2,1,2,3,3,1,0,2,1,1,0,1,0,1,0,1,2,2,1,2,3,2,2,1,0,1,1,2,3,3,2,1,2,2,1,1
105,2026-05-27T16:14:21.392703+00:00,en,319,4,58,25,42,100,100,42,42,58,8,3,2,2,0,1,3,3,3,3,3,1,1,3,0,1,2,0,0,2,0,1,0,0,1,3,3,3,3,2,1,0,2,1,3,0,1
106,2026-05-27T19:51:35.812031+00:00,en,579,2,58,83,67,58,67,58,42,50,58,1,2,3,3,3,2,3,2,2,2,2,1,2,2,1,1,3,2,2,2,2,2,2,1,0,2,2,2,2,2,0,1,2,2,1,1
107,2026-05-27T20:14:48.753334+00:00,en,110,1,100,50,100,100,100,100,75,75,67,3,3,3,2,3,3,3,3,3,3,3,3,3,0,1,3,2,0,3,3,1,0,3,3,3,3,3,3,3,3,3,3,2,3,3,3
108,2026-05-27T20:41:15.393282+00:00,en,168,5,58,58,58,58,67,58,42,42,67,2,2,2,3,1,2,2,1,2,2,2,2,1,1,1,2,2,3,1,2,1,1,2,2,2,2,2,2,2,1,1,2,2,0,1,2
109,2026-05-27T22:02:28.975+00:00,,,4,25,50,42,75,50,42,33,33,25,1,0,2,2,1,2,3,2,1,2,1,1,1,2,1,0,1,1,0,2,1,1,0,2,2,2,1,2,2,1,0,1,2,1,0,1
110,2026-05-27T23:26:26.09032+00:00,en,231,2,67,83,58,75,50,50,42,25,67,1,3,2,2,1,2,2,3,1,2,1,1,1,1,1,0,2,2,2,2,3,3,2,2,2,2,1,2,2,2,1,2,2,0,2,2
111,2026-05-28T00:32:43.599146+00:00,en,452,2,42,75,50,58,58,58,33,33,8,1,3,2,3,2,2,3,1,1,2,3,0,1,0,1,0,1,0,1,0,2,2,1,1,0,3,2,2,3,1,0,3,3,0,0,0
112,2026-05-28T01:28:18.760829+00:00,en,351,7,42,25,42,58,42,42,67,67,42,1,1,1,1,2,1,2,2,1,1,1,1,3,1,2,3,1,1,1,2,1,0,1,1,1,2,0,3,2,1,2,2,1,2,2,1
113,2026-05-28T02:03:24.72304+00:00,en,176,2,17,100,33,42,17,75,67,17,42,1,1,3,3,1,2,1,1,1,0,2,2,2,2,0,0,2,1,0,0,3,3,0,1,2,1,0,1,2,3,2,2,2,0,1,1
114,2026-05-28T04:15:45.682214+00:00,en,367,1,100,25,83,50,92,42,33,75,17,3,3,0,1,3,1,0,3,3,3,2,3,1,1,2,3,1,0,3,3,2,0,3,3,2,1,2,3,0,0,2,0,1,3,1,0
115,2026-05-28T05:17:27.376353+00:00,en,315,4,67,83,17,100,92,83,42,67,42,2,2,3,2,1,0,3,3,2,3,3,2,2,1,1,2,2,0,2,2,3,2,0,1,3,3,3,3,3,2,0,2,3,2,1,2
116,2026-05-28T08:40:20.894839+00:00,en,294,4,50,33,50,67,50,42,42,42,42,2,2,1,1,3,2,2,1,1,1,2,1,1,1,1,2,2,1,1,1,1,1,0,1,3,2,2,2,1,1,1,2,2,0,1,1
117,2026-05-28T09:47:18.07398+00:00,en,180,5,75,50,83,67,100,75,58,42,67,2,3,1,3,3,2,1,3,3,3,2,2,2,1,0,1,2,1,2,2,2,0,2,3,2,2,3,3,2,3,1,3,2,2,3,2
118,2026-05-28T10:06:28.279532+00:00,en,350,1,75,33,58,42,75,42,42,33,58,2,2,0,1,1,2,2,1,2,2,1,2,2,0,1,1,2,1,2,3,1,2,2,2,1,1,2,3,2,0,1,2,0,2,2,2
119,2026-05-28T10:19:53.10243+00:00,en,292,9,8,25,33,42,33,42,42,33,50,0,0,1,2,0,2,2,0,1,0,1,3,0,0,1,0,2,0,0,1,0,0,0,2,1,2,1,2,1,0,2,3,1,2,3,1
120,2026-05-28T11:30:55.47302+00:00,en,122,5,83,58,58,83,92,75,25,33,75,3,2,1,2,1,3,2,3,3,3,2,2,0,1,0,2,3,2,2,3,2,2,1,2,2,3,2,3,3,2,1,1,2,0,2,2
121,2026-05-28T13:40:10.123669+00:00,en,343,1,100,25,75,25,75,58,17,25,17,3,3,2,0,3,0,0,0,3,3,3,3,1,0,1,1,2,0,3,3,1,0,3,3,0,3,3,0,1,0,1,0,0,1,0,0
122,2026-05-28T13:52:21.303696+00:00,,135,1,83,83,75,67,67,67,67,67,42,3,2,2,2,3,2,1,2,3,1,3,2,3,2,2,2,2,1,2,3,3,3,2,2,2,3,1,3,2,1,2,1,2,2,1,1
123,2026-05-28T14:15:19.670231+00:00,en,283,5,67,50,75,33,83,50,17,67,8,1,3,2,2,3,1,1,0,2,3,2,1,1,0,3,1,1,0,2,2,1,1,3,2,2,1,2,3,3,0,1,0,2,2,0,0
124,2026-05-28T14:47:47.59932+00:00,en,325,9,58,50,58,92,50,67,50,58,100,2,2,1,2,2,2,2,3,0,2,1,1,0,0,1,0,3,3,1,2,2,1,0,3,3,3,1,3,3,3,3,3,3,3,3,3
125,2026-05-28T15:18:10.229253+00:00,en,201,5,33,58,58,50,83,33,33,33,75,1,1,1,1,2,2,2,1,1,3,1,0,1,2,1,1,3,3,1,1,3,2,1,2,1,2,3,3,2,1,0,1,1,1,1,2
126,2026-05-28T16:47:28.573435+00:00,,324,7,50,50,58,58,42,50,75,58,33,1,2,2,3,3,0,1,2,3,2,1,1,3,1,1,2,1,0,1,2,1,0,1,3,3,1,0,0,2,2,2,3,3,1,2,1
127,2026-05-28T17:51:36.992635+00:00,en,140,4,83,83,67,100,58,75,75,75,92,3,1,3,1,1,3,3,3,2,1,3,3,2,1,0,3,2,3,3,3,3,3,1,3,3,3,3,1,0,3,3,3,3,3,3,3
128,2026-05-28T17:52:40.873536+00:00,en,220,9,92,33,83,67,58,58,50,58,100,2,3,1,3,3,2,1,3,3,1,3,2,1,0,3,2,3,3,3,3,0,0,2,3,2,2,1,2,1,1,2,3,0,2,3,3
129,2026-05-28T17:53:01.206994+00:00,en,169,6,83,67,92,67,67,100,75,75,25,2,3,2,3,3,3,2,3,1,3,3,3,3,1,3,2,0,1,3,2,2,1,2,3,2,1,1,3,3,3,2,3,2,2,1,1
130,2026-05-28T17:53:20.530256+00:00,en,256,7,25,0,25,25,17,8,50,50,50,0,0,0,0,0,2,0,3,0,1,0,1,1,1,1,1,0,0,0,3,0,0,1,0,0,0,1,0,0,0,3,1,2,2,3,3
131,2026-05-28T17:53:41.224619+00:00,en,318,8,0,0,33,58,33,25,25,67,42,0,0,0,0,0,2,1,3,1,1,1,2,0,0,1,3,0,1,0,0,0,0,1,1,3,0,1,1,0,0,2,1,2,2,2,2
132,2026-05-28T17:53:48.722527+00:00,en,277,2,8,33,17,33,33,25,33,0,8,1,0,0,1,0,2,0,2,1,2,0,3,1,0,0,0,0,1,0,0,3,0,0,0,2,0,1,0,0,0,2,1,0,0,0,0
133,2026-05-28T17:54:14.285671+00:00,en,310,7,8,17,8,58,25,17,75,33,17,0,0,1,1,0,0,1,3,1,0,0,1,2,3,1,3,0,0,0,1,0,0,1,0,3,0,1,1,0,1,1,3,0,0,2,0
134,2026-05-28T17:54:23.902765+00:00,en,290,3,42,50,67,42,42,42,33,25,33,1,1,2,2,3,2,1,2,2,1,1,0,1,1,1,1,1,0,1,2,1,1,2,1,0,2,1,1,2,2,1,1,1,0,1,2
135,2026-05-28T17:54:31.978644+00:00,en,288,8,17,0,0,8,50,42,17,67,17,0,0,0,0,0,0,0,0,0,3,0,3,0,0,3,3,0,1,0,2,0,0,0,0,1,0,3,0,0,2,1,1,2,0,1,0
136,2026-05-28T17:55:28.279916+00:00,en,168,6,67,42,67,58,83,92,67,67,58,2,2,2,3,2,3,3,1,3,2,2,3,3,1,1,2,2,3,2,2,0,0,1,2,1,2,2,3,3,3,2,2,2,3,1,1
137,2026-05-28T17:55:54.946684+00:00,en,327,5,25,0,33,33,50,42,33,33,50,1,0,0,0,0,1,1,2,1,3,0,3,2,1,1,1,1,1,0,2,0,0,1,2,1,0,2,0,1,1,0,1,1,1,3,1
138,2026-05-28T17:56:25.977473+00:00,en,377,3,50,67,75,50,58,50,42,75,33,1,2,2,2,2,2,1,2,3,1,1,3,3,0,1,3,0,1,1,2,2,2,2,3,1,2,1,2,1,1,2,0,2,3,3,0
139,2026-05-28T17:57:35.238819+00:00,en,375,4,8,8,0,58,25,50,17,50,17,0,0,0,0,0,0,1,1,1,1,1,3,1,0,1,3,1,1,0,1,1,0,0,0,2,3,1,0,1,1,0,1,1,1,0,0
140,2026-05-28T17:57:44.105885+00:00,en,470,2,8,50,50,50,33,50,25,25,50,1,0,1,1,1,3,1,2,1,0,1,0,0,1,2,1,1,2,0,0,1,3,1,1,2,1,2,1,3,2,1,1,0,0,2,1
141,2026-05-28T18:00:32.124478+00:00,en,192,3,75,92,100,92,92,83,58,58,83,3,2,3,3,3,3,2,3,2,3,1,3,3,2,1,3,3,1,3,1,2,3,3,3,3,3,3,3,3,3,0,2,3,0,3,3
142,2026-05-28T18:01:50.093704+00:00,en,681,5,58,33,33,83,92,33,33,50,50,1,3,1,3,0,0,1,3,2,3,1,3,1,0,0,3,0,0,0,3,0,0,1,3,3,3,3,3,0,0,0,3,3,0,3,3
143,2026-05-28T19:38:00.782765+00:00,en,289,4,50,83,83,92,67,83,50,33,33,2,3,3,3,3,1,2,3,3,2,1,3,2,1,2,2,2,0,0,1,2,2,3,3,3,3,0,3,3,3,0,3,0,0,0,2
144,2026-05-28T22:19:03.2742+00:00,en,226,5,75,42,67,42,92,83,42,50,58,1,3,2,0,3,3,1,1,2,3,2,3,1,1,1,1,2,3,3,2,2,1,2,0,1,2,3,3,3,2,1,2,3,1,1,1
145,2026-05-29T00:58:09.380609+00:00,en,300,2,92,100,58,75,50,67,67,58,42,3,3,3,3,3,1,3,1,2,2,3,3,3,2,1,2,3,0,2,3,3,3,2,1,3,2,1,1,1,1,2,1,3,1,1,1
146,2026-05-29T01:05:13.319176+00:00,en,8377,4,58,58,50,67,67,33,58,33,33,3,1,3,1,2,1,3,2,1,2,0,1,2,2,1,1,2,0,2,1,2,1,2,1,1,2,2,3,3,0,1,2,2,0,0,2
147,2026-05-29T04:16:00.176417+00:00,en,196,1,92,42,75,83,67,67,67,25,58,3,3,1,2,3,3,2,3,2,1,2,2,2,1,1,1,0,3,3,2,1,1,1,2,2,3,2,3,1,3,2,3,0,1,2,2
148,2026-05-29T06:27:47.872562+00:00,en,101,4,0,0,0,100,100,25,33,33,0,0,0,0,0,0,0,3,3,3,3,0,3,2,1,0,0,0,0,0,0,0,0,0,0,3,3,3,3,0,0,0,1,3,1,0,0
149,2026-05-29T07:23:05.009144+00:00,en,220,5,50,50,33,58,75,50,50,42,58,2,2,3,1,1,2,3,1,2,3,2,2,3,2,1,2,3,1,0,2,1,1,0,1,1,2,1,3,1,1,0,1,2,0,2,1
150,2026-05-29T08:34:03.221438+00:00,en,823,2,33,75,58,67,58,50,67,42,58,1,2,2,2,2,2,2,3,3,0,1,1,3,2,1,1,3,2,1,0,3,2,2,1,2,1,1,3,3,1,2,1,1,2,1,1
151,2026-05-29T08:50:17.669524+00:00,en,326,5,67,42,33,50,83,50,25,33,25,2,2,1,2,1,0,1,2,3,2,2,1,1,1,1,1,1,0,2,2,1,1,2,1,2,1,2,3,2,1,0,1,1,1,1,1
152,2026-05-29T09:00:57.688631+00:00,en,131,9,17,50,0,58,42,33,33,17,83,1,1,1,2,0,0,2,2,2,2,1,2,1,1,1,0,2,3,0,0,1,2,0,0,2,1,1,0,0,1,0,2,1,0,2,3
153,2026-05-29T11:06:23.292795+00:00,en,271,7,33,33,25,50,33,33,58,33,33,1,1,1,1,1,1,2,1,2,1,1,1,3,2,2,1,2,1,1,1,0,2,1,0,1,2,0,1,1,1,0,2,1,0,1,0
154,2026-05-29T11:17:44.538086+00:00,en,459,4,67,50,25,75,67,33,58,17,42,2,2,1,1,1,1,2,2,3,2,2,1,1,2,1,0,1,1,2,2,2,2,0,1,3,2,2,1,0,1,1,3,1,0,1,2
155,2026-05-29T12:49:00.496+00:00,,,7,33,58,33,33,42,50,67,42,50,1,1,2,2,1,1,2,0,1,1,1,2,3,2,1,1,2,1,1,1,2,1,1,1,1,1,2,1,2,1,2,1,2,1,2,1
156,2026-05-29T13:06:41.469946+00:00,en,337,4,25,42,25,92,92,50,67,33,50,0,1,1,3,0,3,3,2,3,3,2,2,2,2,0,0,3,0,0,2,0,1,0,0,3,3,3,2,1,1,2,2,1,3,1,2
157,2026-05-29T15:43:13.499028+00:00,en,123,4,58,50,58,67,58,58,50,58,67,2,2,1,2,2,1,3,2,1,2,1,2,1,1,0,1,3,1,2,1,2,1,2,2,1,2,1,3,2,2,1,3,3,3,2,2
158,2026-05-29T15:47:26.965706+00:00,en,177,1,100,100,83,33,58,75,67,100,100,3,3,3,3,3,3,3,0,3,1,3,2,2,3,3,3,3,3,3,3,3,3,1,3,0,1,0,3,3,1,3,0,3,3,3,3
159,2026-05-29T16:09:44.501757+00:00,en,335,2,83,100,50,58,83,33,75,92,25,3,3,3,3,2,1,0,1,3,3,2,2,2,2,2,3,2,0,2,2,3,3,1,2,3,3,1,3,0,0,3,2,3,3,0,1
160,2026-05-29T17:52:37.086337+00:00,,297,4,92,42,92,100,100,75,42,83,42,2,3,2,2,3,2,3,3,3,3,3,3,1,1,2,3,1,0,3,3,0,1,3,3,3,3,3,3,3,0,3,0,2,3,3,1
161,2026-05-29T18:28:14.808262+00:00,en,204,3,58,8,100,83,100,83,25,17,100,3,3,0,0,3,3,1,3,3,3,1,3,0,0,0,0,3,3,0,1,1,0,3,3,3,3,3,3,3,3,0,3,1,1,3,3
162,2026-05-29T19:32:49.528295+00:00,en,47,1,100,92,100,100,100,100,100,100,100,3,3,2,3,3,3,3,3,3,3,3,3,3,3,3,3,3,3,3,3,3,3,3,3,3,3,3,3,3,3,3,3,3,3,3,3
163,2026-05-30T00:13:32.210546+00:00,,382,5,75,83,42,83,92,75,75,50,75,2,2,2,3,2,1,2,3,3,3,2,3,3,3,1,2,3,3,3,2,3,2,1,1,2,3,3,2,2,2,1,2,3,0,1,2
164,2026-05-30T00:20:26.318911+00:00,en,319,7,42,42,50,50,58,50,67,50,25,2,2,2,1,2,2,1,2,2,1,2,2,2,2,1,1,1,0,0,1,1,1,1,1,2,1,2,2,1,1,2,2,2,2,1,1
165,2026-05-30T01:46:21.312585+00:00,en,797,2,42,92,75,42,58,75,42,75,75,2,1,3,2,0,3,1,2,2,3,2,2,0,1,2,2,2,2,1,1,3,3,3,3,0,2,1,1,2,3,2,2,3,2,2,3
166,2026-05-30T09:57:50.247923+00:00,en,243,9,42,67,25,67,42,42,25,8,83,1,2,2,2,1,2,2,3,1,1,1,0,1,1,0,0,3,3,0,2,2,2,0,0,1,2,1,2,1,3,0,1,1,0,2,2
167,2026-05-30T19:14:07.555508+00:00,en,271,5,75,8,50,42,83,50,75,83,0,1,2,0,1,3,0,0,2,3,3,3,3,3,3,2,3,0,0,3,3,0,0,3,0,2,1,2,2,0,0,3,0,2,3,0,0
168,2026-05-30T19:53:29.992958+00:00,en,198,4,75,58,67,83,50,42,42,50,25,2,3,3,3,3,2,3,1,1,3,2,0,3,1,3,0,1,0,2,2,0,1,1,2,3,3,0,2,2,1,0,1,1,2,1,1
169,2026-05-30T20:37:29.093833+00:00,en,198,5,50,25,25,58,100,50,42,17,83,2,1,1,0,2,1,0,3,3,3,1,3,0,0,1,1,3,1,1,2,1,1,0,0,3,1,3,3,2,0,2,3,0,0,3,3
170,2026-05-30T20:46:47.305848+00:00,en,149,4,83,83,67,100,58,50,58,25,75,3,3,2,3,2,2,3,3,1,2,2,0,1,3,1,0,3,2,2,2,3,2,1,3,3,3,2,2,2,2,2,1,2,0,2,2
171,2026-05-30T22:50:14.745464+00:00,en,340,5,33,42,42,33,58,33,42,25,50,1,0,0,1,2,1,1,2,1,2,2,1,0,1,1,0,1,2,1,2,3,1,1,1,1,0,2,2,0,1,2,2,1,1,1,2
172,2026-05-30T23:08:45.754+00:00,,,8,50,75,50,67,58,58,58,83,75,2,1,2,3,1,3,2,3,2,3,1,2,2,2,2,3,3,2,2,1,2,2,1,1,1,2,1,1,2,2,2,1,3,2,2,2
173,2026-05-30T23:58:10.235041+00:00,,176,5,42,17,67,33,92,75,58,58,33,3,1,1,0,2,2,0,2,2,3,2,3,3,0,0,3,1,0,0,1,0,1,2,2,1,1,3,3,2,2,2,2,1,3,2,1
174,2026-05-31T01:19:13.106929+00:00,en,314,4,50,42,58,83,83,58,58,50,25,2,2,1,1,2,1,3,3,3,2,3,2,3,1,1,2,2,1,0,2,1,2,3,1,1,3,2,3,2,0,2,1,1,2,0,0
175,2026-05-31T03:10:21.129811+00:00,en,41,3,58,58,75,67,17,50,25,33,33,2,3,2,3,2,3,1,3,1,0,0,1,1,1,1,1,1,0,1,1,0,2,1,3,1,3,0,1,2,3,0,1,0,2,1,2
176,2026-05-31T03:23:29.211102+00:00,en,226,1,83,83,83,75,83,67,58,75,25,1,3,3,1,3,1,3,0,2,3,3,3,2,3,1,2,2,1,3,3,3,3,3,3,3,3,3,2,1,1,1,1,3,3,0,0
177,2026-05-31T04:21:58.11752+00:00,,243,4,92,92,92,100,83,100,67,92,92,3,3,2,3,3,3,3,3,2,3,3,3,3,2,3,2,3,3,3,2,3,3,2,3,3,3,3,2,3,3,2,1,3,3,3,2
178,2026-05-31T13:17:08.545+00:00,,,1,67,50,58,67,58,58,50,50,33,2,0,1,3,2,2,1,2,2,1,2,2,2,1,1,2,2,0,3,3,1,1,1,2,3,2,1,3,2,1,1,2,1,2,1,1
179,2026-05-31T13:27:48.695+00:00,,,5,50,25,75,67,83,42,58,75,67,1,2,1,2,2,2,0,3,1,3,3,1,3,0,1,3,3,1,2,1,0,0,3,2,3,2,3,3,1,0,3,1,2,3,2,2
180,2026-05-31T17:31:53.656752+00:00,,318,2,58,83,67,58,67,83,50,58,67,3,1,2,3,2,2,2,3,2,2,3,2,0,2,2,2,2,3,2,1,3,2,2,2,1,1,1,3,3,2,2,2,1,2,2,1
181,2026-05-31T18:04:02.657279+00:00,en,429,5,67,67,50,75,92,67,75,42,75,3,1,3,3,1,2,2,2,3,3,2,2,3,2,1,0,3,2,2,2,1,1,1,2,2,3,3,2,2,2,1,3,2,2,2,2
182,2026-06-01T00:18:33.671819+00:00,en,186,3,58,25,92,50,58,42,50,67,8,2,3,0,0,3,3,0,3,3,1,1,3,2,0,2,3,1,0,0,2,3,0,2,3,3,0,0,3,1,0,1,3,0,3,0,0
183,2026-06-01T00:57:55.400168+00:00,en,149,5,67,75,50,42,92,67,25,33,75,2,3,2,2,1,2,1,2,3,3,2,1,0,1,0,1,3,2,1,2,3,2,2,1,1,1,2,3,3,2,1,1,3,0,2,2
184,2026-06-01T02:21:47.014747+00:00,en,202,1,100,92,75,92,67,92,50,50,67,3,3,3,2,2,2,3,2,3,2,3,3,1,2,1,2,3,2,3,3,3,3,2,3,3,3,2,1,2,3,2,1,3,0,2,1
185,2026-06-01T05:21:26.343281+00:00,en,169,4,75,8,67,100,100,50,25,75,25,2,3,0,0,3,1,3,3,3,3,3,3,1,1,2,2,1,0,1,3,1,0,3,1,3,3,3,3,0,0,0,1,2,3,1,1
186,2026-06-01T05:21:30.484271+00:00,en,286,5,58,50,58,67,75,33,42,58,17,1,3,1,2,3,2,2,2,2,3,1,1,2,1,2,1,1,1,1,2,1,2,1,1,2,2,2,2,1,1,1,1,2,2,0,0
187,2026-06-01T05:56:50.379539+00:00,en,164,4,83,42,33,100,100,67,67,67,58,3,3,1,2,1,1,3,3,3,3,2,3,2,1,1,2,1,0,1,3,1,1,1,1,3,3,3,3,2,1,2,3,3,2,3,3
188,2026-06-01T12:34:44.983+00:00,,,1,92,50,67,75,67,75,50,50,42,3,3,2,2,3,2,2,2,3,1,2,2,3,1,2,2,2,1,3,2,1,1,3,0,2,3,2,2,3,2,1,1,2,0,2,0
189,2026-06-01T13:34:26.457161+00:00,en,272,5,83,50,67,50,92,42,33,25,58,2,3,1,0,3,3,1,1,3,2,2,1,1,1,1,1,3,2,2,3,3,2,1,1,2,2,3,3,1,1,2,0,1,0,1,1
190,2026-06-01T15:24:59.296073+00:00,en,211,4,58,33,58,75,75,58,50,33,42,1,2,1,1,1,3,1,3,2,2,1,3,1,1,1,1,1,1,2,2,1,1,1,2,3,2,2,3,2,1,2,2,1,1,2,1
191,2026-06-01T15:53:19.630938+00:00,en,230,2,58,67,67,50,33,33,67,33,50,2,2,2,1,2,3,1,1,0,1,1,2,3,2,1,0,2,1,2,1,3,2,3,0,2,2,1,2,0,1,2,1,3,0,2,1
192,2026-06-01T17:05:33.958621+00:00,en,377,4,42,50,42,58,50,58,50,42,50,1,1,2,1,0,2,2,2,0,1,0,2,1,2,1,1,3,1,2,1,2,1,2,1,1,2,2,3,3,2,2,1,2,1,1,1
193,2026-06-01T20:14:11.491527+00:00,en,395,2,58,67,42,17,42,50,58,50,50,1,2,2,2,2,1,1,0,2,0,1,1,1,3,1,1,3,1,2,2,2,2,0,2,0,1,1,2,2,2,1,2,2,2,1,1
194,2026-06-01T20:45:48.79951+00:00,en,233,2,83,100,75,75,100,100,42,50,67,2,2,3,3,2,3,1,3,3,3,3,3,1,3,0,3,3,3,3,3,3,3,3,1,3,2,3,3,3,3,0,1,3,0,1,1
195,2026-06-01T21:14:21.363+00:00,,,1,92,92,75,67,75,58,25,58,33,3,3,3,3,3,3,0,3,3,3,3,3,0,0,2,3,0,0,2,3,3,2,0,3,3,2,1,2,1,0,2,1,2,0,3,1
196,2026-06-01T21:26:55.392202+00:00,en,181,8,50,67,25,17,17,42,25,75,8,1,2,2,2,1,2,0,1,0,0,1,3,1,1,3,3,1,0,2,1,2,2,0,0,0,1,0,2,1,0,1,0,2,1,0,0
197,2026-06-01T21:28:21.503695+00:00,en,264,5,67,67,33,58,83,67,33,42,58,1,2,2,2,1,3,1,3,3,3,1,2,1,2,1,1,3,2,3,2,2,2,0,0,1,2,2,2,3,2,0,1,2,1,1,1
198,2026-06-01T21:34:24.629875+00:00,en,156,1,100,92,100,33,100,50,33,83,75,3,3,3,2,3,3,1,1,3,3,2,1,2,1,2,3,2,3,3,3,3,3,3,3,1,1,3,3,2,1,1,0,3,2,2,2
199,2026-06-01T22:03:37.585+00:00,,,1,83,67,67,83,75,75,58,42,58,3,3,1,3,1,3,3,3,2,2,3,3,2,2,2,0,1,2,2,2,2,2,2,2,2,2,2,3,2,1,2,1,3,0,2,2
200,2026-06-01T22:27:55.44316+00:00,en,233,2,75,92,75,50,42,58,33,33,17,3,3,2,3,3,1,2,1,0,1,3,1,3,1,2,0,2,0,2,1,3,3,3,2,0,3,1,3,2,1,0,0,2,0,0,0
201,2026-06-01T22:34:56.723871+00:00,en,128,5,50,50,58,50,67,58,67,42,58,2,2,1,2,1,3,2,1,2,2,2,1,2,2,1,1,2,2,1,1,2,1,2,1,1,2,2,2,2,2,2,2,1,2,1,2
202,2026-06-01T23:51:18.747194+00:00,en,181,4,67,67,50,83,83,83,42,42,67,2,2,1,3,2,3,3,2,2,3,2,2,1,1,0,2,3,1,2,2,3,1,0,1,3,2,2,3,3,3,2,1,1,2,3,1
203,2026-06-02T00:22:01.94796+00:00,en,148,5,42,42,50,75,83,58,67,58,75,2,1,1,2,1,1,3,2,1,3,1,3,1,1,1,2,1,3,1,1,1,1,2,2,3,1,3,3,1,2,3,3,2,2,3,2
204,2026-06-02T00:48:27.605652+00:00,en,172,8,33,58,58,67,75,92,58,100,92,1,1,2,3,0,3,3,3,1,2,3,3,3,2,3,3,2,3,1,1,1,1,3,1,1,1,3,3,3,2,0,2,3,3,3,3
205,2026-06-02T01:32:53.057533+00:00,en,256,4,92,42,33,100,100,92,17,50,25,3,3,2,3,1,2,3,3,3,3,3,3,1,0,2,0,0,1,2,3,0,0,0,1,3,3,3,3,3,2,0,1,1,3,0,2
206,2026-06-02T03:18:06.910575+00:00,en,184,6,58,67,50,75,67,92,42,17,50,2,2,2,1,1,2,1,3,1,3,3,3,1,0,1,0,1,2,2,1,3,2,2,1,3,2,2,2,2,3,2,2,1,0,2,1
207,2026-06-02T03:20:26.593245+00:00,en,185,4,50,58,42,83,75,58,58,58,42,1,1,2,1,0,2,3,2,1,3,1,3,2,2,1,1,2,0,2,2,2,2,2,1,2,3,3,2,2,1,2,1,3,2,2,1
208,2026-06-02T03:28:55.934369+00:00,en,146,8,42,17,58,58,33,42,58,92,8,1,3,1,1,2,2,2,1,1,1,2,3,2,2,2,3,0,0,0,1,0,0,1,2,2,2,0,2,0,0,2,1,3,3,1,0
209,2026-06-02T05:11:10.513232+00:00,en,186,2,33,100,75,33,17,33,42,25,58,1,2,3,3,2,2,2,1,0,1,2,0,1,1,1,0,2,1,1,0,3,3,2,3,0,1,0,1,1,1,1,2,1,1,2,2
210,2026-06-02T05:12:42.706031+00:00,en,271,5,92,58,33,58,100,58,42,25,92,2,3,3,3,1,3,1,1,3,3,3,1,1,0,1,0,3,3,3,3,0,1,0,0,2,3,3,3,2,1,1,3,2,0,2,3
211,2026-06-02T08:27:21.863882+00:00,en,262,5,33,42,33,58,92,58,67,58,17,1,1,2,1,2,2,3,0,2,3,3,2,2,3,2,3,1,0,1,1,1,1,0,0,1,3,3,3,2,0,1,2,1,1,0,1
212,2026-06-02T08:53:12.545633+00:00,en,529,4,50,33,17,67,67,42,67,50,0,2,1,2,2,1,1,3,0,2,3,1,2,3,2,1,0,0,0,1,2,0,0,0,0,2,3,1,2,2,0,0,3,3,2,0,0
213,2026-06-02T08:54:27.258492+00:00,en,699,4,33,25,42,58,50,33,25,33,8,1,1,1,0,3,1,1,1,2,0,3,1,1,0,1,2,1,0,1,1,1,1,1,0,2,3,2,2,0,0,1,1,1,0,0,0
214,2026-06-02T09:10:20.65762+00:00,en,273,4,83,58,50,92,83,83,75,75,58,3,2,2,3,2,2,3,3,3,3,3,3,3,3,3,3,3,1,3,2,1,1,1,1,2,3,1,3,3,1,1,2,0,3,1,2
215,2026-06-02T09:30:48.263745+00:00,,298,5,33,25,25,50,75,42,33,42,8,1,1,1,1,1,1,1,2,2,3,2,2,1,1,2,2,1,0,1,1,0,1,0,1,2,1,2,2,1,0,1,1,0,1,0,0
216,2026-06-02T11:03:03.924489+00:00,en,355,3,58,58,67,25,50,50,33,50,25,2,2,2,3,3,1,1,1,2,2,2,1,1,2,1,1,1,1,2,1,1,1,1,3,0,1,1,1,2,1,0,1,2,2,1,0
217,2026-06-02T12:00:06.970059+00:00,en,1480,4,83,75,75,100,100,92,67,67,25,3,3,1,3,2,3,3,3,3,3,3,3,3,1,2,3,1,1,2,2,3,2,1,3,3,3,3,3,3,2,1,3,1,2,0,1
218,2026-06-02T12:13:24.438145+00:00,en,388,2,67,75,50,75,42,58,75,25,42,2,3,2,3,3,1,2,3,2,2,1,1,3,1,1,0,1,1,1,2,2,2,2,0,1,3,0,1,2,3,2,3,2,0,1,2
219,2026-06-02T14:03:53.748614+00:00,en,392,3,50,17,92,67,67,75,50,75,17,1,2,1,1,3,3,2,1,2,1,3,2,2,1,2,3,1,0,2,1,0,0,2,3,3,2,2,3,3,1,2,1,2,2,0,1
220,2026-06-02T15:31:08.957733+00:00,en,231,4,83,50,42,92,83,58,58,67,42,3,2,1,2,2,1,3,2,2,3,3,2,3,2,2,1,2,0,2,3,2,1,1,1,3,3,3,2,2,0,0,2,2,3,1,2
221,2026-06-02T16:43:51.783522+00:00,en,460,7,42,83,83,42,33,75,92,83,83,1,3,2,3,2,3,0,1,2,0,3,3,3,2,3,2,3,3,1,0,3,2,3,2,3,1,1,1,1,2,3,3,3,2,2,2
222,2026-06-02T17:37:39.589039+00:00,en,316,3,50,17,67,50,50,58,33,17,8,2,3,1,1,2,2,2,1,1,0,1,1,0,1,1,0,1,0,1,0,0,0,2,2,0,3,2,3,3,2,0,3,1,0,0,0
223,2026-06-02T17:39:51.378522+00:00,en,463,2,67,100,50,58,58,50,17,42,75,2,2,3,3,2,2,2,1,2,1,1,2,0,2,2,0,3,3,2,2,3,3,1,1,1,3,2,2,1,2,0,0,3,0,1,2
224,2026-06-02T18:28:08.585248+00:00,en,22,1,0,0,0,0,0,0,0,0,0,0,0,0,0,0,0,0,0,0,0,0,0,0,0,0,0,0,0,0,0,0,0,0,0,0,0,0,0,0,0,0,0,0,0,0,0
225,2026-06-02T18:28:49.839974+00:00,en,21,1,0,0,0,0,0,0,0,0,0,0,0,0,0,0,0,0,0,0,0,0,0,0,0,0,0,0,0,0,0,0,0,0,0,0,0,0,0,0,0,0,0,0,0,0,0
226,2026-06-02T18:43:09.189606+00:00,en,238,2,50,92,67,8,25,75,58,83,67,1,1,2,3,3,1,0,1,1,0,3,3,3,2,2,2,3,2,2,2,3,3,2,2,0,0,1,1,2,1,1,1,3,3,1,2
227,2026-06-02T19:35:23.420776+00:00,en,21,1,0,0,0,0,0,0,0,0,0,0,0,0,0,0,0,0,0,0,0,0,0,0,0,0,0,0,0,0,0,0,0,0,0,0,0,0,0,0,0,0,0,0,0,0,0
228,2026-06-02T19:57:29.06616+00:00,en,22,1,0,0,0,0,0,0,0,0,0,0,0,0,0,0,0,0,0,0,0,0,0,0,0,0,0,0,0,0,0,0,0,0,0,0,0,0,0,0,0,0,0,0,0,0,0
229,2026-06-02T20:52:11.637353+00:00,en,203,4,67,33,50,83,58,50,42,58,42,2,2,1,1,2,2,3,2,3,1,1,2,1,2,1,1,1,0,2,2,1,1,2,0,3,2,1,2,2,1,2,0,2,3,2,2
230,2026-06-02T21:01:00.951777+00:00,en,27,1,0,0,0,0,0,0,0,0,0,0,0,0,0,0,0,0,0,0,0,0,0,0,0,0,0,0,0,0,0,0,0,0,0,0,0,0,0,0,0,0,0,0,0,0,0
231,2026-06-02T21:02:37.636959+00:00,en,26,1,0,0,0,0,0,0,0,0,0,0,0,0,0,0,0,0,0,0,0,0,0,0,0,0,0,0,0,0,0,0,0,0,0,0,0,0,0,0,0,0,0,0,0,0,0
232,2026-06-02T23:06:18.709851+00:00,en,266,9,67,67,42,67,50,67,33,33,75,2,3,2,2,1,2,1,3,2,1,1,1,1,1,1,1,3,3,1,2,2,2,2,0,2,2,1,2,3,3,2,0,2,0,1,2
233,2026-06-03T01:04:25.502254+00:00,en,241,4,75,58,58,83,50,50,58,75,33,3,3,2,2,3,2,3,1,1,1,1,1,3,0,3,1,1,1,1,2,1,2,0,2,3,3,1,3,2,2,1,3,3,2,1,1
234,2026-06-03T01:41:59.577575+00:00,en,141,1,100,17,100,100,83,58,0,8,50,3,3,1,0,3,3,3,3,3,3,3,1,0,0,1,0,3,2,3,3,0,1,3,3,3,3,2,2,0,3,0,0,0,0,0,1
235,2026-06-03T02:37:23.482602+00:00,en,223,8,67,67,50,75,58,50,42,83,8,2,2,3,3,1,3,2,2,2,2,3,3,2,2,2,3,1,0,2,2,0,2,2,0,2,3,2,1,0,0,1,0,3,2,0,0
236,2026-06-03T02:47:07.337379+00:00,en,1196,5,83,67,83,83,92,58,50,92,33,3,3,2,2,3,2,2,3,3,3,1,3,2,2,3,2,2,2,2,2,1,3,3,2,2,3,3,2,2,1,1,1,3,3,0,0
237,2026-06-03T06:51:40.501017+00:00,en,304,5,83,8,50,67,100,67,25,50,25,3,1,1,0,2,0,3,1,3,3,1,3,0,2,2,0,2,0,3,3,0,0,1,3,2,2,3,3,3,1,0,1,3,1,0,1
238,2026-06-03T06:57:29.097726+00:00,en,309,4,75,58,50,83,58,50,75,42,58,2,1,2,3,1,1,3,3,3,2,3,2,3,2,1,0,2,1,3,3,2,0,1,3,3,1,2,0,0,1,1,3,1,3,3,1
239,2026-06-03T08:12:28.403605+00:00,,1017,1,92,67,92,67,83,67,42,83,58,3,3,2,2,3,3,0,3,2,3,2,3,2,0,1,3,1,2,3,2,3,1,2,3,3,2,2,3,1,2,3,0,3,3,2,2
240,2026-06-03T08:46:02.655715+00:00,en,543,5,58,67,58,92,100,67,33,67,50,2,3,2,3,3,3,3,3,3,3,1,2,1,1,1,1,1,2,1,1,2,1,0,1,2,3,3,3,3,2,0,2,3,3,2,1
241,2026-06-03T11:04:37.409972+00:00,en,226,2,67,92,67,92,83,83,58,25,67,1,3,3,3,1,3,3,3,3,3,3,1,2,1,1,0,2,3,3,1,2,3,2,2,2,3,1,3,3,3,1,3,2,0,2,1
242,2026-06-03T11:29:14.18201+00:00,en,260,4,75,50,75,100,100,58,42,42,42,1,3,1,2,2,3,3,3,3,3,3,2,1,1,1,1,2,0,3,2,2,1,1,3,3,3,3,3,1,1,1,2,1,2,2,1
243,2026-06-03T13:50:48.310698+00:00,en,331,2,50,92,75,50,33,83,8,33,25,2,2,3,3,2,2,2,2,2,0,3,2,1,0,1,0,1,0,1,1,3,2,2,3,1,1,0,2,3,2,0,0,3,0,0,2
244,2026-06-03T14:48:41.167382+00:00,en,179,5,92,83,83,67,100,92,17,100,58,3,3,2,2,3,1,2,2,3,3,3,2,1,0,3,3,1,1,3,2,3,3,3,3,2,2,3,3,3,3,1,0,3,3,3,2
245,2026-06-03T15:14:35.007137+00:00,en,42,2,83,100,100,100,100,100,100,100,100,3,3,3,3,3,3,3,3,3,3,3,3,3,3,3,3,3,3,1,3,3,3,3,3,3,3,3,3,3,3,3,3,3,3,3,3
246,2026-06-03T15:46:32.469981+00:00,en,25,3,50,25,75,67,17,58,58,33,58,1,3,2,0,3,2,1,3,0,1,0,3,1,3,1,0,3,1,0,2,1,0,3,1,1,3,0,1,3,1,0,3,2,1,3,0
247,2026-06-03T16:15:19.93613+00:00,en,265,9,33,83,92,83,83,83,75,58,100,1,1,3,3,2,3,1,3,3,3,1,3,3,2,0,1,3,3,1,1,1,3,3,3,3,3,3,1,3,3,2,2,3,3,3,3
248,2026-06-03T16:42:28.536638+00:00,en,322,3,67,25,92,67,75,67,33,67,67,2,2,1,1,3,3,2,1,2,2,2,3,1,1,1,3,2,2,1,3,1,0,2,3,3,2,2,3,2,1,1,1,1,3,1,3
249,2026-06-03T16:57:58.78062+00:00,en,203,5,58,42,42,75,100,83,67,58,75,2,2,1,2,1,3,2,2,3,3,3,3,2,1,1,2,2,2,1,2,1,1,0,1,2,3,3,3,2,2,2,3,2,2,3,2
250,2026-06-03T18:05:01.359929+00:00,en,205,1,100,83,83,92,75,100,25,58,67,3,3,3,3,3,2,2,3,1,3,3,3,0,0,1,2,1,1,3,3,2,2,2,3,3,3,3,2,3,3,1,2,2,2,3,3
251,2026-06-03T19:43:20.78351+00:00,en,1267,5,92,25,67,67,100,42,33,42,17,3,3,1,2,3,2,1,3,3,3,1,2,2,0,1,2,2,0,2,3,0,0,0,3,2,2,3,3,1,1,0,2,1,1,0,0
252,2026-06-03T19:55:31.738371+00:00,en,268,4,67,33,58,75,58,33,58,75,8,1,3,1,1,3,1,3,2,1,2,1,2,3,2,3,2,0,0,2,2,1,1,1,2,2,2,1,3,0,1,1,1,3,1,1,0
253,2026-06-03T22:27:37.061974+00:00,en,174,1,100,92,8,83,75,67,42,58,17,3,3,2,3,1,0,3,3,1,3,3,3,1,1,2,2,1,0,3,3,3,3,0,0,1,3,2,3,2,0,1,2,1,2,0,1
254,2026-06-03T22:54:44.471541+00:00,en,476,5,58,42,58,50,67,42,50,58,17,2,3,2,2,3,2,2,2,2,3,1,2,1,3,3,1,1,0,1,1,1,0,1,1,1,1,2,1,1,1,1,1,2,1,1,0
255,2026-06-04T00:10:14.675041+00:00,en,135,7,50,25,67,42,50,50,92,58,67,2,2,1,0,1,2,1,3,0,0,1,2,3,2,2,1,2,2,1,1,2,0,3,2,0,1,3,3,1,2,3,3,2,2,2,2
256,2026-06-04T00:11:39.824109+00:00,en,226,1,92,67,33,67,83,67,25,75,33,2,3,2,2,2,1,2,3,3,2,3,2,1,0,2,2,1,1,3,3,2,2,1,0,1,2,2,3,2,1,0,2,3,2,1,1
257,2026-06-04T02:47:39.82342+00:00,en,675,3,67,25,92,25,83,58,33,42,42,2,3,1,1,2,3,0,2,3,2,2,2,1,0,1,2,2,0,1,2,1,0,3,3,0,1,2,3,2,1,1,2,1,1,2,1
258,2026-06-04T02:52:44.159915+00:00,en,119,4,92,75,83,100,100,92,50,67,58,2,3,1,3,3,3,3,3,3,3,3,2,3,1,1,2,1,2,3,3,3,2,2,2,3,3,3,3,3,3,1,1,2,3,3,1
259,2026-06-04T04:30:06.546698+00:00,en,240,5,58,25,58,67,100,58,25,8,17,1,3,2,1,1,2,2,2,3,3,2,3,1,1,1,0,2,0,1,2,0,0,2,2,2,2,3,3,2,0,0,1,0,0,0,0
260,2026-06-04T05:53:48.009326+00:00,en,199,6,67,67,75,67,92,100,67,42,83,2,2,3,3,2,3,3,0,3,3,3,3,2,0,1,0,3,2,3,1,1,1,1,3,2,3,2,3,3,3,3,3,1,3,3,2
261,2026-06-04T06:11:02.207557+00:00,en,198,1,92,50,67,67,75,75,25,92,8,3,3,2,2,3,3,3,1,1,3,2,3,1,0,3,3,0,0,2,3,0,2,1,1,2,2,2,3,3,1,1,1,2,3,1,0
262,2026-06-04T06:27:12.620362+00:00,en,230,3,58,58,75,67,42,67,58,17,42,2,2,2,1,2,3,2,2,1,1,2,1,2,1,1,0,1,2,1,2,2,2,2,2,2,2,1,2,2,3,1,3,1,0,1,1
263,2026-06-04T06:33:41.168978+00:00,en,298,4,50,42,42,75,58,67,17,42,58,1,1,1,1,1,2,2,3,2,0,2,2,1,0,0,1,2,0,2,2,1,2,0,2,2,2,2,3,3,1,0,1,2,2,3,2
264,2026-06-04T06:50:21.901465+00:00,en,736,5,92,50,58,75,100,83,33,25,58,3,3,1,1,1,3,2,1,3,3,3,2,1,1,2,0,2,3,2,3,3,1,1,2,3,3,3,3,3,2,1,1,0,1,1,1
265,2026-06-04T07:53:39.202221+00:00,en,279,3,75,50,92,83,83,75,67,67,58,2,3,3,2,3,2,3,2,2,2,3,1,1,1,1,3,1,0,1,3,0,1,3,3,2,3,3,3,2,3,3,3,2,2,3,3
266,2026-06-04T07:56:42.524514+00:00,en,258,5,75,50,67,67,83,58,17,33,33,2,3,2,1,2,2,2,1,2,3,3,1,0,0,2,1,1,0,2,2,2,1,2,2,2,3,3,2,1,2,1,1,1,0,1,2
267,2026-06-04T07:57:11.317291+00:00,en,696,3,83,33,92,75,58,67,33,50,50,2,3,0,3,3,2,3,1,3,3,3,2,0,1,0,3,3,0,2,3,1,0,3,3,3,2,1,0,3,0,2,1,3,0,3,0
268,2026-06-04T08:15:12.804929+00:00,en,262,5,58,33,58,58,67,58,25,17,17,2,2,1,1,3,2,2,1,2,2,2,2,1,2,1,1,2,0,2,1,1,1,0,2,2,2,2,2,2,1,0,0,0,0,0,0
269,2026-06-04T08:28:17.859408+00:00,en,265,3,58,58,67,50,67,50,50,25,33,2,0,3,2,3,1,1,2,3,2,2,2,3,2,1,0,3,0,3,2,1,1,2,2,1,2,0,3,2,0,1,0,2,0,0,1
270,2026-06-04T08:57:55.985643+00:00,en,362,2,58,100,83,92,92,83,83,25,83,2,3,3,3,2,3,3,3,2,3,2,2,2,2,0,0,3,3,1,1,3,3,2,3,3,2,3,3,3,3,3,3,3,0,2,2
271,2026-06-04T09:29:26.564948+00:00,en,1351,5,50,42,50,75,92,75,50,42,25,1,1,1,3,1,3,1,2,3,2,2,3,3,1,1,1,1,0,1,3,1,0,1,1,3,3,3,3,3,1,1,1,3,0,2,0
272,2026-06-04T11:18:36.917044+00:00,en,352,5,83,58,17,67,92,67,25,50,83,2,3,1,1,0,2,0,3,2,3,3,3,0,0,1,2,1,3,2,3,2,3,0,0,3,2,3,3,1,1,0,3,2,1,3,3
273,2026-06-04T11:22:23.500863+00:00,en,566,1,100,58,58,100,75,92,50,8,67,3,3,2,3,1,2,3,3,2,3,3,2,2,0,0,0,1,2,3,3,1,1,1,3,3,3,3,1,3,3,2,2,1,0,2,3
274,2026-06-04T11:25:44.010293+00:00,,408,1,75,50,75,58,42,42,75,58,42,3,2,1,3,2,3,1,2,1,1,0,3,3,1,2,1,0,2,1,3,0,2,2,2,1,3,1,2,1,1,3,2,1,3,2,1
275,2026-06-04T11:27:09.423415+00:00,en,577,4,75,50,67,92,58,83,67,58,25,1,3,3,1,2,2,2,3,1,3,3,3,3,2,1,1,2,1,2,3,1,1,2,2,3,3,0,3,3,1,2,1,2,3,0,0
276,2026-06-04T14:20:33.97313+00:00,en,809,1,100,67,67,92,100,83,75,50,33,3,3,2,3,2,3,3,2,3,3,3,2,3,1,1,2,2,2,3,3,2,1,1,2,3,3,3,3,2,3,2,3,3,0,0,0
277,2026-06-04T14:27:31.381439+00:00,en,1056,7,33,50,50,33,50,42,75,25,50,1,1,2,3,1,2,2,1,1,3,1,2,2,3,1,1,3,1,1,1,0,1,2,1,1,0,0,2,1,1,2,2,1,0,1,1
278,2026-06-04T14:49:55.639645+00:00,en,465,5,67,50,50,67,83,75,33,58,33,1,3,3,1,1,2,2,2,1,3,3,2,2,1,2,1,2,1,2,2,1,1,2,1,2,2,3,3,2,2,0,1,3,1,0,1
279,2026-06-04T15:15:17.100718+00:00,en,152,8,83,33,58,25,83,58,25,92,42,3,2,1,1,2,2,0,1,2,3,2,3,1,0,2,3,1,1,2,3,1,1,2,1,1,1,2,3,1,1,1,1,3,3,2,1
280,2026-06-04T16:54:45.85549+00:00,en,221,5,42,8,50,75,92,25,75,58,42,1,2,0,1,1,1,0,3,3,2,0,3,3,1,1,3,1,0,1,1,0,0,1,3,3,3,3,3,0,0,3,2,0,3,3,1
281,2026-06-04T16:56:14.050501+00:00,en,333,4,67,75,50,83,58,67,25,58,67,2,3,2,1,2,1,2,3,2,2,3,2,1,0,1,2,3,1,2,1,3,3,3,0,2,3,2,1,2,1,2,0,3,1,2,2
282,2026-06-04T16:58:22.78+00:00,,,4,58,33,17,92,75,50,42,25,58,1,2,1,0,1,1,3,3,3,3,3,2,1,2,2,0,2,2,2,2,1,2,0,0,3,2,3,0,0,1,0,2,1,0,1,2
283,2026-06-04T23:22:05.815184+00:00,en,169,5,58,17,0,25,83,58,25,33,25,2,1,1,1,0,0,1,0,3,3,1,3,1,1,2,1,2,0,2,2,0,0,0,0,1,1,3,1,3,0,0,1,0,1,0,1
284,2026-06-05T00:01:36.639179+00:00,en,189,3,58,50,100,25,33,25,50,67,33,2,2,2,2,3,3,2,0,0,1,1,1,2,2,3,1,2,0,2,1,1,1,3,3,0,1,2,1,0,1,1,1,2,2,1,1
285,2026-06-05T05:15:08.619642+00:00,en,319,5,83,58,50,75,100,83,67,92,58,1,3,3,3,3,0,3,0,3,3,3,3,3,3,2,3,3,0,3,3,0,1,0,3,3,3,3,3,3,1,1,1,3,3,3,1
286,2026-06-05T05:20:18.987179+00:00,en,240,5,58,75,50,92,100,75,25,25,67,2,3,2,2,2,3,2,3,3,3,2,2,0,0,1,2,3,3,1,1,3,2,0,1,3,3,3,3,2,3,1,2,0,0,0,2
287,2026-06-05T05:26:01.47873+00:00,,416,4,50,50,33,67,67,67,33,42,50,1,2,2,2,1,1,2,2,2,2,3,3,2,1,1,1,2,1,1,2,1,1,1,1,3,1,2,2,1,1,1,0,2,1,2,1
288,2026-06-05T05:44:24.006331+00:00,en,552,3,83,83,92,58,58,67,67,92,67,2,3,3,2,3,3,3,2,1,2,2,0,2,3,2,3,3,1,3,2,3,2,3,2,2,0,1,3,3,3,2,1,3,3,3,1
289,2026-06-05T05:56:19.421852+00:00,en,208,1,100,58,75,83,100,75,50,58,25,3,3,2,3,3,0,2,2,3,3,2,3,1,3,3,1,2,1,3,3,1,1,3,3,3,3,3,3,3,1,2,0,1,2,0,0
290,2026-06-05T07:48:07.650957+00:00,,234,5,75,50,33,67,92,75,75,83,50,2,3,2,0,1,0,0,3,2,3,2,3,3,3,3,3,2,2,1,3,2,2,3,0,2,3,3,3,3,1,3,0,2,2,1,1
291,2026-06-05T10:29:50.146938+00:00,en,168,6,42,50,17,67,67,75,17,42,58,1,1,2,1,0,1,2,2,2,3,2,2,1,0,1,1,2,1,2,1,2,1,1,0,2,2,2,1,2,3,0,1,2,1,2,2
292,2026-06-05T12:43:48.334343+00:00,,536,2,50,75,58,58,50,58,67,50,33,2,1,1,3,2,2,3,2,3,1,1,3,3,2,1,2,3,0,2,1,3,2,1,2,0,2,0,2,2,1,2,1,2,1,0,1
293,2026-06-05T13:18:23.382883+00:00,en,213,1,75,58,58,50,58,58,33,42,33,2,3,2,2,3,2,1,1,2,2,2,1,1,1,2,2,1,1,2,2,2,1,0,2,2,2,1,2,2,2,1,1,1,0,1,1
294,2026-06-05T14:28:05.351085+00:00,en,166,5,75,33,92,58,100,67,8,42,25,2,3,1,2,3,2,2,1,3,3,3,3,1,0,1,2,1,0,2,2,1,0,3,3,2,2,3,3,1,1,0,0,0,2,2,0
295,2026-06-05T15:15:22.423803+00:00,en,427,4,33,33,42,67,50,58,42,33,58,1,1,1,1,1,2,2,2,1,2,1,2,1,0,1,1,2,1,1,1,1,1,1,1,2,2,2,1,2,2,2,2,1,1,2,2
296,2026-06-05T16:07:49.819407+00:00,en,164,5,67,58,50,83,92,50,33,25,33,3,3,2,1,2,2,3,1,3,3,3,1,1,1,2,1,1,2,0,2,2,2,1,1,3,3,2,3,0,2,1,1,0,0,0,1
297,2026-06-05T16:25:36.602559+00:00,en,466,4,83,50,58,92,83,75,67,75,33,3,3,2,3,1,2,3,2,2,2,3,2,1,3,3,1,1,0,2,2,0,1,2,2,3,3,3,3,3,1,1,3,3,2,1,2
298,2026-06-05T17:21:46.482845+00:00,en,435,6,67,8,58,75,83,100,42,92,50,3,1,0,1,1,3,1,2,3,3,3,3,0,0,3,3,3,1,1,3,0,0,1,2,3,3,1,3,3,3,2,3,2,3,2,0
299,2026-06-05T17:28:35.132913+00:00,en,323,5,25,58,33,58,83,42,42,33,67,1,1,1,1,1,2,0,3,3,3,2,1,1,1,1,0,3,2,0,1,3,2,0,1,3,1,2,2,1,1,0,3,3,0,1,2
300,2026-06-05T17:51:40.148166+00:00,en,1479,9,58,42,33,83,67,67,50,42,92,3,1,1,2,1,3,1,3,0,3,2,2,1,0,2,0,2,3,0,3,1,1,0,0,3,3,2,3,2,2,2,3,2,1,3,3
301,2026-06-05T18:54:18.341365+00:00,en,131,5,50,50,67,67,83,67,8,42,50,1,3,2,2,3,2,2,2,3,3,2,3,1,0,1,2,3,1,1,1,1,1,2,1,2,2,2,2,2,1,0,0,1,1,1,1
302,2026-06-05T19:00:20.138599+00:00,en,218,5,58,42,50,58,67,42,42,67,33,2,1,1,1,2,2,2,1,2,1,2,1,2,1,2,2,2,1,2,2,2,1,1,1,2,2,2,3,1,1,0,2,2,2,1,0
303,2026-06-05T19:35:35.158741+00:00,en,1578,1,83,58,58,75,67,58,67,33,75,2,3,1,3,1,3,2,3,3,0,0,1,2,0,1,2,3,2,2,3,3,0,3,0,2,2,2,3,3,3,3,3,1,0,2,2
304,2026-06-05T20:12:13.170138+00:00,en,251,1,67,25,33,58,67,8,33,67,0,2,2,2,1,2,1,2,0,1,2,0,1,1,2,1,2,0,0,2,2,0,0,0,1,2,3,3,2,0,0,0,1,3,2,0,0
305,2026-06-05T20:15:28.9874+00:00,en,313,4,67,75,58,92,75,75,50,33,83,2,2,2,2,1,3,2,3,2,2,2,3,2,1,0,1,2,3,2,2,3,2,1,2,3,3,2,3,1,3,1,2,3,0,3,2
306,2026-06-05T20:39:55.249428+00:00,en,442,1,100,42,42,100,100,58,42,50,67,3,3,1,1,2,1,3,3,3,3,2,1,2,0,1,1,2,1,3,3,2,1,1,1,3,3,3,3,2,2,0,3,3,1,3,2
307,2026-06-05T23:16:29.949339+00:00,en,295,1,92,25,58,50,58,42,42,92,25,3,3,1,0,3,0,1,1,0,2,1,3,2,1,3,3,1,0,2,3,1,1,3,1,2,2,2,3,1,0,1,1,2,3,1,1
308,2026-06-05T23:17:12.474241+00:00,en,175,2,33,83,75,58,67,50,75,50,33,1,1,2,3,2,3,2,3,2,2,1,1,1,3,3,2,1,1,1,1,2,3,2,2,1,1,2,2,2,2,2,3,1,0,1,1
309,2026-06-05T23:17:54.486131+00:00,en,235,2,50,58,50,58,33,58,25,33,33,1,2,1,2,2,2,2,2,1,1,2,2,1,0,1,1,1,1,1,2,2,2,1,1,1,2,1,1,2,1,1,1,1,1,1,1
310,2026-06-05T23:31:01.593066+00:00,en,217,6,42,58,58,25,33,83,75,33,58,1,2,1,3,2,3,0,2,0,1,2,2,3,0,0,1,2,2,1,1,1,2,0,2,0,1,0,3,3,3,3,3,2,1,1,2
311,2026-06-06T00:52:35.9175+00:00,en,344,5,83,75,42,58,92,75,50,33,58,2,3,2,3,1,3,2,1,3,3,2,2,1,2,1,0,2,2,3,2,1,3,0,1,2,2,2,3,2,3,2,1,3,0,1,2
312,2026-06-06T00:54:53.739619+00:00,en,656,1,100,67,100,83,100,75,50,92,17,3,3,3,3,3,3,3,1,3,3,3,3,3,3,3,3,2,0,3,3,1,1,3,3,3,3,3,3,3,0,0,0,3,2,0,0
313,2026-06-06T01:10:52.218913+00:00,en,622,2,58,92,67,92,50,75,50,58,50,1,3,3,2,2,2,3,3,1,1,2,2,2,1,1,2,2,2,1,2,3,3,2,2,3,2,1,3,2,3,2,1,3,1,1,1
314,2026-06-06T01:56:12.756217+00:00,en,638,6,67,50,25,50,67,75,42,50,42,3,3,1,2,1,1,2,1,3,2,3,1,1,1,0,3,2,1,1,1,2,1,1,0,1,2,1,2,3,2,1,2,1,2,1,1
315,2026-06-06T04:41:31.423332+00:00,en,610,5,75,67,75,92,100,67,25,75,33,3,2,3,1,3,1,3,2,3,3,3,3,0,1,1,3,1,1,2,2,2,2,3,2,3,3,3,3,2,0,0,2,3,2,1,1
316,2026-06-06T05:06:47.078094+00:00,en,298,4,58,58,33,92,83,33,67,0,50,1,2,2,3,1,2,2,3,2,3,1,1,2,1,0,0,2,2,1,3,1,1,1,0,3,3,3,2,1,1,2,3,0,0,1,1
317,2026-06-06T05:18:21.597947+00:00,en,224,2,67,75,50,75,25,58,25,58,25,1,3,3,3,1,0,2,3,0,2,0,3,2,0,1,1,0,1,3,1,1,2,2,3,2,2,0,1,2,2,1,0,3,2,2,0
318,2026-06-06T07:31:14.826825+00:00,en,1178,1,75,33,25,42,58,50,17,25,25,3,2,3,1,1,0,1,2,3,3,1,3,1,0,2,0,3,0,2,2,0,0,0,2,1,1,1,0,1,1,1,0,1,0,0,0
319,2026-06-06T09:19:31.722925+00:00,en,250,3,67,50,83,67,67,58,42,50,58,2,2,1,3,3,2,1,3,1,2,2,1,1,1,2,1,2,2,2,2,1,1,2,3,2,2,2,3,2,2,2,1,1,2,2,1
320,2026-06-06T09:50:56.066239+00:00,en,288,2,50,75,42,75,42,50,50,42,42,1,2,2,3,2,2,3,2,2,1,2,1,2,1,1,1,1,2,2,1,3,1,0,1,2,2,0,2,2,1,2,1,2,1,0,2
321,2026-06-06T09:52:30.169397+00:00,en,327,2,67,92,25,67,92,58,25,42,50,2,3,3,3,1,1,2,3,3,3,2,2,1,1,1,0,2,2,1,2,3,2,1,0,1,2,3,2,2,1,1,0,3,1,1,1
322,2026-06-06T10:53:04.217093+00:00,en,253,4,50,33,25,92,75,17,50,17,33,2,2,1,1,1,1,3,3,3,3,1,0,2,1,1,0,1,0,0,2,1,1,1,0,2,3,2,1,0,1,1,2,1,0,1,2
323,2026-06-06T14:16:15.173993+00:00,en,301,1,92,67,83,50,50,67,75,58,50,2,3,3,2,3,3,1,1,3,0,2,1,3,3,3,2,3,0,3,3,1,2,1,3,3,1,0,3,3,2,3,0,2,0,1,2
324,2026-06-06T16:28:38.913496+00:00,en,195,6,42,83,42,83,50,92,83,92,75,1,1,1,3,2,3,2,3,2,2,3,2,3,1,2,3,3,3,2,1,3,3,0,0,3,2,0,2,3,3,3,3,3,3,3,0
325,2026-06-06T17:06:08.460374+00:00,en,215,4,75,58,42,92,92,83,33,42,58,2,3,2,1,0,2,3,2,3,3,3,2,1,1,0,2,2,2,1,3,2,2,0,3,3,3,3,2,2,3,0,2,0,3,1,2
326,2026-06-06T20:24:23.096837+00:00,en,277,6,50,42,58,42,83,92,67,75,83,1,1,2,1,3,1,2,2,1,3,3,3,3,2,2,3,3,2,3,1,0,2,1,2,1,0,3,3,2,3,1,2,3,1,2,3
327,2026-06-06T21:08:54.615725+00:00,en,239,5,75,33,67,58,100,58,42,25,67,1,3,1,1,3,2,1,3,3,3,3,2,1,1,1,1,2,1,2,3,1,1,2,1,1,2,3,3,1,1,1,2,1,0,3,2
328,2026-06-06T21:19:58.619881+00:00,en,231,5,50,67,58,75,83,83,50,50,75,2,1,2,2,2,3,3,2,2,3,3,2,1,1,1,0,2,3,2,1,1,3,1,1,2,2,3,2,3,2,1,3,3,2,1,3
329,2026-06-06T21:44:36.305496+00:00,en,270,7,58,58,58,67,67,58,75,33,25,1,2,3,2,1,2,3,1,2,3,1,2,2,2,1,0,1,1,2,2,1,1,1,3,1,3,0,3,2,2,2,3,3,0,1,0
330,2026-06-06T23:14:23.811131+00:00,en,321,5,42,33,17,58,67,33,33,17,17,1,1,2,1,1,1,1,1,1,2,1,2,2,2,1,1,2,0,2,1,1,0,0,0,3,2,3,2,1,0,0,0,0,0,0,0
331,2026-06-06T23:32:20.175799+00:00,en,296,3,58,33,67,42,17,58,25,50,8,0,3,2,1,1,3,1,2,0,0,3,1,3,0,2,1,0,0,2,2,1,0,3,1,0,2,1,1,2,1,0,0,3,0,0,1
332,2026-06-06T23:54:49.380992+00:00,en,203,1,100,0,25,100,83,50,58,83,0,3,3,0,0,0,0,3,3,2,2,3,3,3,1,3,3,0,0,3,3,0,0,3,0,3,3,3,3,0,0,3,0,1,3,0,0
333,2026-06-07T00:14:11.737286+00:00,en,225,8,50,58,42,58,42,67,50,75,42,1,2,2,2,2,0,1,2,2,0,2,3,1,1,2,2,1,2,2,1,1,2,3,0,3,1,0,3,2,1,3,1,2,3,1,1
334,2026-06-07T00:19:46.553013+00:00,en,513,2,33,92,58,33,8,25,58,67,42,1,0,2,3,2,2,1,2,0,0,2,0,1,3,3,1,2,1,1,2,3,3,2,1,0,1,0,1,1,0,2,1,3,1,1,1
335,2026-06-07T02:30:38.10179+00:00,en,235,2,17,100,50,58,50,50,67,33,67,1,1,3,3,1,3,3,0,3,2,1,1,1,3,0,0,3,1,0,0,3,3,1,1,1,3,0,1,3,1,2,2,3,1,2,2
336,2026-06-07T04:15:42.913112+00:00,en,125,1,92,50,83,58,75,67,33,58,33,2,3,2,2,3,3,3,1,2,1,2,1,0,0,2,1,1,0,3,3,1,1,2,2,1,2,3,3,3,2,2,2,2,2,1,2
337,2026-06-07T06:12:09.535524+00:00,en,195,5,58,42,25,42,75,50,17,50,42,2,2,2,2,1,2,2,2,3,2,2,2,1,1,2,0,2,2,2,1,0,1,0,0,1,0,2,2,2,0,0,0,2,2,0,1
338,2026-06-07T06:31:02.085394+00:00,en,411,1,83,8,83,67,67,58,25,83,8,2,3,1,0,3,3,2,1,3,2,3,3,2,1,3,3,1,0,2,3,0,0,1,3,3,2,1,2,1,0,0,0,1,3,0,0
339,2026-06-07T06:31:07.122649+00:00,en,225,5,92,33,42,50,100,50,17,92,8,2,3,1,1,2,0,0,2,3,3,3,2,0,1,3,3,0,1,3,3,1,1,3,0,3,1,3,3,1,0,0,1,3,2,0,0
340,2026-06-07T08:49:11.274318+00:00,,647,5,50,50,67,50,75,75,58,42,50,2,2,1,2,2,3,2,2,3,3,1,3,2,1,1,0,2,1,0,2,2,1,2,1,1,1,2,1,2,3,2,2,1,3,1,2
341,2026-06-07T10:41:55.982853+00:00,en,193,4,83,75,50,92,75,75,75,25,75,2,3,1,3,1,1,3,3,2,2,2,2,2,2,0,1,3,2,2,3,3,2,2,2,2,3,3,2,3,2,2,3,1,1,2,2
342,2026-06-07T10:58:07.072848+00:00,en,215,4,33,58,25,75,50,25,42,25,67,1,1,2,2,1,1,2,3,2,1,1,0,1,1,1,0,3,1,1,1,2,1,0,1,2,2,2,1,1,1,1,2,2,0,2,2
343,2026-06-07T11:26:49.445129+00:00,en,370,1,100,50,58,92,100,58,75,58,25,3,3,3,3,3,0,3,2,3,3,3,3,1,3,1,3,1,0,3,3,0,0,1,3,3,3,3,3,1,0,2,3,0,3,0,2
344,2026-06-07T11:30:26.542641+00:00,en,193,1,58,25,8,33,50,33,33,50,58,2,1,0,1,0,1,1,1,2,0,0,2,1,1,1,1,2,1,2,2,1,1,0,0,1,1,2,2,2,0,1,1,2,2,2,2
345,2026-06-07T13:45:07.468512+00:00,en,341,4,58,75,42,83,83,67,50,33,33,1,2,2,3,1,3,2,3,2,3,2,2,2,2,2,0,1,1,2,2,3,1,1,0,3,2,2,3,2,2,0,2,2,0,1,1
346,2026-06-07T14:18:32.759837+00:00,en,336,5,50,75,58,58,92,92,25,75,67,1,1,2,3,2,2,2,2,2,3,2,3,0,0,2,3,3,3,2,2,3,1,1,2,1,2,3,3,3,3,1,2,3,1,1,1
347,2026-06-07T14:46:36.097011+00:00,en,383,4,25,67,58,83,42,50,50,42,67,1,1,2,3,1,3,3,3,1,1,1,2,1,2,1,1,2,3,0,1,2,1,1,2,2,2,2,1,1,2,1,2,2,1,1,2
348,2026-06-07T15:56:45.057619+00:00,,153,7,25,25,0,50,42,25,67,58,42,1,1,1,0,0,0,0,3,2,0,0,1,3,1,2,1,1,1,1,0,2,0,0,0,1,2,1,2,1,1,2,2,1,3,1,2
349,2026-06-07T16:19:22.624725+00:00,en,261,5,50,50,33,75,83,58,42,50,50,1,1,1,3,1,1,2,3,3,3,1,2,1,1,1,1,3,1,3,1,1,1,1,1,3,1,3,1,3,1,1,2,3,1,1,1
350,2026-06-07T17:21:24.334187+00:00,en,148,1,92,92,67,83,33,75,33,75,67,3,3,3,3,3,2,3,2,0,1,3,2,2,2,3,2,3,2,2,3,3,2,1,2,2,3,0,3,3,1,0,0,3,1,1,2
351,2026-06-07T18:26:37.693989+00:00,en,262,4,58,58,25,83,58,83,25,50,25,2,2,2,1,1,1,3,3,2,2,3,3,1,0,1,1,1,2,2,1,2,2,1,0,2,2,1,2,3,1,1,1,3,1,0,0
352,2026-06-07T18:48:44.325994+00:00,en,235,4,67,42,50,92,92,42,42,92,17,1,2,2,1,2,1,3,2,2,3,2,1,2,1,2,3,1,0,2,3,1,1,2,1,3,3,3,3,1,1,1,1,3,3,0,1
353,2026-06-07T19:28:14.936294+00:00,en,1352,2,58,100,92,100,83,92,75,50,92,0,3,3,3,3,3,3,3,2,3,3,3,2,1,0,1,2,3,2,2,3,3,2,3,3,3,2,3,2,3,3,3,3,2,3,3
354,2026-06-07T20:12:03.766558+00:00,,459,4,33,58,50,100,58,50,92,25,92,1,0,3,2,1,2,3,3,2,2,0,0,2,3,1,0,2,3,2,1,1,1,0,3,3,3,1,2,3,3,3,3,1,1,3,3
355,2026-06-07T20:54:14.470433+00:00,,295,5,75,50,42,67,92,42,58,58,42,3,2,2,0,1,1,2,2,3,3,2,0,1,3,1,2,2,2,2,2,2,2,2,1,1,3,2,3,2,1,2,1,2,2,0,1
356,2026-06-07T21:23:33.274231+00:00,en,437,4,67,25,42,83,83,67,42,25,58,1,3,1,1,2,2,2,3,2,3,2,2,1,1,1,1,0,2,2,2,1,0,0,1,2,3,3,2,2,2,1,2,1,0,2,3
357,2026-06-07T21:38:30.934168+00:00,,203,5,67,58,17,33,100,83,0,50,50,2,3,1,2,1,0,1,0,3,3,3,3,0,0,0,3,2,0,0,3,3,1,1,0,1,2,3,3,1,3,0,0,1,2,2,2
358,2026-06-07T21:45:36.31375+00:00,en,370,5,83,75,75,58,92,75,58,58,50,2,3,3,3,3,1,2,1,3,2,2,3,3,2,1,3,3,2,2,3,1,2,2,3,1,3,3,3,3,1,1,1,3,0,0,1
359,2026-06-07T21:58:31.880741+00:00,en,286,7,33,50,50,8,25,42,75,42,50,1,1,2,2,2,2,0,0,1,1,1,1,3,3,1,1,3,1,2,0,1,1,1,1,0,1,0,1,2,1,2,1,2,1,1,1
360,2026-06-07T22:03:38.687534+00:00,en,287,2,33,100,58,58,33,33,58,50,83,2,0,3,3,1,3,3,2,2,2,2,0,2,3,0,0,2,2,0,2,3,3,3,0,2,0,0,0,1,1,1,1,3,3,3,3
361,2026-06-07T22:41:55.34567+00:00,,154,4,25,83,17,100,92,50,42,33,75,1,1,3,2,1,0,3,3,2,3,0,3,2,2,0,1,3,2,0,1,3,2,0,1,3,3,3,3,2,1,0,1,2,1,2,2
362,2026-06-08T01:17:28.683847+00:00,en,156,2,58,83,50,83,58,75,83,58,67,1,2,2,3,3,2,3,3,2,2,2,3,2,3,1,2,3,1,2,2,2,3,0,1,2,2,1,2,2,2,2,3,2,2,2,2
363,2026-06-08T03:08:35.899198+00:00,en,130,1,100,100,92,100,92,92,75,75,83,3,3,3,3,3,3,3,3,2,3,2,3,3,1,1,3,2,3,3,3,3,3,2,3,3,3,3,3,3,3,3,2,3,2,3,2
364,2026-06-08T03:39:49.322454+00:00,en,239,2,17,92,67,0,8,17,42,33,33,1,1,3,3,3,1,0,0,0,1,0,0,1,2,2,0,2,1,0,0,2,3,3,1,0,0,0,0,0,2,1,1,1,1,1,0
365,2026-06-08T04:54:51.73359+00:00,en,420,1,92,92,58,17,83,75,50,50,50,3,3,2,3,2,2,0,1,3,2,3,3,1,2,1,1,3,0,3,2,3,3,2,1,0,1,2,3,1,2,2,1,3,1,3,0
366,2026-06-08T04:54:54.660458+00:00,en,401,5,75,75,67,67,83,75,67,75,50,1,3,2,2,1,2,2,3,2,3,3,3,3,2,2,2,3,0,3,2,3,2,3,2,2,1,2,3,1,2,2,1,3,2,3,0
367,2026-06-08T06:34:24.614+00:00,,,8,67,67,83,92,83,67,83,100,33,2,2,3,2,3,1,3,2,2,3,2,2,3,3,3,3,1,1,2,2,1,2,3,3,3,3,2,3,3,1,2,2,3,3,1,1
368,2026-06-08T07:13:24.074712+00:00,en,328,5,58,25,25,58,92,58,42,33,17,2,1,1,1,0,1,2,2,2,3,2,2,1,1,0,2,0,0,2,2,1,0,1,1,1,2,3,3,1,2,1,2,0,2,0,2
369,2026-06-08T09:42:38.803023+00:00,en,221,5,67,42,58,50,100,92,25,25,42,1,2,1,1,2,1,1,2,3,3,3,3,0,0,1,1,2,0,2,3,2,1,2,2,1,2,3,3,2,3,1,2,1,0,1,2
370,2026-06-08T11:14:26.519255+00:00,en,184,6,50,50,42,42,58,67,33,67,33,1,1,1,3,1,2,2,0,2,1,2,2,0,1,1,2,2,0,1,3,2,0,1,1,0,3,1,3,3,1,0,3,2,3,1,1
371,2026-06-08T11:32:18.889954+00:00,en,206,4,83,42,67,92,58,50,33,33,50,3,2,2,1,0,2,3,2,2,3,2,2,2,0,1,1,1,3,2,3,0,2,3,3,3,3,0,2,0,2,0,2,2,0,0,2
372,2026-06-08T13:53:04.710633+00:00,en,194,7,8,50,50,58,42,17,100,42,83,0,1,1,1,2,2,1,3,1,2,0,1,3,3,1,1,3,1,0,0,2,2,0,2,0,3,1,1,0,1,3,3,2,1,3,3
373,2026-06-08T14:37:32.786076+00:00,en,221,4,50,67,50,100,92,50,50,42,33,1,2,2,3,2,1,3,3,2,3,1,2,1,3,2,0,0,1,2,1,2,1,2,1,3,3,3,3,3,0,1,1,1,2,1,2
374,2026-06-08T15:31:30.980239+00:00,en,523,4,33,33,42,67,50,42,25,33,42,1,1,1,1,1,2,1,3,2,1,1,1,1,1,1,0,2,1,1,1,1,1,0,2,2,2,2,1,1,2,0,1,2,1,1,1
375,2026-06-08T15:57:59.285254+00:00,,17,1,83,83,67,17,58,58,50,67,75,3,3,2,3,3,0,1,0,1,3,1,2,0,3,2,2,3,2,2,2,3,2,2,3,0,1,2,1,3,1,1,2,3,1,3,1
376,2026-06-08T16:46:37.241137+00:00,en,286,1,83,83,83,25,83,83,42,58,42,2,3,2,2,3,2,1,1,3,2,3,2,0,1,1,2,1,0,3,2,3,3,3,2,0,1,2,3,3,2,3,1,2,2,3,1
377,2026-06-08T17:23:01.787351+00:00,en,240,2,67,75,42,50,25,42,58,25,67,3,3,3,2,2,2,2,2,1,1,2,0,1,2,1,0,3,2,1,1,2,2,0,1,1,1,0,1,2,1,3,1,2,0,2,1
378,2026-06-08T18:05:52.675864+00:00,en,344,4,50,50,17,67,42,58,33,50,33,1,2,1,1,1,0,2,2,1,1,2,1,1,0,1,1,1,0,2,1,2,2,0,1,2,2,1,2,3,1,1,2,3,1,1,2
379,2026-06-08T20:13:34.605826+00:00,en,164,4,33,50,33,67,42,25,42,33,17,1,2,2,0,1,1,2,2,1,1,1,1,2,2,2,0,1,0,0,1,2,2,2,0,2,2,1,2,1,0,0,1,2,0,0,1
380,2026-06-08T21:42:30.789936+00:00,en,221,6,67,67,67,75,67,92,58,67,75,2,3,2,2,2,3,3,3,2,2,2,3,1,1,1,2,2,3,2,1,2,2,2,1,1,2,2,2,3,3,3,2,3,2,2,2
381,2026-06-08T21:50:47.814918+00:00,en,339,4,42,58,58,83,75,50,25,50,50,1,3,2,2,2,1,2,2,3,3,2,3,1,2,2,1,2,2,0,1,1,2,2,2,3,3,1,2,1,0,0,0,2,1,1,1
382,2026-06-09T00:47:28.003797+00:00,en,371,2,50,75,58,75,58,58,50,58,42,1,1,3,3,2,2,2,3,1,2,2,2,2,1,1,1,2,1,2,2,2,1,1,2,2,2,2,2,2,1,2,1,2,3,1,1
383,2026-06-09T01:09:56.932409+00:00,en,327,6,67,67,67,83,67,92,58,25,67,2,3,1,3,2,2,2,3,2,2,2,3,2,0,0,0,3,2,1,2,3,1,3,1,3,2,1,3,3,3,2,3,1,2,1,2
384,2026-06-09T01:11:43.482633+00:00,en,351,2,67,100,67,75,92,75,42,17,58,3,3,3,3,3,3,3,2,3,3,3,3,0,3,0,0,3,2,1,1,3,3,1,1,2,2,2,3,2,1,2,0,2,0,1,1
385,2026-06-09T03:41:40.79141+00:00,en,203,4,67,50,0,100,83,75,50,75,50,1,2,1,1,0,0,3,3,3,1,1,3,1,2,1,2,3,0,2,3,2,2,0,0,3,3,3,3,3,2,0,3,3,3,0,3
386,2026-06-09T03:50:44.47403+00:00,en,293,4,75,67,58,100,75,67,83,42,42,2,1,2,2,1,3,3,3,2,3,2,3,3,2,1,0,2,1,3,3,2,2,0,3,3,3,1,3,2,1,2,3,3,1,1,1
387,2026-06-09T04:35:47.899+00:00,,,1,100,75,75,100,75,50,58,58,25,3,3,3,2,3,2,3,3,3,3,3,2,3,3,2,0,2,0,3,3,2,2,1,3,3,3,2,1,1,0,1,0,3,2,0,1
388,2026-06-09T04:35:48.58509+00:00,en,341,1,100,75,75,100,75,50,58,58,25,3,3,3,2,3,2,3,3,3,3,3,2,3,3,2,0,2,0,3,3,2,2,1,3,3,3,2,1,1,0,1,0,3,2,0,1
389,2026-06-09T04:41:52.504522+00:00,en,195,1,100,83,75,100,100,100,67,50,83,3,3,3,2,2,3,3,3,3,3,3,3,2,1,1,2,2,2,3,3,3,2,2,2,3,3,3,3,3,3,2,3,2,1,3,3
390,2026-06-09T04:55:27.806473+00:00,,262,2,42,92,92,42,75,75,67,67,58,2,1,3,3,3,3,0,0,3,3,3,3,3,3,2,2,3,1,1,1,3,2,3,2,3,2,0,3,3,0,1,1,1,3,3,0
391,2026-06-09T10:15:32.785686+00:00,en,258,8,50,58,42,42,50,58,50,67,50,2,2,2,2,1,2,0,2,2,1,2,2,2,2,2,2,3,1,1,1,1,2,1,1,1,2,0,3,2,1,1,1,2,2,1,1
392,2026-06-09T12:26:50.397523+00:00,en,319,2,50,83,58,58,67,58,58,42,25,1,1,2,3,2,2,2,2,1,2,1,3,2,1,1,2,0,1,2,2,2,3,2,1,1,2,2,3,3,0,2,2,2,0,1,1
393,2026-06-09T12:49:30.258903+00:00,en,128,7,50,58,75,67,75,25,100,83,67,2,2,2,3,3,3,3,3,2,2,1,1,3,3,2,3,3,1,2,0,1,1,2,1,0,2,2,3,1,0,3,3,2,3,2,2
394,2026-06-09T14:07:36.440902+00:00,en,342,4,67,42,58,100,100,83,33,33,42,1,3,1,0,1,3,3,3,3,3,3,3,1,1,1,1,1,0,1,3,2,2,2,1,3,3,3,3,2,2,0,2,2,0,2,2
395,2026-06-09T15:49:15.737+00:00,,,1,67,58,67,42,58,42,25,67,42,3,2,2,1,3,1,2,1,2,1,1,0,2,1,3,1,2,1,2,1,2,2,2,2,0,2,1,3,3,1,0,0,2,2,1,1
396,2026-06-09T15:49:16.449514+00:00,en,391,1,67,58,67,42,58,42,25,67,42,3,2,2,1,3,1,2,1,2,1,1,0,2,1,3,1,2,1,2,1,2,2,2,2,0,2,1,3,3,1,0,0,2,2,1,1
397,2026-06-09T16:54:12.217185+00:00,en,613,2,67,75,50,50,67,42,42,33,58,2,2,2,2,2,1,1,2,3,2,1,1,1,2,1,1,3,2,2,2,3,2,2,1,2,1,1,2,2,1,2,0,2,0,1,1
398,2026-06-09T16:58:00.764777+00:00,en,263,6,58,58,42,58,75,83,67,42,67,2,2,1,3,2,0,3,3,3,3,3,3,3,1,0,0,2,1,1,2,2,1,2,1,1,0,2,1,3,1,2,2,3,2,2,3
399,2026-06-09T17:00:03.732012+00:00,en,201,2,75,92,67,42,83,58,25,67,58,2,2,2,3,2,2,0,1,3,2,2,2,1,1,2,3,3,0,3,2,3,3,2,2,2,2,2,3,2,1,1,0,1,2,2,2
400,2026-06-09T17:01:30.686104+00:00,en,152,4,17,50,8,67,67,50,25,25,67,1,1,2,2,1,0,2,3,2,2,1,2,1,0,0,1,2,2,0,0,1,1,0,0,2,1,2,2,1,2,0,2,2,0,2,2
401,2026-06-09T17:20:02.291681+00:00,en,181,2,50,100,50,100,100,92,58,33,100,1,1,3,3,1,3,3,3,3,3,3,2,1,0,0,0,3,3,1,3,3,3,1,1,3,3,3,3,3,3,3,3,3,1,3,3
402,2026-06-09T17:34:03.239122+00:00,en,317,2,58,67,33,33,50,42,33,42,42,2,3,2,2,1,1,2,0,1,1,1,0,1,2,2,0,2,1,0,2,2,2,2,0,0,2,1,3,2,2,1,0,3,0,1,1
403,2026-06-09T17:51:28.779738+00:00,en,274,2,83,100,67,42,50,42,67,25,42,2,3,3,3,2,2,1,1,2,1,3,1,2,3,2,0,3,1,3,2,3,3,3,1,2,1,0,3,0,1,2,1,1,0,1,0
404,2026-06-09T17:52:55.291+00:00,,294,1,67,42,42,17,67,58,25,25,50,2,2,2,1,1,2,1,0,3,2,2,2,0,2,1,1,3,1,2,2,1,1,2,0,1,0,2,1,2,1,1,0,1,0,1,1
405,2026-06-09T17:52:55.875081+00:00,en,352,1,67,58,67,33,58,58,25,25,33,2,3,2,2,2,2,1,1,3,2,2,1,0,1,1,1,1,1,2,1,2,1,3,1,1,1,2,0,2,2,1,1,1,0,1,1
406,2026-06-09T18:01:52.732485+00:00,en,796,2,58,67,33,50,50,67,25,67,25,2,1,2,3,1,2,1,1,2,0,3,3,1,1,2,1,1,0,2,2,2,1,0,1,1,3,1,3,1,1,1,0,3,2,1,1
407,2026-06-09T18:03:10.101085+00:00,,633,5,67,50,75,92,100,50,50,42,42,2,2,2,1,2,2,3,3,3,3,2,2,2,1,2,0,2,1,2,2,2,1,3,2,3,2,3,3,1,1,2,1,2,1,1,1
408,2026-06-09T18:20:21.224689+00:00,en,458,5,50,25,42,75,83,58,33,42,25,2,2,2,1,1,2,2,3,3,3,3,2,0,0,2,1,1,0,0,2,0,0,1,1,2,2,3,1,1,1,1,3,1,1,1,1
409,2026-06-09T18:25:10.546645+00:00,en,266,2,75,100,75,92,33,67,58,75,33,2,3,3,3,3,2,3,3,1,0,3,0,3,2,2,3,2,0,2,2,3,3,3,1,2,3,0,3,3,2,1,1,3,1,2,0
410,2026-06-09T20:58:26.901487+00:00,en,212,4,42,33,17,67,42,50,42,42,33,1,2,1,1,0,1,2,2,2,2,2,1,1,1,1,2,0,1,0,2,1,1,0,1,2,2,1,0,1,2,0,3,1,1,2,1
411,2026-06-09T21:25:14.326531+00:00,en,167,5,67,33,42,58,83,42,67,50,58,2,2,0,2,2,1,2,0,2,3,1,2,1,2,1,2,2,1,2,2,1,1,1,1,2,3,3,2,1,1,3,2,1,2,2,2
412,2026-06-09T21:42:20.286906+00:00,en,258,4,33,75,33,83,58,50,25,50,33,1,2,2,3,1,1,3,2,0,3,2,2,1,1,2,0,1,1,0,1,2,2,1,1,2,3,3,1,1,1,0,1,3,1,1,1
413,2026-06-09T22:35:28.107381+00:00,en,391,1,92,50,83,33,92,92,17,33,67,3,3,1,1,3,2,0,3,3,3,3,2,0,0,1,1,1,3,2,3,2,2,2,3,0,1,2,3,3,3,1,1,0,2,2,2
414,2026-06-09T23:06:45.638673+00:00,en,301,4,17,42,33,67,50,42,50,25,50,1,0,1,1,1,2,3,2,2,2,1,1,2,1,1,0,2,1,1,0,1,2,1,0,1,2,1,1,1,2,1,2,2,0,2,1
415,2026-06-09T23:57:16.615433+00:00,en,169,5,58,50,83,58,92,58,75,67,33,2,3,1,2,3,2,1,2,3,3,2,1,2,2,2,2,1,0,0,2,1,2,2,3,2,2,2,3,2,2,3,2,1,3,3,0
416,2026-06-10T01:09:52.975564+00:00,en,219,4,58,25,58,83,58,58,58,75,33,2,1,0,2,1,3,3,2,2,1,1,3,2,1,1,3,1,1,1,3,1,0,2,1,3,2,1,3,2,1,1,3,2,3,1,1
417,2026-06-10T01:43:26.470183+00:00,en,288,1,83,75,50,50,67,75,58,75,75,2,3,2,3,1,3,1,1,3,1,2,2,2,2,2,2,3,2,2,3,2,2,0,2,3,1,1,3,3,2,2,1,3,2,2,2
418,2026-06-10T01:45:14.281539+00:00,en,123,1,92,67,92,50,83,67,42,42,33,3,3,3,3,3,2,1,1,2,3,3,0,2,1,1,1,1,0,2,3,1,1,3,3,2,2,2,3,2,3,2,0,3,0,0,3
419,2026-06-10T02:29:41.06034+00:00,,360,6,58,75,67,75,75,83,42,50,42,2,2,2,1,2,2,2,2,2,2,2,3,1,1,1,0,2,1,1,2,3,3,2,2,3,2,2,3,2,3,1,2,3,2,0,2
420,2026-06-10T05:35:16.959762+00:00,en,481,1,67,50,33,25,8,33,50,33,42,2,1,2,2,1,1,1,0,0,1,2,0,2,2,2,0,3,0,3,2,1,1,2,0,0,2,0,0,1,1,2,0,2,0,1,1
421,2026-06-10T06:38:31.439546+00:00,en,1331,3,67,83,100,92,75,75,17,67,8,2,0,3,3,3,3,2,3,3,1,3,3,1,0,1,3,1,0,3,3,2,2,3,3,3,3,2,3,3,0,1,0,2,2,0,0
422,2026-06-10T06:58:30.681987+00:00,en,187,2,67,75,75,58,67,50,42,58,42,2,2,2,2,3,2,2,1,2,2,2,2,1,0,2,2,2,0,2,2,2,3,2,2,2,2,2,2,1,1,2,2,2,1,2,1
423,2026-06-10T07:12:38.103918+00:00,en,297,4,17,33,33,42,17,33,33,25,33,1,0,1,1,1,2,2,2,1,0,1,1,1,1,0,1,0,1,0,1,1,1,0,1,1,0,1,0,1,1,1,1,1,1,2,1
424,2026-06-10T07:46:12.975426+00:00,en,240,4,75,67,67,92,83,42,58,58,42,2,3,2,2,2,3,3,2,2,3,3,0,2,2,2,2,0,1,2,2,2,2,2,1,3,3,3,2,1,1,1,2,2,1,2,2
425,2026-06-10T08:38:33.600778+00:00,en,589,5,42,67,58,58,83,75,50,50,50,1,2,2,3,3,2,2,2,3,2,3,2,1,1,1,2,2,0,1,1,2,1,0,2,1,2,2,3,2,2,2,2,2,1,2,2
426,2026-06-10T08:59:49.744536+00:00,en,212,5,42,0,42,58,92,75,58,50,33,1,2,0,0,2,1,1,2,3,3,3,3,1,0,1,1,1,0,0,2,0,0,0,2,2,2,3,2,2,1,3,3,2,2,2,1
427,2026-06-10T10:13:03.178574+00:00,,291,1,83,58,33,42,58,67,17,42,25,3,2,3,2,2,1,1,2,3,1,3,2,1,0,2,1,1,1,2,3,1,1,1,0,1,1,1,2,2,1,1,0,1,1,0,1
428,2026-06-10T11:28:06.045504+00:00,en,283,4,75,67,42,100,83,58,50,58,42,2,3,2,3,1,2,3,3,2,3,2,2,1,3,1,2,2,1,2,2,2,1,1,1,3,3,3,2,2,1,1,1,2,2,1,1
429,2026-06-10T11:28:26.043588+00:00,en,209,1,92,58,33,67,92,67,8,25,58,3,3,1,0,2,2,2,2,2,3,3,0,0,0,0,0,3,3,3,2,3,3,0,0,1,3,3,3,3,2,0,1,3,0,0,1
430,2026-06-10T11:56:03.255615+00:00,en,311,4,58,58,75,100,83,83,50,25,92,2,2,2,2,3,2,3,3,3,2,2,2,2,1,1,0,2,3,2,1,2,1,1,3,3,3,2,3,3,3,0,3,2,0,3,3
431,2026-06-10T11:59:44.070138+00:00,en,313,5,75,17,50,58,92,42,67,8,58,2,2,0,1,1,2,1,2,3,3,1,3,2,1,0,0,3,0,2,3,0,1,2,1,2,2,3,2,0,1,2,3,1,0,2,2
432,2026-06-10T12:23:29.454108+00:00,en,469,5,42,50,25,42,58,42,50,25,58,1,2,1,2,1,2,1,2,1,2,1,1,1,1,0,2,2,1,1,1,2,1,0,0,1,1,2,2,2,1,1,3,1,0,2,2
433,2026-06-10T13:36:14.46+00:00,,455,2,50,58,33,33,42,50,42,42,33,2,2,3,1,1,0,2,0,1,2,2,1,2,3,3,0,2,0,0,2,1,2,2,1,0,2,0,2,2,1,0,0,2,0,0,2
434,2026-06-10T13:36:15.089421+00:00,en,995,2,58,75,58,33,58,33,33,58,0,2,2,3,3,3,0,2,0,2,2,1,1,1,3,3,0,0,0,1,2,1,2,2,2,0,2,1,2,2,0,0,0,2,2,0,0
435,2026-06-10T15:21:38.352363+00:00,en,336,1,83,75,75,67,83,58,67,58,58,2,2,2,2,3,2,0,3,2,3,3,2,3,3,2,1,3,2,3,3,3,2,2,2,2,3,2,3,1,1,1,1,2,2,1,1
436,2026-06-10T15:36:13.161642+00:00,en,225,5,67,75,58,75,83,33,67,50,67,2,2,2,2,2,2,1,3,3,3,2,1,3,3,1,1,3,2,2,2,3,2,1,2,2,3,2,2,1,0,1,1,2,2,2,1
437,2026-06-10T15:42:07.067416+00:00,en,298,1,100,92,75,75,50,67,42,25,83,3,3,3,3,3,3,2,3,0,3,1,1,0,2,1,0,3,2,3,3,2,3,2,1,2,2,1,2,3,3,3,0,2,0,2,3
438,2026-06-10T16:13:28.332628+00:00,en,142,2,50,75,67,42,42,33,58,42,25,2,2,2,3,3,2,2,2,1,1,2,0,3,3,3,0,2,0,1,1,2,2,1,2,0,1,1,2,2,0,1,0,2,0,0,1
439,2026-06-10T16:56:52.015841+00:00,en,207,1,83,75,58,75,75,42,75,50,50,2,3,2,2,2,2,1,3,2,3,3,0,3,3,1,2,3,1,2,3,3,2,1,2,2,3,2,2,1,1,2,1,2,1,1,1
440,2026-06-10T19:09:05.722698+00:00,en,363,5,83,67,50,83,100,50,75,42,92,3,1,2,2,0,3,2,3,3,3,3,0,1,2,1,2,3,3,3,3,3,1,2,1,3,2,3,3,2,1,3,3,2,0,2,3
441,2026-06-10T19:16:04.729142+00:00,en,271,5,58,67,42,83,100,67,58,50,83,1,3,2,2,1,3,1,3,3,3,2,1,1,1,1,1,3,2,1,2,2,2,0,1,3,3,3,3,3,2,2,3,2,2,3,2
442,2026-06-10T19:25:17.874716+00:00,en,340,1,75,67,75,67,50,58,33,42,25,2,3,3,3,3,2,3,1,3,1,2,2,2,2,2,0,3,0,1,3,1,1,2,2,1,3,0,2,2,1,0,0,3,0,0,0
443,2026-06-10T19:58:43.97129+00:00,en,525,2,42,92,50,25,42,33,58,42,42,1,2,3,3,2,2,1,0,1,1,1,1,2,2,2,1,2,2,1,1,3,2,1,1,1,1,2,1,1,1,1,2,2,0,1,0
444,2026-06-10T20:50:47.827667+00:00,en,204,1,83,83,42,67,75,42,33,75,42,3,2,1,3,2,1,1,3,3,2,1,2,1,3,1,2,2,2,3,2,3,3,2,0,1,3,2,2,1,1,0,0,3,3,0,1
445,2026-06-10T21:47:51.890095+00:00,en,493,3,83,83,92,50,75,58,33,67,25,2,3,2,3,3,3,2,0,2,2,2,2,1,2,1,2,2,0,3,2,2,3,2,3,2,2,2,3,3,0,1,0,3,2,1,0
446,2026-06-10T22:11:51.181331+00:00,en,272,5,58,58,58,50,67,67,42,50,42,1,2,2,3,3,1,2,1,2,2,2,2,2,2,2,0,2,1,2,2,1,1,2,1,0,3,2,2,3,1,1,0,2,2,1,1
447,2026-06-10T22:18:16.171641+00:00,en,305,8,92,50,58,67,75,83,50,100,42,3,3,2,2,3,0,3,2,2,3,2,3,2,2,3,3,2,0,2,3,0,2,3,1,1,2,2,2,3,2,2,0,3,3,1,2
448,2026-06-11T00:48:59.008754+00:00,en,949,5,67,8,58,83,100,83,42,58,17,1,3,0,0,1,1,2,3,3,3,2,3,0,1,1,2,1,0,2,2,1,0,2,3,3,2,3,3,3,2,3,1,2,2,0,1
449,2026-06-11T00:53:02.272596+00:00,en,246,1,83,42,17,58,50,50,33,75,8,3,3,1,0,0,0,0,1,3,1,3,3,2,0,1,2,1,0,2,2,2,2,2,0,3,3,1,1,0,0,1,1,3,3,0,0
450,2026-06-11T01:36:54.268684+00:00,en,261,5,75,42,42,58,83,33,17,42,33,1,2,3,1,3,1,0,2,3,2,1,3,2,0,3,1,2,0,3,3,0,1,0,1,2,3,2,3,0,0,0,0,1,0,0,2
451,2026-06-11T01:58:37.447277+00:00,en,228,5,67,42,33,58,83,42,25,42,17,2,2,2,1,2,0,2,0,3,3,1,2,1,0,1,0,2,0,2,2,1,1,1,1,2,3,2,2,1,1,1,1,2,2,0,0
452,2026-06-11T03:02:52.988856+00:00,en,341,5,67,58,33,58,83,58,33,58,58,1,3,1,2,1,0,0,3,3,2,2,2,0,0,1,2,2,2,2,2,2,2,2,1,3,1,2,3,2,1,2,2,3,1,1,2
453,2026-06-11T04:40:18.740438+00:00,en,228,5,50,42,42,58,92,50,67,33,42,2,2,1,3,2,2,2,2,3,3,1,1,2,0,1,1,1,0,1,1,1,0,0,1,1,2,2,3,2,2,3,3,1,1,3,1
454,2026-06-11T05:26:56.528377+00:00,,639,5,17,67,17,25,83,67,83,75,83,1,1,1,3,0,2,0,0,3,3,2,2,3,2,1,3,2,3,0,0,2,2,0,0,1,2,2,2,1,3,2,3,3,2,3,2
455,2026-06-11T05:50:56.015098+00:00,en,455,2,83,100,92,58,83,83,17,50,50,3,3,3,3,3,2,0,1,3,1,3,3,0,1,1,1,2,0,1,3,3,3,3,3,3,3,3,3,3,1,1,0,3,1,1,3
456,2026-06-11T06:02:04.528091+00:00,en,255,5,75,33,75,58,83,67,75,83,58,2,3,2,0,1,3,2,3,3,3,2,2,3,2,2,3,3,2,2,2,1,1,3,2,0,2,2,2,2,2,1,3,2,3,0,2
457,2026-06-11T09:34:59.128944+00:00,,225,4,58,75,50,100,67,75,50,25,67,2,2,2,3,1,2,3,3,3,2,3,2,2,2,1,0,2,3,1,2,2,2,1,2,3,3,1,2,2,2,1,1,2,0,1,2
458,2026-06-11T09:50:17.038623+00:00,,230,2,33,75,33,67,67,67,58,17,75,1,1,2,2,1,1,2,2,2,2,2,2,2,1,0,0,3,2,1,1,2,3,1,1,2,2,2,2,2,2,2,2,1,1,2,2
459,2026-06-11T10:21:13.740918+00:00,en,770,2,83,92,75,83,58,67,33,83,25,3,2,3,2,2,3,3,1,1,2,3,1,1,0,3,1,0,1,2,3,3,3,1,3,3,3,2,2,1,3,0,3,3,3,0,2
460,2026-06-11T10:48:33.927208+00:00,en,332,8,50,67,33,42,50,50,50,75,17,1,3,2,2,1,1,0,0,3,3,3,3,2,3,3,1,2,0,0,2,2,2,0,2,2,3,0,0,0,0,0,1,3,2,0,0
461,2026-06-11T11:10:24.291663+00:00,en,189,6,33,33,50,42,33,58,33,50,25,1,2,1,2,2,1,1,2,1,0,2,2,1,0,1,2,1,0,1,0,0,1,1,2,1,1,1,2,1,2,1,2,2,1,1,1
462,2026-06-11T11:48:50.868507+00:00,en,338,1,92,92,75,67,58,92,25,33,33,2,3,2,3,3,1,3,1,2,1,3,2,1,0,1,1,0,2,3,3,3,3,2,3,1,3,1,3,3,3,0,2,1,1,1,1
463,2026-06-11T12:38:01.954897+00:00,en,217,4,33,33,33,75,58,50,42,42,25,1,1,2,1,1,2,3,2,2,2,1,2,1,1,2,1,0,1,0,2,0,1,0,1,1,3,2,1,2,1,1,2,1,1,1,1
464,2026-06-11T12:51:39.12504+00:00,en,694,4,58,33,58,92,67,50,58,33,42,1,2,1,2,1,2,3,2,2,3,1,2,1,2,1,2,2,1,2,2,1,0,3,1,3,3,1,2,2,1,2,2,1,0,1,1
465,2026-06-11T13:30:47.262116+00:00,en,139,1,100,50,100,25,50,100,25,42,42,3,3,1,1,3,3,0,3,2,2,3,3,0,0,2,1,0,3,3,3,3,1,3,3,0,0,0,2,3,3,3,0,1,1,1,1
466,2026-06-11T13:46:21.336221+00:00,en,345,1,83,67,75,75,58,58,42,67,33,3,2,2,2,3,2,2,3,3,1,2,1,3,1,1,3,3,1,3,2,2,2,2,2,2,2,0,3,3,1,0,1,3,1,0,0
467,2026-06-11T15:34:19.020733+00:00,en,374,4,42,67,58,75,58,50,50,33,33,1,2,2,3,2,1,2,2,2,2,2,2,1,2,1,1,2,2,1,1,1,2,2,2,2,3,1,2,1,1,2,1,2,0,0,0
468,2026-06-11T16:00:43.944412+00:00,en,212,6,83,42,58,58,92,100,50,75,58,3,3,1,2,1,2,1,2,3,2,3,3,1,0,1,3,1,1,1,3,1,1,2,2,2,2,3,3,3,3,3,2,2,3,3,2
469,2026-06-11T18:14:08.556071+00:00,en,185,3,50,42,92,33,50,50,50,58,25,2,2,1,2,3,3,1,2,2,1,1,2,1,1,2,2,0,1,1,1,1,1,2,3,1,0,1,2,2,1,2,2,1,2,1,1
470,2026-06-11T19:14:01.289782+00:00,en,196,2,75,100,92,83,83,92,67,67,92,3,3,3,3,2,3,3,2,3,2,3,3,1,1,1,2,3,3,2,1,3,3,3,3,3,2,2,3,2,3,3,3,3,2,3,2
471,2026-06-11T21:09:50.76481+00:00,en,132,5,50,33,50,42,83,42,33,58,25,2,2,1,1,1,2,1,1,3,3,1,2,1,1,1,2,1,1,1,1,1,1,1,2,1,2,2,2,2,0,1,1,1,3,0,1
472,2026-06-11T21:26:30.787634+00:00,en,232,4,33,33,42,75,25,50,58,50,25,1,1,0,3,2,2,3,2,1,1,1,2,2,2,2,1,1,0,1,1,0,1,0,1,2,2,0,1,2,1,1,2,1,2,1,1
473,2026-06-11T21:39:07.830659+00:00,en,506,4,58,67,67,83,67,83,42,67,75,2,2,1,2,2,1,2,3,3,2,2,2,2,0,1,2,2,3,2,1,3,2,2,3,2,3,1,2,3,3,1,2,3,2,2,2
474,2026-06-11T21:42:26.232332+00:00,en,369,5,50,50,50,50,58,50,50,58,42,2,2,1,2,1,2,0,0,3,2,2,2,2,2,1,1,2,2,1,1,1,2,1,2,3,3,0,2,2,0,0,2,3,2,0,1
475,2026-06-12T01:27:15.304187+00:00,en,152,1,92,58,75,92,92,83,50,42,75,3,3,2,1,1,3,2,3,3,3,2,3,1,1,0,1,1,3,2,3,2,2,2,3,3,3,3,2,2,3,2,2,2,2,3,2
476,2026-06-12T01:42:42.761016+00:00,en,270,1,100,25,58,42,100,67,50,58,42,3,3,1,1,3,2,1,1,3,3,2,1,1,2,2,2,1,2,3,3,1,0,1,1,2,1,3,3,3,2,1,2,1,2,0,2
477,2026-06-12T03:21:45.113896+00:00,en,257,4,42,67,25,75,75,42,50,50,75,1,1,2,3,1,2,2,3,3,2,1,0,1,2,1,1,3,3,2,1,1,2,0,0,3,1,2,2,2,2,2,1,3,1,2,1
478,2026-06-12T13:27:58.39197+00:00,en,215,5,42,83,33,50,92,58,33,75,75,1,2,3,2,0,3,0,2,3,3,1,3,1,0,1,3,3,0,1,1,3,2,0,1,2,2,3,2,2,1,0,3,2,3,3,3
479,2026-06-12T13:34:36.770999+00:00,en,540,2,67,83,50,58,33,50,67,33,75,2,2,2,3,1,3,2,2,2,1,1,1,2,2,1,0,1,3,2,2,3,2,1,1,1,2,0,1,2,2,2,2,2,1,3,2
480,2026-06-12T13:36:44.142673+00:00,en,228,3,67,92,100,50,83,67,67,33,67,3,2,3,3,3,3,2,2,3,3,2,1,3,2,1,0,3,2,2,1,3,2,3,3,1,1,1,3,3,2,2,1,3,0,2,1
481,2026-06-12T14:52:25.957729+00:00,en,243,2,58,67,67,67,58,42,50,50,58,2,2,2,2,2,2,3,2,3,1,1,1,1,1,1,0,3,1,2,1,2,2,2,2,2,1,0,3,2,1,2,2,3,2,1,2
482,2026-06-12T15:10:32.502154+00:00,en,228,1,50,33,50,33,50,33,25,42,42,2,2,1,1,2,2,1,2,2,1,1,1,1,1,1,1,2,1,1,1,1,1,1,1,0,1,1,2,1,1,1,0,2,1,1,1
483,2026-06-12T15:53:10.500395+00:00,en,1400,2,75,92,50,75,33,0,25,8,50,2,1,2,3,0,1,2,3,0,3,0,0,0,0,1,0,3,3,3,3,3,3,3,2,3,1,1,0,0,0,3,0,0,0,0,0
484,2026-06-12T16:01:59.886105+00:00,en,189,6,58,33,75,50,83,92,42,25,67,1,3,1,1,2,3,2,1,2,3,3,2,1,1,1,0,3,2,1,2,1,1,2,2,1,2,3,2,3,3,2,1,2,0,1,2
485,2026-06-12T16:12:27.415912+00:00,en,221,2,50,92,33,50,50,58,25,42,67,0,3,3,2,0,2,2,0,3,1,3,2,0,3,1,1,3,3,1,2,3,3,1,1,1,3,1,1,1,1,0,0,3,0,1,1
486,2026-06-12T16:46:08.464586+00:00,,142,3,75,67,100,83,100,67,83,67,25,2,3,2,3,3,3,2,3,3,3,2,3,1,3,3,1,2,0,2,2,2,1,3,3,3,2,3,3,2,1,3,3,3,1,1,0
487,2026-06-12T17:28:56.891896+00:00,en,339,1,100,17,33,67,42,75,58,100,8,3,3,1,0,3,0,3,2,0,1,3,3,3,0,3,3,0,0,3,3,0,1,0,1,0,3,1,3,3,0,3,1,3,3,1,0