id,created_at,locale,duration_seconds,top_result,score_empathy,score_self_awareness,score_self_regulation,score_social_skills,q1,q2,q3,q4,q5,q6,q7,q8,q9,q10
1,2026-02-24T19:58:57.879654+00:00,,,self_awareness,67,67,50,17,2,2,2,1,2,2,2,2,0,1
2,2026-04-18T23:41:29.912494+00:00,,49,empathy,67,56,50,33,1,2,2,1,2,2,2,2,0,2
3,2026-04-21T23:44:54.920183+00:00,,37,social_skills,78,67,67,83,2,3,1,2,2,3,3,1,2,3
4,2026-04-22T13:52:59.72937+00:00,,9,self_awareness,50,50,50,50,3,3,3,3,3,3,3,3,3,3
5,2026-04-22T14:26:11.06645+00:00,,166,self_regulation,78,89,100,83,2,3,3,3,3,3,2,2,2,3
6,2026-04-23T13:08:40.973138+00:00,,49,self_awareness,56,67,50,50,2,2,2,1,2,2,2,1,2,1
7,2026-04-24T09:44:03.92381+00:00,,5,self_regulation,44,33,67,33,2,1,0,3,1,0,3,1,2,0
8,2026-04-24T10:14:36.742083+00:00,,169,empathy,67,44,50,50,1,1,2,1,2,2,2,2,2,1
9,2026-04-24T21:48:47.062965+00:00,,54,self_awareness,78,100,67,67,3,3,3,2,2,2,2,3,2,2
10,2026-04-27T03:13:13.402721+00:00,,67,self_regulation,44,44,67,50,2,2,0,2,2,2,1,1,2,1
11,2026-04-28T19:03:13.18+00:00,,,self_regulation,33,33,100,0,3,0,0,3,3,2,0,1,0,0
12,2026-04-28T19:04:37.110474+00:00,,156,self_awareness,56,67,67,50,2,2,2,2,2,2,1,2,2,1
13,2026-04-28T20:38:30.248383+00:00,,5,self_awareness,56,78,50,17,3,1,3,2,1,1,3,1,0,1
14,2026-04-29T03:43:46.884078+00:00,,70,empathy,100,67,67,100,3,0,3,1,3,3,3,3,3,3
15,2026-04-29T13:34:20.344834+00:00,,54,self_awareness,56,89,67,67,3,3,2,2,2,2,1,2,2,2
16,2026-04-29T13:45:59.05+00:00,,,self_awareness,56,67,50,33,2,2,2,2,1,2,1,2,1,1
17,2026-04-29T23:56:16.150523+00:00,,43,self_awareness,67,89,67,67,3,3,2,2,2,2,2,2,2,2
18,2026-04-30T13:50:45.502+00:00,,,self_awareness,33,67,50,33,3,2,1,2,1,0,1,2,2,0
19,2026-05-01T10:11:58.564716+00:00,,125,self_awareness,67,78,50,33,3,3,1,1,2,2,2,2,1,1
20,2026-05-02T20:31:57.01083+00:00,,126,social_skills,33,22,17,50,1,1,0,1,0,2,1,0,2,1
21,2026-05-04T14:06:22.287+00:00,,,empathy,78,44,67,33,0,2,2,2,2,2,2,3,1,1
22,2026-05-05T05:44:58.004444+00:00,,41,self_regulation,67,67,83,50,2,2,2,2,3,2,2,2,2,1
23,2026-05-05T14:39:11.07+00:00,,,self_awareness,89,89,83,83,3,3,2,3,2,3,2,3,2,3
24,2026-05-05T17:19:08.49+00:00,,,empathy,67,33,50,50,1,1,1,1,2,2,2,2,2,1
25,2026-05-05T18:44:58.087+00:00,,,self_awareness,67,67,33,67,2,3,1,1,1,2,2,2,2,2
26,2026-05-05T20:52:13.412365+00:00,,35,self_awareness,100,100,50,83,3,3,3,1,2,3,3,3,2,3
27,2026-05-06T07:08:14.387+00:00,,,self_awareness,0,44,17,17,1,3,0,0,1,0,0,0,0,1
28,2026-05-06T16:19:38.23364+00:00,,38,self_awareness,67,100,67,50,3,3,3,2,2,2,2,2,1,2
29,2026-05-06T19:59:15.384+00:00,,,social_skills,33,33,0,67,1,1,1,0,0,1,1,1,2,2
30,2026-05-06T23:35:53.466+00:00,,,empathy,100,78,50,83,2,3,2,2,1,3,3,3,2,3
31,2026-05-06T23:35:53.466+00:00,,,empathy,100,78,50,83,2,3,2,2,1,3,3,3,2,3
32,2026-05-07T16:50:50.373+00:00,,,self_regulation,33,67,83,50,2,2,2,3,2,1,1,1,2,1
33,2026-05-07T18:43:44.964178+00:00,,4,self_regulation,67,78,100,67,2,3,2,3,3,2,3,1,2,2
34,2026-05-07T19:20:06.564+00:00,,,self_awareness,67,100,83,83,3,3,3,3,2,2,2,2,2,3
35,2026-05-08T12:05:05.9211+00:00,,45,self_awareness,89,89,83,83,3,3,2,3,2,3,2,3,3,2
36,2026-05-08T17:34:38.209834+00:00,en,7,self_awareness,44,67,50,17,1,2,3,0,3,1,0,3,1,0
37,2026-05-09T22:24:21.852513+00:00,en,42,empathy,89,78,67,17,2,2,3,2,2,3,3,2,0,1
38,2026-05-10T03:27:04.961205+00:00,en,71,empathy,67,56,33,50,2,1,2,1,1,2,1,3,1,2
39,2026-05-10T13:08:58.374525+00:00,en,8,self_awareness,50,50,50,50,3,3,3,3,3,3,3,3,3,3
40,2026-05-10T18:39:37.68298+00:00,en,162,social_skills,67,44,50,83,1,1,2,2,1,2,2,2,2,3
41,2026-05-13T07:14:11.333409+00:00,en,50,empathy,89,56,67,67,2,2,1,2,2,3,2,3,2,2
42,2026-05-14T03:56:59.184043+00:00,en,39,self_awareness,67,89,33,83,3,3,2,1,1,3,1,2,2,3
43,2026-05-14T15:13:09.753007+00:00,en,72,self_awareness,44,89,83,67,3,3,2,3,2,2,1,1,2,2
44,2026-05-15T06:16:58.109278+00:00,en,29,self_awareness,89,89,67,67,3,2,3,1,3,3,3,2,2,2
45,2026-05-15T07:08:20.47562+00:00,en,65,self_regulation,67,56,67,50,2,2,1,2,2,2,2,2,2,1
46,2026-05-15T10:49:48.686606+00:00,en,47,self_awareness,100,100,83,100,3,3,3,2,3,3,3,3,3,3
47,2026-05-15T16:53:19.684356+00:00,en,42,self_awareness,67,78,33,50,2,3,2,1,1,3,2,1,1,2
48,2026-05-15T17:26:36.14543+00:00,,108,empathy,100,67,50,50,2,1,3,2,1,3,3,3,2,1
49,2026-05-15T17:46:39.841028+00:00,,113,self_awareness,44,67,67,67,2,2,2,2,2,1,1,2,2,2
50,2026-05-15T18:01:11.812279+00:00,,58,social_skills,56,78,83,100,2,3,2,3,2,1,2,2,3,3
51,2026-05-15T18:33:58.861394+00:00,,67,self_awareness,89,89,83,33,3,2,3,2,3,3,2,3,1,1
52,2026-05-15T22:37:29.357547+00:00,,31,social_skills,78,33,50,83,1,0,2,1,2,3,2,2,2,3
53,2026-05-16T00:13:39.297472+00:00,en,88,social_skills,67,67,33,83,2,2,2,1,1,2,2,2,3,2
54,2026-05-16T05:37:56.964335+00:00,en,39,empathy,100,67,50,67,2,2,2,1,2,3,3,3,2,2
55,2026-05-16T08:11:38.558102+00:00,,60,social_skills,56,78,67,83,3,2,2,2,2,2,1,2,3,2
56,2026-05-16T09:44:11.712424+00:00,,41,self_awareness,56,78,33,67,3,3,1,1,1,1,2,2,2,2
57,2026-05-16T11:48:16.103712+00:00,en,134,empathy,89,33,50,17,1,0,2,1,2,3,2,3,1,0
58,2026-05-16T14:38:12.412149+00:00,,47,self_awareness,33,56,50,33,2,2,1,1,2,2,0,1,1,1
59,2026-05-16T19:40:51.380097+00:00,,49,empathy,100,89,67,67,3,3,2,2,2,3,3,3,3,1
60,2026-05-17T01:44:30.015227+00:00,en,57,social_skills,67,44,67,83,2,1,1,2,2,3,2,1,3,2
61,2026-05-17T04:41:02.917198+00:00,,106,empathy,78,67,67,67,2,2,2,2,2,2,2,3,2,2
62,2026-05-17T09:40:51.243666+00:00,,31,empathy,100,89,83,83,2,3,3,3,2,3,3,3,2,3
63,2026-05-17T10:17:14.614818+00:00,,60,self_regulation,67,78,83,50,3,2,2,3,2,1,2,3,2,1
64,2026-05-17T11:57:22.952792+00:00,,40,self_awareness,78,89,67,50,2,3,3,2,2,2,3,2,2,1
65,2026-05-17T12:35:21.211219+00:00,en,133,self_awareness,44,56,50,33,2,2,1,2,1,2,1,1,1,1
66,2026-05-17T18:02:04.766066+00:00,,44,self_regulation,56,44,67,33,0,2,2,2,2,2,2,1,1,1
67,2026-05-17T18:15:34.404932+00:00,en,40,empathy,78,67,33,67,2,2,2,0,2,3,2,2,2,2
68,2026-05-17T18:20:39.063705+00:00,en,77,empathy,89,78,83,83,3,2,2,2,3,3,3,2,3,2
69,2026-05-17T20:33:19.692433+00:00,,43,self_awareness,100,100,33,100,3,3,3,1,1,3,3,3,3,3
70,2026-05-18T02:56:12.526757+00:00,,138,self_awareness,78,78,67,33,2,2,3,2,2,2,3,2,1,1
71,2026-05-18T03:46:03.885324+00:00,en,47,self_awareness,67,67,17,67,3,2,1,1,0,1,2,3,2,2
72,2026-05-18T06:12:59.692088+00:00,,59,self_regulation,78,78,83,67,2,2,3,3,2,2,2,3,2,2
73,2026-05-18T06:27:21.596558+00:00,,77,self_awareness,78,89,83,67,3,3,2,2,3,2,3,2,2,2
74,2026-05-18T10:36:56.020269+00:00,,89,self_awareness,56,67,50,50,2,2,2,2,1,1,2,2,2,1
75,2026-05-18T11:14:33.983318+00:00,en,479,self_regulation,56,33,83,50,2,0,1,2,3,1,2,2,0,3
76,2026-05-18T12:42:46.699652+00:00,en,4743,self_regulation,56,44,83,50,2,1,1,2,3,1,2,2,2,1
77,2026-05-18T13:42:47.159966+00:00,en,44,self_regulation,56,33,83,50,2,1,0,2,3,1,1,3,2,1
78,2026-05-18T14:08:48.811663+00:00,en,78,empathy,78,67,50,67,2,2,2,1,2,2,3,2,2,2
79,2026-05-18T14:40:34.652939+00:00,,40,self_awareness,44,67,50,50,2,2,2,2,1,2,1,1,1,2
80,2026-05-18T15:24:57.107501+00:00,en,56,empathy,89,67,67,83,3,2,1,2,2,3,2,3,2,3
81,2026-05-18T16:14:18.011772+00:00,en,78,self_awareness,56,100,100,50,3,3,3,3,3,2,3,0,2,1
82,2026-05-19T04:35:22.383375+00:00,en,88,empathy,89,67,33,67,2,3,1,2,0,2,3,3,3,1
83,2026-05-19T04:45:21.100652+00:00,en,49,self_awareness,56,56,50,33,2,1,2,1,2,2,1,2,1,1
84,2026-05-19T08:37:24.258182+00:00,,47,self_awareness,89,89,83,67,3,2,3,2,3,2,3,3,2,2
85,2026-05-19T09:57:16.526469+00:00,,89,self_awareness,67,89,50,83,2,3,3,1,2,2,2,2,2,3
86,2026-05-19T10:55:06.13384+00:00,,38,empathy,100,89,50,67,2,3,3,1,2,3,3,3,2,2
87,2026-05-19T11:11:34.555324+00:00,en,117,empathy,89,67,50,33,3,2,1,2,1,2,3,3,2,0
88,2026-05-19T11:25:27.579372+00:00,,81,empathy,89,44,67,67,2,1,1,2,2,3,2,3,2,2
89,2026-05-19T11:30:15.048233+00:00,en,54,empathy,89,67,33,67,2,2,2,1,1,2,3,3,2,2
90,2026-05-20T01:14:50.27361+00:00,,62,social_skills,78,67,50,100,2,2,2,1,2,2,3,2,3,3
91,2026-05-20T11:17:03.694548+00:00,,42,self_regulation,67,78,83,50,3,2,2,3,2,2,2,2,2,1
92,2026-05-21T12:03:27.176187+00:00,,39,empathy,89,78,17,83,2,3,2,1,0,3,2,3,2,3
93,2026-05-21T18:13:38.040889+00:00,,86,social_skills,67,56,67,83,2,2,1,2,2,2,2,2,3,2
94,2026-05-21T20:14:49.199827+00:00,,43,self_awareness,78,100,0,50,3,3,3,0,0,3,2,2,2,1
95,2026-05-22T01:31:35.421482+00:00,,62,empathy,100,78,83,100,2,2,3,2,3,3,3,3,3,3
96,2026-05-22T19:10:50.248021+00:00,,266,empathy,78,67,67,50,2,2,2,2,2,2,2,3,2,1
97,2026-05-23T02:37:45.875982+00:00,,66,empathy,100,89,67,83,2,3,3,2,2,3,3,3,2,3
98,2026-05-24T20:12:33.169+00:00,,,self_regulation,100,89,100,100,3,2,3,3,3,3,3,3,3,3
99,2026-05-25T08:57:29.217358+00:00,,4,empathy,78,33,33,50,1,1,1,1,1,2,3,2,1,2
100,2026-05-26T00:29:06.916943+00:00,en,68,self_awareness,78,89,83,83,3,2,3,2,3,3,2,2,3,2
101,2026-05-26T06:53:34.642623+00:00,en,59,self_regulation,44,78,83,83,2,2,3,2,3,1,2,1,3,2
102,2026-05-26T07:36:23.994981+00:00,en,144,self_awareness,56,67,33,67,2,2,2,1,1,3,1,1,2,2
103,2026-05-26T08:36:30.412499+00:00,en,86,empathy,89,67,50,83,2,1,3,1,2,3,2,3,2,3
104,2026-05-26T11:40:20.472307+00:00,en,51,social_skills,67,67,50,83,2,3,1,1,2,2,2,2,3,2
105,2026-05-26T14:10:08.320881+00:00,en,65,self_regulation,56,56,67,67,2,2,1,3,1,2,2,1,3,1
106,2026-05-27T06:44:21.523104+00:00,en,93,self_regulation,56,78,83,67,3,2,2,2,3,1,1,3,3,1
107,2026-05-27T07:26:33.534284+00:00,en,107,self_regulation,67,78,83,33,3,2,2,3,2,2,2,2,0,2
108,2026-05-27T13:38:53.079604+00:00,en,121,self_awareness,44,78,17,33,3,3,1,1,0,1,1,2,1,1
109,2026-05-27T14:00:01.310151+00:00,en,62,self_awareness,89,89,67,50,2,3,3,2,2,2,3,3,2,1
110,2026-05-27T15:31:04.960081+00:00,en,63,empathy,78,56,50,67,2,2,1,2,1,2,3,2,2,2
111,2026-05-27T16:26:47.033888+00:00,en,66,self_regulation,67,89,100,50,3,2,3,3,3,2,2,2,1,2
112,2026-05-28T00:28:59.428219+00:00,en,70,self_awareness,56,78,50,33,2,3,2,1,2,2,1,2,1,1
113,2026-05-28T00:47:17.195245+00:00,en,204,self_awareness,44,67,50,50,2,2,2,1,2,2,1,1,2,1
114,2026-05-28T01:52:23.5058+00:00,en,47,social_skills,89,78,83,100,2,3,2,2,3,3,3,2,3,3
115,2026-05-28T03:47:54.194966+00:00,en,130,self_regulation,78,67,83,83,3,1,2,3,2,2,2,3,2,3
116,2026-05-28T07:49:35.777549+00:00,en,135,empathy,78,56,67,67,2,0,3,1,3,2,2,3,2,2
117,2026-05-28T12:33:37.997875+00:00,en,73,self_awareness,100,100,33,83,3,3,3,1,1,3,3,3,3,2
118,2026-05-28T13:20:56.350821+00:00,en,70,self_awareness,56,67,67,50,3,2,1,2,2,3,1,1,2,1
119,2026-05-28T13:35:58.804722+00:00,en,45,self_awareness,89,100,67,67,3,3,3,2,2,2,3,3,2,2
120,2026-05-28T13:55:37.639551+00:00,,58,empathy,89,67,83,67,3,2,1,2,3,3,2,3,2,2
121,2026-05-28T14:16:20.889223+00:00,en,63,self_awareness,89,89,67,67,3,2,3,2,2,2,3,3,2,2
122,2026-05-28T16:45:59.395+00:00,,,social_skills,67,78,67,83,2,2,3,2,2,2,2,2,3,2
123,2026-05-28T16:56:45.259102+00:00,en,232,empathy,89,44,50,83,2,0,2,2,1,3,2,3,2,3
124,2026-05-28T19:45:42.892874+00:00,en,58,empathy,89,78,67,83,2,3,2,2,2,3,2,3,3,2
125,2026-05-28T20:49:40.132828+00:00,en,204,empathy,67,56,33,33,2,0,3,1,1,2,1,3,1,1
126,2026-05-29T09:07:06.124+00:00,,,self_regulation,78,67,100,100,2,1,3,3,3,3,1,3,3,3
127,2026-05-29T09:07:07.286165+00:00,en,63,empathy,100,78,0,17,2,2,3,0,0,3,3,3,1,0
128,2026-05-29T09:09:02.863903+00:00,en,59,empathy,78,67,17,33,2,2,2,1,0,3,2,2,1,1
129,2026-05-29T09:40:52.651754+00:00,en,147,self_awareness,67,100,50,67,3,3,3,2,1,2,2,2,2,2
130,2026-05-29T12:43:22.691+00:00,,,self_awareness,67,78,50,50,3,2,2,2,1,2,2,2,2,1
131,2026-05-29T16:37:08.642268+00:00,,4,social_skills,44,56,33,67,0,2,3,0,2,0,3,1,2,2
132,2026-05-29T21:34:47.72391+00:00,en,83,self_awareness,44,56,50,50,3,1,1,2,1,1,2,1,1,2
133,2026-05-30T15:37:43.160793+00:00,en,77,empathy,100,89,83,100,2,3,3,2,3,3,3,3,3,3
134,2026-05-30T15:56:29.58796+00:00,en,198,self_awareness,67,100,67,67,3,3,3,2,2,2,2,2,2,2
135,2026-05-30T21:41:39.242015+00:00,en,36,social_skills,11,0,0,17,0,0,0,0,0,0,0,1,0,1
136,2026-05-30T21:44:56.334882+00:00,en,60,empathy,89,56,33,33,1,2,2,1,1,3,3,2,2,0
137,2026-05-31T00:01:10.140922+00:00,,47,self_awareness,56,78,67,33,2,2,3,2,2,3,1,1,2,0
138,2026-05-31T14:28:43.45204+00:00,en,83,self_awareness,56,67,67,50,2,2,2,2,2,1,2,2,2,1
139,2026-05-31T22:31:09.543617+00:00,en,50,self_awareness,78,100,83,83,3,3,3,2,3,3,2,2,3,2
140,2026-06-01T11:00:00.454934+00:00,en,74,empathy,89,78,67,67,2,2,3,2,2,3,2,3,2,2
141,2026-06-01T14:04:07.803872+00:00,en,53,self_awareness,78,89,83,83,3,3,2,2,3,2,2,3,3,2
142,2026-06-01T14:56:03.722986+00:00,en,133,self_awareness,44,56,50,50,2,2,1,2,1,1,1,2,2,1
143,2026-06-01T15:20:35.812964+00:00,en,48,empathy,100,89,67,100,2,3,3,2,2,3,3,3,3,3
144,2026-06-01T17:30:44.092783+00:00,en,63,self_regulation,100,67,100,83,1,3,2,3,3,3,3,3,3,2
145,2026-06-01T17:36:13.351674+00:00,en,67,social_skills,89,78,17,100,2,2,3,0,1,3,2,3,3,3
146,2026-06-01T20:02:35.531684+00:00,en,79,self_awareness,22,67,17,50,2,2,2,1,0,1,1,0,1,2
147,2026-06-01T21:23:52.814779+00:00,en,48,empathy,100,44,50,67,2,0,2,1,2,3,3,3,2,2
148,2026-06-01T22:52:32.85622+00:00,en,81,social_skills,78,78,67,83,2,2,3,2,2,2,2,3,3,2
149,2026-06-02T01:44:51.92368+00:00,en,49,self_regulation,33,11,33,0,0,1,0,1,1,1,0,2,0,0
150,2026-06-02T03:03:08.401261+00:00,en,67,empathy,89,78,17,83,2,2,3,0,1,3,3,2,3,2
151,2026-06-02T06:39:47.570451+00:00,en,152,self_awareness,78,100,83,67,3,3,3,3,2,3,3,1,3,1
152,2026-06-02T12:32:53.990987+00:00,en,59,self_awareness,89,100,83,100,3,3,3,3,2,2,3,3,3,3
153,2026-06-02T13:08:42.141225+00:00,en,124,social_skills,56,78,50,83,2,2,3,2,1,2,1,2,3,2
154,2026-06-02T16:45:58.051841+00:00,en,69,self_awareness,33,56,50,17,2,2,1,2,1,2,0,1,0,1
155,2026-06-02T18:30:08.360403+00:00,en,7,self_awareness,0,0,0,0,0,0,0,0,0,0,0,0,0,0
156,2026-06-02T18:30:37.038402+00:00,en,11,self_awareness,0,0,0,0,0,0,0,0,0,0,0,0,0,0
157,2026-06-02T18:31:40.091911+00:00,en,11,self_awareness,0,0,0,0,0,0,0,0,0,0,0,0,0,0
158,2026-06-02T19:36:43.326519+00:00,en,5,self_awareness,0,0,0,0,0,0,0,0,0,0,0,0,0,0
159,2026-06-02T19:37:41.193403+00:00,en,11,self_awareness,0,0,0,0,0,0,0,0,0,0,0,0,0,0
160,2026-06-02T20:00:47.701651+00:00,en,9,self_awareness,0,0,0,0,0,0,0,0,0,0,0,0,0,0
161,2026-06-02T20:02:09.76782+00:00,en,11,self_awareness,0,0,0,0,0,0,0,0,0,0,0,0,0,0
162,2026-06-02T21:03:31.30864+00:00,en,10,self_awareness,0,0,0,0,0,0,0,0,0,0,0,0,0,0
163,2026-06-02T21:04:15.553294+00:00,en,11,self_awareness,0,0,0,0,0,0,0,0,0,0,0,0,0,0
164,2026-06-03T00:01:52.789986+00:00,en,39,self_awareness,67,100,67,67,3,3,3,2,2,3,2,1,3,1
165,2026-06-03T07:21:10.246863+00:00,en,73,social_skills,56,56,33,67,2,2,1,1,1,2,1,2,2,2
166,2026-06-03T08:52:50.617407+00:00,,265,self_awareness,44,100,17,50,3,3,3,0,1,3,1,0,1,2
167,2026-06-03T11:07:07.823043+00:00,he,7,self_awareness,0,0,0,0,0,0,0,0,0,0,0,0,0,0
168,2026-06-03T15:29:56.086657+00:00,en,61,empathy,89,78,67,83,2,2,3,2,2,2,3,3,2,3
169,2026-06-04T01:40:20.770157+00:00,en,86,empathy,78,67,67,50,2,2,2,2,2,2,2,3,2,1
170,2026-06-04T02:15:37.84678+00:00,en,233,empathy,100,89,50,83,3,3,2,1,2,3,3,3,2,3
171,2026-06-04T04:53:57.923205+00:00,en,43,self_awareness,100,100,100,100,3,3,3,3,3,3,3,3,3,3
172,2026-06-04T07:08:14.53135+00:00,en,12,self_awareness,100,100,100,100,3,3,3,3,3,3,3,3,3,3
173,2026-06-04T08:17:10.867192+00:00,en,80,self_awareness,44,67,50,33,2,3,1,2,1,1,1,2,1,1
174,2026-06-04T09:55:59.383809+00:00,en,67,empathy,78,67,67,50,2,2,2,2,2,2,2,3,3,0
175,2026-06-04T11:53:47.962704+00:00,en,69,self_awareness,67,89,50,17,2,3,3,2,1,2,1,3,0,1
176,2026-06-04T14:26:34.275801+00:00,en,104,social_skills,78,89,67,100,2,3,3,2,2,2,2,3,3,3
177,2026-06-04T16:10:23.751339+00:00,en,83,social_skills,11,11,0,67,1,0,0,0,0,1,0,0,3,1
178,2026-06-04T18:48:21.367942+00:00,en,59,social_skills,78,67,50,100,2,1,3,2,1,2,3,2,3,3
179,2026-06-05T02:03:18.574063+00:00,,66,empathy,100,67,67,83,2,2,2,2,2,3,3,3,2,3
180,2026-06-05T02:23:31.149133+00:00,en,48,social_skills,56,44,33,67,1,2,1,1,1,2,1,2,2,2
181,2026-06-05T08:30:26.168+00:00,,,empathy,67,56,50,17,1,1,3,1,2,2,1,3,1,0
182,2026-06-05T11:40:33.587823+00:00,en,11,self_regulation,11,33,83,83,1,2,0,3,2,1,0,0,3,2
183,2026-06-05T14:06:00.054548+00:00,en,111,self_regulation,67,78,83,50,2,2,3,2,3,2,2,2,2,1
184,2026-06-05T15:19:33.492827+00:00,en,53,self_awareness,0,22,17,0,2,0,0,1,0,0,0,0,0,0
185,2026-06-06T03:15:58.83432+00:00,en,77,self_regulation,78,78,83,83,2,3,2,2,3,2,3,2,2,3
186,2026-06-06T03:50:17.462106+00:00,en,62,self_awareness,78,89,67,50,3,3,2,2,2,3,2,2,3,0
187,2026-06-06T12:55:51.786296+00:00,,52,self_regulation,56,44,67,50,2,2,0,2,2,1,2,2,2,1
188,2026-06-06T14:27:59.858151+00:00,en,111,self_awareness,44,78,17,17,2,3,2,1,0,1,3,0,1,0
189,2026-06-06T14:40:10.936859+00:00,,55,self_awareness,78,89,67,50,3,2,3,2,2,3,2,2,2,1
190,2026-06-06T20:21:52.895916+00:00,en,55,self_awareness,89,100,100,83,3,3,3,3,3,3,3,2,2,3
191,2026-06-06T21:15:20.573827+00:00,en,255,empathy,33,22,17,33,1,1,0,0,1,1,1,1,1,1
192,2026-06-07T06:53:32.719089+00:00,en,98,empathy,100,89,67,50,2,3,3,2,2,3,3,3,2,1
193,2026-06-07T10:44:32.535795+00:00,en,49,self_awareness,56,78,17,33,2,2,3,1,0,1,2,2,0,2
194,2026-06-07T11:50:06.013367+00:00,en,183,self_regulation,44,78,83,50,3,2,2,2,3,1,2,1,2,1
195,2026-06-07T13:02:16.102192+00:00,en,257,social_skills,22,33,33,67,0,1,2,1,1,1,1,0,2,2
196,2026-06-07T13:11:03.378305+00:00,en,46,self_awareness,100,100,67,50,3,3,3,2,2,3,3,3,2,1
197,2026-06-07T14:30:04.595366+00:00,en,68,self_awareness,100,100,67,100,3,3,3,2,2,3,3,3,3,3
198,2026-06-07T16:23:44.089545+00:00,en,56,self_awareness,89,89,33,67,3,2,3,1,1,3,2,3,3,1
199,2026-06-07T21:58:46.925801+00:00,,65,self_awareness,89,100,50,67,3,3,3,2,1,3,2,3,2,2
200,2026-06-07T23:08:21.557154+00:00,,37,empathy,100,89,50,50,3,2,3,2,1,3,3,3,2,1
201,2026-06-08T09:10:34.40552+00:00,en,53,self_awareness,100,100,83,100,3,3,3,3,2,3,3,3,3,3
202,2026-06-08T09:18:01.785544+00:00,,44,self_awareness,56,78,67,67,3,2,2,2,2,2,2,1,2,2
203,2026-06-08T11:03:52.358062+00:00,en,59,self_awareness,67,100,33,83,3,3,3,2,0,2,2,2,2,3
204,2026-06-08T14:52:08.591943+00:00,en,87,self_awareness,78,100,17,83,3,3,3,1,0,3,1,3,2,3
205,2026-06-08T22:25:41.444871+00:00,en,89,empathy,89,78,50,83,3,2,2,1,2,2,3,3,2,3
206,2026-06-09T00:15:44.35026+00:00,en,69,empathy,89,78,67,33,3,2,2,3,1,3,2,3,1,1
207,2026-06-09T02:16:01.043835+00:00,en,157,self_awareness,100,100,100,67,3,3,3,3,3,3,3,3,3,1
208,2026-06-09T02:24:22.209298+00:00,en,60,empathy,89,67,33,83,3,2,1,1,1,3,3,2,2,3
209,2026-06-09T02:58:22.450453+00:00,en,46,self_awareness,78,100,33,33,3,3,3,1,1,2,3,2,2,0
210,2026-06-09T04:04:41.679+00:00,,,self_awareness,100,100,67,100,3,3,3,3,1,3,3,3,3,3
211,2026-06-09T04:04:42.378905+00:00,en,50,self_awareness,100,100,67,100,3,3,3,3,1,3,3,3,3,3
212,2026-06-09T04:31:42.889484+00:00,en,44,self_awareness,78,78,50,67,2,2,3,2,1,2,3,2,2,2
213,2026-06-09T05:01:49.40807+00:00,,65,social_skills,67,67,67,83,1,2,3,2,2,3,2,1,3,2
214,2026-06-09T06:18:04.210616+00:00,en,57,social_skills,89,56,67,100,2,3,0,2,2,3,3,2,3,3
215,2026-06-09T06:27:58.40573+00:00,en,45,self_awareness,100,100,83,100,3,3,3,2,3,3,3,3,3,3
216,2026-06-09T11:29:40.381808+00:00,en,133,empathy,89,56,67,83,2,1,2,3,1,3,3,2,2,3
217,2026-06-09T12:30:40.406828+00:00,en,99,empathy,100,89,83,83,3,3,2,2,3,3,3,3,3,2
218,2026-06-09T16:39:26.314763+00:00,en,32,empathy,100,89,50,100,2,3,3,1,2,3,3,3,3,3
219,2026-06-09T18:12:58.581378+00:00,,125,self_awareness,67,78,33,50,2,2,3,1,1,2,2,2,2,1
220,2026-06-09T19:58:41.107686+00:00,en,51,self_awareness,89,100,33,100,3,3,3,2,0,3,3,2,3,3
221,2026-06-09T23:05:23.19455+00:00,,58,empathy,78,67,67,33,2,2,2,2,2,1,3,3,2,0
222,2026-06-10T01:54:25.807482+00:00,en,49,empathy,100,89,50,100,3,2,3,0,3,3,3,3,3,3
223,2026-06-10T07:42:00.346123+00:00,,111,self_regulation,56,56,83,50,2,2,1,3,2,2,2,1,1,2
224,2026-06-10T10:11:40.893636+00:00,en,135,self_awareness,89,89,67,83,2,3,3,2,2,3,3,2,3,2
225,2026-06-10T11:49:04.799351+00:00,,71,self_awareness,78,78,50,67,2,3,2,2,1,2,2,3,2,2
226,2026-06-10T14:19:03.555218+00:00,en,64,empathy,89,44,67,83,1,1,2,2,2,3,2,3,2,3
227,2026-06-10T17:57:56.296897+00:00,en,336,self_awareness,67,89,33,17,3,2,3,1,1,3,1,2,0,1
228,2026-06-10T18:15:52.387264+00:00,,57,self_awareness,100,100,83,100,3,3,3,3,2,3,3,3,3,3
229,2026-06-10T19:36:03.855194+00:00,en,54,self_awareness,78,89,83,83,3,3,2,2,3,3,2,2,3,2
230,2026-06-10T20:18:22.88944+00:00,en,56,self_awareness,56,67,50,67,2,2,2,2,1,1,2,2,2,2
231,2026-06-10T20:58:20.423715+00:00,en,62,self_regulation,89,67,100,100,2,2,2,3,3,3,2,3,3,3
232,2026-06-10T21:57:55.392098+00:00,en,45,self_regulation,22,67,83,33,2,2,2,3,2,1,1,0,2,0
233,2026-06-10T23:35:16.287109+00:00,en,76,empathy,100,78,83,67,2,3,2,3,2,3,3,3,2,2
234,2026-06-10T23:56:02.510623+00:00,en,100,self_awareness,78,89,83,83,3,2,3,3,2,2,2,3,2,3
235,2026-06-11T02:30:50.887561+00:00,en,44,social_skills,89,67,83,100,2,2,2,2,3,3,2,3,3,3
236,2026-06-11T04:37:08.962+00:00,en,197,self_regulation,22,44,83,0,2,2,0,3,2,2,0,0,0,0
237,2026-06-11T15:50:24.00054+00:00,en,170,empathy,56,33,33,50,1,2,0,0,2,1,2,2,1,2
238,2026-06-11T17:06:49.520028+00:00,en,48,self_awareness,100,100,67,100,3,3,3,2,2,3,3,3,3,3
239,2026-06-11T17:53:31.490146+00:00,,178,self_regulation,78,56,100,33,2,0,3,3,3,2,2,3,1,1
240,2026-06-11T18:04:51.752545+00:00,en,43,empathy,67,33,33,67,1,1,1,1,1,2,2,2,2,2
241,2026-06-11T18:07:08.686923+00:00,en,197,self_awareness,44,56,0,33,2,1,2,0,0,2,1,1,1,1
242,2026-06-11T18:17:51.342408+00:00,en,67,empathy,89,56,67,83,2,1,2,2,2,2,3,3,2,3
243,2026-06-11T19:40:15.128573+00:00,en,66,social_skills,89,89,17,100,3,3,2,1,0,3,2,3,3,3
244,2026-06-11T19:56:20.622744+00:00,en,60,empathy,89,78,67,83,2,2,3,2,2,3,3,2,3,2
245,2026-06-11T21:10:40.091039+00:00,en,89,self_awareness,44,78,67,67,2,2,3,2,2,2,1,1,2,2
246,2026-06-11T22:33:19.321782+00:00,en,44,empathy,89,78,50,83,2,3,2,1,2,2,3,3,2,3
247,2026-06-12T01:20:49.616919+00:00,en,67,social_skills,78,78,83,100,3,3,1,3,2,3,2,2,3,3
248,2026-06-12T04:30:50.203325+00:00,en,64,self_awareness,78,100,67,100,3,3,3,2,2,2,2,3,3,3
249,2026-06-12T05:55:40.641184+00:00,en,70,self_awareness,100,100,83,100,3,3,3,3,2,3,3,3,3,3
250,2026-06-12T07:28:39.236073+00:00,en,94,social_skills,78,44,17,83,1,1,2,1,0,2,3,2,3,2
251,2026-06-12T08:34:24.039516+00:00,en,97,self_regulation,56,44,67,67,1,1,2,1,3,2,1,2,2,2
252,2026-06-12T11:04:52.410964+00:00,en,50,self_awareness,100,100,50,100,3,3,3,3,0,3,3,3,3,3
253,2026-06-12T11:53:22.803005+00:00,en,134,self_awareness,67,78,67,50,3,3,1,1,3,1,3,2,1,2
254,2026-06-12T12:12:04.298835+00:00,en,135,self_awareness,44,100,83,0,3,3,3,2,3,3,1,0,0,0
255,2026-06-12T12:33:16.477142+00:00,en,61,empathy,89,67,67,83,2,2,2,2,2,3,3,2,2,3
256,2026-06-12T13:55:44.493687+00:00,en,93,self_awareness,33,56,50,50,1,2,2,1,2,1,1,1,2,1
257,2026-06-12T14:25:42.323864+00:00,,56,self_awareness,78,89,67,83,3,3,2,2,2,2,2,3,3,2
258,2026-06-12T14:42:11.377257+00:00,en,40,self_awareness,56,78,50,50,2,3,2,2,1,2,1,2,2,1
259,2026-06-12T14:42:24.311188+00:00,en,39,empathy,100,89,67,100,3,2,3,2,2,3,3,3,3,3
260,2026-06-12T14:42:45.51918+00:00,en,51,empathy,100,67,67,50,2,1,3,2,2,3,3,3,2,1
261,2026-06-12T14:46:26.068608+00:00,en,62,social_skills,44,67,67,83,2,2,2,2,2,1,2,1,2,3
262,2026-06-12T15:35:54.770087+00:00,,30,social_skills,78,89,67,100,3,3,2,2,2,2,2,3,3,3
263,2026-06-12T15:39:02.089353+00:00,en,28,social_skills,11,0,0,17,0,0,0,0,0,0,1,0,0,1
264,2026-06-12T15:40:28.011347+00:00,en,78,self_awareness,56,78,33,50,3,2,2,1,1,2,1,2,2,1