id,created_at,locale,duration_seconds,top_result,score_bodily,score_interpersonal,score_intrapersonal,score_linguistic,score_logical,score_musical,score_naturalist,score_spatial,q1,q2,q3,q4,q5,q6,q7,q8,q9,q10,q11,q12,q13,q14,q15,q16,q17,q18,q19,q20,q21,q22,q23,q24,q25,q26,q27,q28,q29,q30,q31,q32,q33,q34,q35,q36,q37,q38,q39,q40
1,2026-04-06T15:49:17.992+00:00,,,interpersonal,90,95,95,60,75,0,65,85,1,3,3,3,0,4,4,2,4,4,4,4,0,4,4,3,2,4,4,4,0,4,4,3,2,2,3,4,0,4,4,3,3,2,3,3,0,3,3,2
2,2026-04-07T06:52:18.507+00:00,,,intrapersonal,65,75,95,70,65,65,80,70,2,1,4,4,4,2,4,4,4,4,4,1,1,4,4,4,0,4,0,4,4,1,4,4,4,0,4,4,4,4,4,4,4,4,2,0,0,4,3,0
3,2026-04-07T18:46:45.617+00:00,,,spatial,80,65,80,50,75,75,50,80,3,2,3,4,4,4,4,4,2,3,2,4,3,4,4,4,3,4,3,3,3,4,4,2,1,3,4,4,3,0,3,0,1,3,4,1,2,1,1,0
4,2026-04-09T12:34:13.596324+00:00,,,interpersonal,45,60,60,25,40,5,55,20,0,2,0,3,0,3,4,3,1,1,2,2,0,3,3,3,3,3,0,1,1,1,3,2,0,0,0,3,0,4,2,3,1,2,2,0,0,1,0,0
5,2026-04-10T22:13:37.633+00:00,,,interpersonal,70,85,65,40,50,40,50,65,1,2,3,3,2,4,2,1,2,2,3,3,0,3,3,4,2,3,2,2,3,3,2,0,1,0,2,3,3,3,3,3,2,3,3,3,0,4,3,2
6,2026-04-11T09:52:06.6+00:00,,,musical,50,75,80,95,70,100,75,80,4,3,4,4,4,4,4,4,3,3,4,2,4,3,4,3,4,4,4,0,4,3,3,2,4,2,3,3,4,2,3,3,4,2,1,1,4,3,2,3
7,2026-04-11T14:47:19.153441+00:00,,322,linguistic,40,55,65,90,70,90,70,80,4,2,4,2,4,4,4,4,3,3,3,1,3,2,3,2,4,4,3,0,4,1,3,2,4,2,4,2,4,2,3,3,3,3,2,3,3,2,0,3
8,2026-04-11T16:41:12.895+00:00,,,linguistic,55,65,85,90,85,45,70,65,4,2,3,4,2,4,4,4,4,4,2,2,0,2,4,0,4,4,4,2,3,3,2,4,2,4,4,2,2,4,4,4,4,3,0,1,2,0,3,2
9,2026-04-11T23:15:26.943+00:00,,,spatial,25,45,40,35,40,35,15,50,2,1,3,1,3,4,2,1,1,1,2,2,0,1,1,0,1,3,3,0,1,2,2,1,0,1,2,2,3,1,3,1,3,2,0,0,0,1,0,0
10,2026-04-11T23:17:49.794+00:00,,,naturalist,65,55,60,45,60,25,70,55,0,2,3,1,2,3,3,3,3,3,0,4,0,3,3,4,3,4,1,1,3,3,1,3,0,1,4,3,0,1,3,3,3,2,3,4,0,1,2,1
11,2026-04-13T01:07:27.09+00:00,,,musical,65,90,60,30,60,90,40,50,0,3,1,3,4,4,3,2,2,1,3,4,4,3,2,0,3,2,0,0,3,3,3,2,0,4,4,4,4,4,4,2,1,2,2,2,3,4,0,2
12,2026-04-13T02:43:34.759445+00:00,,,intrapersonal,65,80,85,60,65,30,85,55,3,2,2,3,2,4,4,4,2,3,3,2,1,3,3,4,3,3,1,2,3,3,3,2,2,3,1,3,0,3,3,4,2,2,4,3,0,3,4,3
13,2026-04-14T13:31:13.417+00:00,,,intrapersonal,20,70,100,30,5,50,70,40,1,0,1,2,2,3,4,2,1,0,4,0,1,3,4,4,0,0,0,0,4,2,4,1,4,1,2,1,3,4,4,3,0,0,1,1,0,2,4,4
14,2026-04-16T05:51:51.783+00:00,,,bodily,80,80,80,25,55,20,40,45,1,2,2,3,2,4,4,3,1,3,2,4,0,3,4,2,2,3,1,1,1,3,4,1,0,1,3,4,1,4,4,1,1,2,1,4,0,2,0,1
15,2026-04-17T15:18:50.117848+00:00,,74,naturalist,35,30,50,65,60,15,70,65,2,3,1,4,2,1,0,3,4,3,2,1,0,0,3,4,2,1,3,1,0,4,0,1,2,3,4,0,1,1,3,4,3,2,3,1,0,5,4,2
16,2026-04-17T16:05:17.243817+00:00,,357,musical,35,45,45,35,35,50,30,35,1,1,2,2,2,3,2,1,1,1,1,1,2,2,2,2,1,2,1,2,3,1,2,1,3,1,1,1,2,1,2,1,1,2,2,1,1,2,1,1
17,2026-04-17T22:16:44.36034+00:00,,220,bodily,50,15,50,25,45,50,50,30,0,0,0,4,3,0,4,3,0,2,4,3,0,3,1,3,0,4,2,0,3,0,4,3,1,3,0,3,3,0,0,1,4,0,0,0,1,0,1,0
18,2026-04-18T08:29:51.076+00:00,,,intrapersonal,35,25,90,30,75,55,50,60,0,1,3,3,4,2,4,2,0,4,2,1,0,0,2,1,2,4,3,0,4,0,4,4,1,3,4,3,3,3,4,2,3,3,0,0,0,0,4,1
19,2026-04-18T20:20:54.832592+00:00,,245,musical,65,50,65,65,65,85,60,70,3,0,3,3,4,3,3,4,3,4,4,3,4,1,3,4,4,4,1,0,4,0,2,1,0,1,3,4,4,4,4,3,3,4,3,3,1,2,1,0
20,2026-04-19T16:22:31.656+00:00,,,intrapersonal,20,45,65,55,50,15,25,15,1,2,0,2,2,3,3,0,1,0,0,0,0,1,4,1,4,3,0,0,1,1,3,2,2,3,2,2,0,3,2,2,3,2,1,0,0,1,1,0
21,2026-04-19T18:33:43.971+00:00,,,interpersonal,70,75,75,70,45,50,55,60,3,1,4,4,4,4,4,3,4,3,1,2,1,4,3,4,3,2,4,1,4,4,4,1,1,3,3,3,1,3,4,3,3,0,0,4,0,0,0,0
22,2026-04-22T10:56:54.122415+00:00,,228,logical,55,55,70,20,85,50,50,50,0,4,2,3,3,2,2,3,1,4,4,3,2,3,3,2,3,3,1,1,3,2,4,3,0,2,2,3,2,2,4,2,0,4,1,1,0,2,1,0
23,2026-04-22T14:52:13.921979+00:00,,275,spatial,95,55,85,65,75,70,55,95,0,2,4,4,4,3,3,1,4,3,4,4,3,0,3,4,4,4,4,4,2,1,3,0,1,3,4,4,4,4,4,4,4,3,3,3,1,3,4,2
24,2026-04-22T19:25:41.753975+00:00,,221,naturalist,40,60,60,45,70,25,95,30,0,1,1,3,2,4,3,4,3,3,3,2,0,2,2,4,1,4,0,0,2,3,4,4,2,3,1,3,1,3,0,4,3,3,1,0,0,0,3,3
25,2026-04-24T00:52:46.682959+00:00,,188,bodily,90,75,75,55,70,20,60,40,2,3,2,4,2,3,3,3,2,2,1,4,0,4,3,4,4,3,2,3,1,2,3,2,1,3,2,4,1,3,3,2,2,3,1,3,0,3,3,1
26,2026-04-24T09:29:20.05819+00:00,,16,linguistic,35,35,35,60,55,45,40,35,4,3,3,2,2,2,1,0,1,1,2,2,1,1,1,2,2,1,1,1,1,1,2,2,3,3,0,1,3,2,2,2,2,3,1,1,2,1,1,2
27,2026-04-25T02:50:53.986555+00:00,,391,intrapersonal,35,40,95,60,90,55,45,80,2,4,4,3,3,2,4,3,4,4,0,0,0,2,3,0,2,4,4,2,4,0,4,2,0,2,4,2,4,4,4,4,4,4,4,0,0,0,4,0
28,2026-04-27T03:19:57.508283+00:00,,197,logical,60,30,80,25,90,50,15,40,0,4,3,3,2,3,4,1,1,3,1,3,2,0,4,2,2,4,2,1,2,0,4,0,1,4,1,3,3,1,1,0,1,3,1,2,1,2,3,0
29,2026-04-28T01:17:46.238+00:00,,,interpersonal,85,90,80,30,40,85,50,65,0,0,1,2,1,4,3,4,4,3,0,4,4,4,1,3,1,1,4,4,4,3,4,1,1,0,4,3,4,4,4,1,0,4,4,4,4,3,4,1
30,2026-04-29T01:23:01.338+00:00,,,interpersonal,70,90,75,60,35,55,30,30,3,0,0,3,2,4,3,0,3,4,0,1,2,4,3,4,3,1,0,4,3,3,3,0,3,0,3,3,1,4,3,2,0,2,3,3,3,3,3,0
31,2026-04-29T09:44:18.955532+00:00,,137,logical,50,80,75,85,90,70,50,75,3,4,3,3,3,4,3,3,4,3,3,2,3,3,4,1,3,3,3,1,3,3,3,2,4,4,2,3,3,3,3,3,3,4,4,1,2,3,2,1
32,2026-04-29T13:47:43.574987+00:00,,170,linguistic,55,75,85,100,95,55,75,70,4,3,3,2,3,3,4,4,4,4,4,3,2,3,3,3,4,4,3,2,1,3,3,3,4,4,2,2,3,3,3,3,4,4,2,2,2,3,4,2
33,2026-05-01T12:07:03.022+00:00,,,logical,85,45,75,75,85,60,25,75,3,3,4,4,3,3,3,1,4,4,3,3,3,0,4,1,4,3,3,3,4,3,3,1,1,4,3,3,2,2,4,0,3,3,2,4,0,1,1,2
34,2026-05-02T22:14:35.06+00:00,,,logical,70,75,60,55,100,25,65,50,0,4,3,3,2,3,2,3,3,4,3,3,0,3,3,3,3,4,0,3,1,3,1,3,2,4,3,3,2,4,3,3,3,4,1,2,0,2,3,1
35,2026-05-03T04:11:43.291033+00:00,,137,linguistic,70,45,75,100,100,65,5,65,4,4,3,2,4,1,2,0,4,4,3,3,1,4,4,0,4,4,4,4,3,0,4,0,4,4,2,4,4,0,4,1,4,4,1,1,1,4,1,0
36,2026-05-03T20:24:43.252699+00:00,,161,linguistic,40,90,80,90,75,70,45,50,3,1,3,4,3,4,4,3,4,4,3,0,3,3,3,3,4,4,2,3,4,3,2,1,3,2,0,1,3,4,4,2,4,4,2,0,1,4,3,0
37,2026-05-04T23:22:20.309093+00:00,,446,logical,20,20,55,45,70,55,25,60,1,2,3,3,3,1,2,3,1,4,1,0,1,0,3,0,3,4,2,1,2,0,4,1,2,3,4,0,4,1,2,1,2,1,2,0,1,2,0,0
38,2026-05-06T02:23:52.067198+00:00,,195,spatial,75,75,65,75,75,55,75,80,3,2,3,3,2,3,3,3,3,3,3,3,2,2,3,4,3,3,3,3,4,3,1,2,3,4,3,3,2,4,3,3,3,3,4,3,1,3,3,3
39,2026-05-06T07:40:59.034217+00:00,,151,linguistic,30,15,60,75,40,65,70,30,3,0,3,3,4,3,3,3,3,3,1,0,3,0,0,3,2,2,0,0,3,0,4,0,3,3,2,3,3,0,1,4,4,0,0,0,0,0,4,4
40,2026-05-06T18:00:50.692951+00:00,,773,intrapersonal,25,65,85,75,35,20,60,10,4,1,1,3,1,4,4,4,3,2,0,0,1,3,3,2,1,0,0,0,1,2,3,3,3,3,0,1,1,3,3,2,4,1,1,1,0,1,4,1
41,2026-05-07T18:14:04.060827+00:00,,15,interpersonal,65,80,55,55,50,75,65,70,2,2,2,2,2,2,0,2,3,1,3,3,3,4,3,2,2,3,3,2,2,3,3,3,2,3,3,3,4,4,3,3,2,1,3,3,4,3,2,3
42,2026-05-08T07:17:01.93+00:00,,,intrapersonal,20,35,70,20,25,25,15,40,2,0,2,2,1,4,4,1,1,1,0,0,1,2,3,1,0,3,2,1,2,0,3,0,1,0,2,1,1,1,2,1,0,1,2,0,0,0,2,0
43,2026-05-08T08:37:44.682+00:00,,,intrapersonal,35,55,75,35,50,15,65,50,2,1,1,2,0,2,4,4,2,0,4,1,0,4,4,0,0,3,1,0,3,1,4,2,3,2,3,4,0,4,3,4,0,4,1,0,0,0,0,3
44,2026-05-08T10:22:17.383+00:00,,,linguistic,80,90,85,90,75,25,80,65,3,1,3,4,3,4,4,3,4,4,4,4,0,4,2,4,4,4,1,2,2,4,3,2,3,2,2,3,0,3,4,4,4,4,3,3,0,3,4,3
45,2026-05-08T11:21:47.330548+00:00,,154,musical,70,80,65,65,60,95,45,80,1,2,4,4,4,4,3,3,3,3,3,2,4,4,4,2,3,3,3,4,4,4,3,2,3,2,2,3,4,3,3,2,3,2,4,1,3,1,0,0
46,2026-05-08T16:33:44.732112+00:00,,146,linguistic,70,65,50,85,85,40,55,65,2,2,3,2,3,2,1,1,4,4,4,3,2,4,3,4,4,4,2,4,1,2,3,3,4,3,2,3,2,2,2,1,3,4,2,2,0,3,1,2
47,2026-05-09T03:42:29.801403+00:00,en,194,logical,60,40,60,70,75,10,55,60,3,3,3,2,1,2,2,3,4,4,4,2,0,3,4,4,2,3,3,3,1,1,1,3,2,1,1,4,0,0,3,0,3,4,1,1,0,2,2,1
48,2026-05-10T04:53:04.084+00:00,,,intrapersonal,55,70,80,35,60,55,55,70,2,0,2,4,3,4,4,2,2,3,3,2,1,3,3,3,1,3,1,1,4,2,4,2,0,3,4,2,2,3,4,2,2,3,4,2,1,2,1,2
49,2026-05-11T01:34:09.673355+00:00,en,116,interpersonal,60,70,65,30,30,45,65,25,0,0,0,3,2,3,3,3,1,2,0,3,1,2,2,3,2,3,2,2,2,3,2,1,1,0,2,2,2,3,3,3,2,1,1,2,2,3,3,3
50,2026-05-11T04:28:20.195+00:00,,,musical,45,100,85,25,45,100,10,45,1,1,1,0,4,4,4,1,4,4,0,1,4,4,4,0,0,0,0,0,4,4,4,0,0,0,4,4,4,4,4,1,0,4,4,4,4,4,1,0
51,2026-05-12T02:14:18.807+00:00,en,113,musical,40,70,70,50,35,85,50,55,2,1,3,2,3,3,3,2,2,2,1,1,4,3,3,2,1,2,3,3,4,3,3,2,3,1,2,1,3,3,3,2,2,1,2,1,3,2,2,2
52,2026-05-13T13:14:17.985+00:00,,798,musical,50,55,55,80,75,85,60,70,3,3,3,3,4,3,3,3,3,3,3,1,3,3,3,2,3,3,3,0,4,0,2,2,4,2,3,3,3,2,3,3,3,4,2,3,3,3,0,2
53,2026-05-14T02:42:54.96+00:00,,,interpersonal,60,75,75,70,65,40,20,60,2,3,3,4,1,4,4,1,2,4,4,3,1,4,2,1,4,4,0,2,4,1,4,0,4,1,4,3,1,4,4,1,2,1,1,0,1,2,1,1
54,2026-05-14T03:45:21.967601+00:00,en,123,naturalist,90,60,65,80,60,55,95,75,3,2,3,4,4,3,4,4,3,3,2,4,2,2,2,4,3,3,3,3,3,2,4,3,3,1,4,3,0,1,1,4,4,3,3,4,2,4,2,4
55,2026-05-14T04:06:17.735+00:00,,,interpersonal,35,80,60,45,20,60,45,15,1,0,1,3,3,4,4,3,2,1,0,0,1,4,3,1,1,2,1,1,4,4,4,3,3,1,1,2,4,4,1,1,2,0,0,1,0,0,0,1
56,2026-05-14T05:08:10.045+00:00,,,spatial,60,70,60,35,50,45,65,95,1,1,4,4,3,3,3,4,3,3,3,2,1,3,3,3,1,3,4,4,4,3,3,1,1,1,4,1,1,1,3,3,1,2,4,1,0,4,0,2
57,2026-05-14T07:44:32.898+00:00,,,intrapersonal,30,50,70,50,20,40,35,30,2,0,0,2,1,1,3,1,2,1,1,1,0,3,3,1,2,1,2,1,3,1,4,1,2,1,3,1,4,4,3,3,2,1,0,1,0,1,1,1
58,2026-05-14T09:30:00.163545+00:00,en,184,interpersonal,60,95,55,45,80,45,30,45,0,4,2,4,3,4,4,4,4,4,1,1,1,4,2,2,2,4,2,2,4,4,2,0,0,1,3,3,1,4,3,0,3,3,1,2,0,3,0,0
59,2026-05-14T17:19:11.360381+00:00,en,180,logical,55,60,60,65,90,30,50,55,1,4,3,2,3,3,2,2,2,4,4,4,0,2,3,3,3,4,3,2,0,3,2,2,4,3,0,3,3,1,3,1,3,3,1,0,0,3,2,2
60,2026-05-15T06:28:31.422294+00:00,en,131,linguistic,85,85,85,100,80,85,95,85,4,3,2,4,3,4,4,4,4,4,4,1,4,3,4,4,4,3,3,4,4,4,2,3,4,4,4,4,4,3,3,4,4,2,4,4,2,3,4,4
61,2026-05-15T09:45:02.705+00:00,,,interpersonal,70,95,70,40,65,70,75,65,0,3,3,4,3,4,2,2,2,4,2,2,3,4,4,3,4,3,2,4,4,3,3,3,1,1,4,3,3,4,4,3,1,2,2,1,1,4,1,4
62,2026-05-15T12:41:48.799+00:00,,,logical,45,65,65,40,65,30,45,45,0,2,2,3,1,3,3,3,1,2,2,0,0,3,3,2,2,2,1,2,3,1,3,1,4,4,3,2,1,3,2,2,1,3,1,2,1,3,2,1
63,2026-05-15T16:17:09.059207+00:00,en,262,interpersonal,55,80,65,55,45,20,40,0,1,2,0,3,0,4,1,3,3,1,0,4,0,3,2,4,2,4,0,0,3,3,4,1,2,1,0,3,1,3,2,0,3,1,0,1,0,3,4,0
64,2026-05-15T17:01:21.175805+00:00,,133,linguistic,65,50,90,90,15,50,45,45,3,0,2,4,3,2,4,3,4,2,0,4,0,3,3,2,4,1,0,0,3,0,3,1,3,0,4,1,4,2,4,1,4,0,3,4,0,3,4,2
65,2026-05-15T17:02:57.265323+00:00,,198,interpersonal,50,65,55,40,35,35,25,55,2,1,2,3,3,4,3,2,1,3,2,2,1,2,2,1,2,1,2,2,2,2,2,1,0,1,3,1,1,2,2,0,3,1,2,2,0,3,2,1
66,2026-05-15T17:35:39.079902+00:00,en,272,musical,40,50,70,90,80,100,70,65,2,2,4,1,4,3,4,4,4,4,2,2,4,3,3,2,4,4,2,0,4,0,4,4,4,3,3,2,4,4,0,1,4,3,2,3,4,0,3,3
67,2026-05-15T20:48:43.264363+00:00,,415,logical,50,75,80,65,100,15,25,70,1,4,4,4,1,4,4,2,2,4,4,0,0,4,4,1,2,4,2,4,2,4,4,1,4,4,4,2,0,1,4,1,4,4,0,0,0,2,0,0
68,2026-05-15T21:01:18.880994+00:00,,139,linguistic,40,65,70,95,60,55,40,50,4,2,2,3,3,2,3,3,4,3,2,1,1,3,3,2,3,3,1,1,4,3,4,1,4,2,3,2,3,3,3,2,4,2,2,1,0,2,1,0
69,2026-05-15T23:25:45.696317+00:00,,382,bodily,85,20,70,20,75,30,85,60,2,4,3,4,3,1,2,3,0,3,4,4,0,0,4,4,0,2,2,4,3,0,4,3,2,3,3,4,0,3,4,3,0,3,0,1,0,0,0,4
70,2026-05-16T01:00:19.678699+00:00,en,168,logical,35,55,55,50,75,30,65,45,1,3,3,3,2,3,4,2,2,3,3,1,0,1,2,3,2,4,2,2,1,2,3,2,3,3,1,1,3,3,2,4,2,2,0,0,0,2,0,2
71,2026-05-16T02:01:35.176977+00:00,,239,naturalist,35,30,50,30,25,15,55,15,0,1,0,3,0,1,2,2,2,2,1,0,0,1,2,3,1,0,0,3,1,0,2,2,2,1,1,1,2,3,3,2,1,1,1,0,0,1,1,2
72,2026-05-16T03:54:03.623213+00:00,,284,intrapersonal,40,50,60,45,45,30,45,50,1,1,2,1,2,2,3,1,3,3,2,1,1,2,2,2,0,3,2,4,3,0,4,2,4,1,3,1,0,4,3,2,1,1,1,1,0,2,0,2
73,2026-05-16T05:03:52.916737+00:00,en,187,interpersonal,75,80,65,75,75,35,60,65,3,3,3,4,1,3,4,2,3,3,3,4,1,4,1,3,3,3,2,2,2,3,2,2,2,3,2,3,3,3,3,3,4,3,3,2,0,3,3,2
74,2026-05-16T05:25:19.214099+00:00,,180,intrapersonal,60,80,85,60,70,70,60,50,2,1,1,3,2,3,4,2,2,4,2,2,2,3,3,2,2,4,2,3,4,3,2,2,2,1,3,2,4,4,4,4,4,4,2,2,2,3,4,2
75,2026-05-16T05:52:25.82307+00:00,,156,interpersonal,60,100,65,65,45,75,55,75,3,1,4,4,4,4,4,3,3,3,2,2,3,4,3,2,3,3,3,3,4,4,0,2,1,1,4,2,3,4,3,2,3,1,2,1,1,4,3,2
76,2026-05-16T06:58:13.896479+00:00,,141,intrapersonal,80,75,90,75,85,60,80,60,4,3,2,4,3,3,3,3,3,4,2,3,2,3,3,3,3,4,3,3,3,3,4,2,3,2,1,2,2,3,4,4,2,4,4,4,2,3,4,4
77,2026-05-16T06:59:43.426982+00:00,,210,bodily,95,85,80,55,70,35,50,75,3,1,3,4,4,4,3,3,3,3,3,4,0,4,3,4,1,3,1,3,3,3,4,3,4,3,4,4,0,3,3,0,0,4,4,4,0,3,3,0
78,2026-05-16T07:12:38.964812+00:00,,336,intrapersonal,10,55,80,60,65,15,30,40,4,1,2,2,0,2,4,0,3,4,4,0,0,4,3,0,1,4,0,0,3,1,4,1,4,1,2,0,0,4,4,4,0,3,0,0,0,0,1,1
79,2026-05-16T07:28:12.791293+00:00,,208,logical,75,60,55,35,100,65,50,100,2,4,4,4,4,3,2,3,1,4,4,0,2,2,2,1,1,4,4,4,2,2,3,2,1,4,4,4,3,3,2,2,2,4,4,3,2,2,2,2
80,2026-05-16T07:49:16.718746+00:00,,247,naturalist,30,30,55,20,30,30,80,70,1,2,4,3,2,2,1,4,2,2,4,0,1,0,2,2,0,1,1,0,1,0,4,4,1,1,4,3,2,3,2,3,0,0,1,0,0,1,2,3
81,2026-05-16T10:49:25.881732+00:00,,599,linguistic,0,80,55,80,65,35,15,60,4,3,4,0,3,2,4,0,3,2,4,0,0,4,2,0,2,3,1,0,4,2,2,0,4,4,3,0,0,4,3,1,3,1,0,0,0,4,0,2
82,2026-05-16T12:19:35.088613+00:00,,289,linguistic,75,70,65,75,45,70,75,75,4,2,3,4,3,4,3,3,3,3,3,2,3,2,2,3,1,0,3,3,4,2,3,3,4,2,3,3,3,4,2,2,3,2,3,3,1,2,3,4
83,2026-05-16T12:51:07.324587+00:00,,125,intrapersonal,5,85,100,5,40,25,35,20,0,0,0,1,1,4,4,1,1,4,0,0,1,4,4,1,0,4,0,0,1,1,4,1,0,0,4,0,1,4,4,4,0,0,0,0,1,4,4,0
84,2026-05-16T14:13:25.331537+00:00,,240,logical,35,75,75,55,75,25,35,60,3,4,3,2,1,3,4,1,2,2,2,1,0,0,3,3,4,3,3,1,0,4,4,1,1,3,4,3,1,4,3,2,1,3,0,0,3,4,1,0
85,2026-05-16T14:15:49.793915+00:00,,156,musical,50,80,75,70,45,85,45,65,3,0,2,3,3,3,4,2,3,2,3,1,4,4,2,1,3,3,2,2,4,3,3,2,2,2,3,2,3,3,3,2,3,2,3,2,3,3,3,2
86,2026-05-16T14:19:22.692+00:00,,85,linguistic,20,75,75,85,55,40,0,35,4,0,2,2,3,3,3,0,4,3,0,0,0,3,3,0,3,3,2,1,3,3,3,0,3,2,2,1,2,3,3,0,3,3,1,0,0,3,3,0
87,2026-05-16T14:19:23.315824+00:00,,210,interpersonal,35,65,45,45,45,45,40,40,1,0,2,3,2,2,3,2,2,3,0,0,0,1,1,0,2,1,1,1,4,2,1,2,2,2,3,1,3,4,3,2,2,3,2,2,0,4,1,2
88,2026-05-16T14:30:16.782359+00:00,,192,musical,25,20,35,10,25,55,25,45,1,0,2,3,2,1,2,1,0,2,2,0,1,0,0,1,1,1,0,0,4,1,3,1,0,0,3,2,3,2,0,1,0,2,2,0,1,0,2,1
89,2026-05-16T15:12:03.876743+00:00,,132,linguistic,55,70,60,75,75,25,65,50,3,3,3,3,1,3,3,3,3,3,3,2,0,3,3,3,3,3,1,2,3,3,3,2,3,3,2,2,1,2,2,3,3,3,1,2,0,3,1,2
90,2026-05-16T17:40:11.858534+00:00,,252,intrapersonal,50,30,100,80,95,60,95,95,4,4,4,2,1,0,4,4,4,3,3,1,4,0,4,4,0,4,4,4,3,1,4,3,4,4,4,3,4,4,4,4,4,4,4,0,0,1,4,4
91,2026-05-16T18:25:47.268386+00:00,,181,interpersonal,30,95,70,50,30,85,60,50,1,0,3,4,4,4,4,4,3,2,1,0,4,4,3,2,0,3,1,1,4,3,2,3,4,0,3,1,4,4,3,3,2,1,2,0,1,4,2,0
92,2026-05-16T18:54:31.317867+00:00,,112,bodily,95,65,70,65,90,50,80,65,2,4,3,4,2,2,2,2,3,4,4,4,2,4,4,4,4,4,2,3,2,2,3,2,2,3,2,4,2,3,3,4,2,3,2,4,2,2,2,4
93,2026-05-16T19:24:36.137833+00:00,,213,logical,40,35,45,30,65,40,35,30,3,2,4,4,2,1,2,1,0,3,0,1,0,0,2,1,1,3,2,1,4,1,3,1,1,3,0,2,2,4,0,3,1,2,0,0,0,1,2,1
94,2026-05-16T20:03:21.130316+00:00,,222,interpersonal,40,95,95,20,20,70,55,35,1,0,0,2,3,4,4,3,0,2,1,0,1,4,3,0,0,1,1,2,4,4,4,3,1,0,2,2,3,3,4,2,2,1,3,2,3,4,4,3
95,2026-05-16T20:10:19.047542+00:00,,226,spatial,45,50,45,40,30,60,35,65,2,1,3,3,4,3,2,2,2,2,3,1,2,3,3,2,1,1,3,3,3,2,1,1,2,0,3,1,2,1,2,1,1,2,1,1,1,1,1,1
96,2026-05-16T20:11:15.137115+00:00,,156,intrapersonal,55,60,80,15,60,75,45,60,0,3,3,4,4,2,4,3,0,3,2,2,3,4,4,1,0,3,2,0,3,2,4,0,0,0,4,1,4,4,4,4,3,3,1,4,1,0,0,1
97,2026-05-16T20:16:23.255009+00:00,,231,logical,70,55,80,45,100,60,75,95,2,4,4,2,3,3,2,3,2,4,4,2,1,2,4,2,1,4,4,3,2,2,3,2,1,4,3,4,3,2,3,4,3,4,4,3,3,2,4,4
98,2026-05-16T20:25:12.691171+00:00,,399,logical,50,20,45,25,60,55,40,50,0,2,3,4,3,1,1,2,1,3,2,1,1,0,2,2,0,3,1,4,3,0,3,2,1,2,3,1,3,1,3,2,3,2,1,0,1,2,0,0
99,2026-05-17T00:16:34.370675+00:00,,127,bodily,80,70,80,65,70,20,45,30,1,2,1,4,1,3,4,0,3,4,0,4,0,3,4,4,3,4,0,0,3,0,0,0,2,0,3,4,0,4,4,1,4,4,2,4,0,4,4,4
100,2026-05-17T00:31:17.140199+00:00,,298,linguistic,45,55,65,90,85,90,75,75,2,2,4,1,4,3,4,3,4,4,2,2,3,3,2,3,4,4,4,0,4,0,4,4,4,3,3,3,3,4,2,2,4,4,2,3,4,1,1,3
101,2026-05-17T00:41:02.371555+00:00,,329,musical,50,50,65,90,85,95,75,80,2,2,4,1,4,3,4,4,4,4,2,2,3,3,1,3,4,4,4,0,4,0,4,4,4,3,3,4,4,4,1,1,4,4,3,3,4,0,3,3
102,2026-05-17T03:39:42.146+00:00,,,linguistic,45,30,80,80,25,30,15,80,4,0,4,4,2,4,4,1,4,2,0,0,0,0,4,0,0,3,4,4,4,0,4,1,4,0,4,1,0,2,4,1,4,0,4,0,0,0,0,0
103,2026-05-17T05:02:09.472083+00:00,,203,musical,30,55,80,40,30,100,35,70,2,0,2,1,4,4,4,3,1,1,2,0,4,1,3,0,0,4,3,3,4,1,4,2,4,1,4,0,4,4,3,1,1,0,3,2,4,1,2,1
104,2026-05-17T08:15:45.299237+00:00,,487,spatial,45,40,65,35,65,25,60,80,1,2,4,4,2,3,4,4,4,4,2,1,1,0,3,2,1,3,4,2,2,1,2,2,1,3,4,2,0,2,1,2,0,1,2,0,0,2,3,2
105,2026-05-17T10:05:56.360747+00:00,,193,musical,60,95,85,45,50,100,65,95,2,1,4,3,4,4,4,3,2,4,4,2,4,4,4,4,2,3,4,3,4,4,2,2,1,0,4,2,4,3,3,2,2,2,3,2,4,4,4,2
106,2026-05-17T10:10:26.19357+00:00,,415,logical,70,70,65,45,100,60,80,70,0,4,4,4,2,4,2,4,2,4,2,3,2,3,3,4,4,4,2,3,4,3,4,4,0,4,2,4,2,1,1,2,3,4,4,0,2,3,3,2
107,2026-05-17T11:01:10.173747+00:00,,199,spatial,60,60,80,5,60,60,0,100,0,0,4,4,4,4,4,0,1,4,4,0,0,4,4,0,0,4,4,4,4,0,4,0,0,0,4,4,4,4,4,0,0,4,4,0,0,0,0,0
108,2026-05-17T11:10:54.414274+00:00,,219,interpersonal,60,80,80,75,60,70,75,65,3,0,3,3,3,3,3,3,3,4,2,2,2,3,3,3,2,4,2,3,4,3,3,3,3,1,4,3,3,4,4,3,4,3,2,1,2,3,3,3
109,2026-05-17T11:25:13.614682+00:00,,248,naturalist,60,35,55,35,75,25,80,45,1,4,3,2,0,2,3,3,1,4,3,4,2,0,2,4,1,3,0,1,3,2,3,2,1,2,3,2,0,3,2,3,3,2,0,3,0,0,1,4
110,2026-05-17T12:47:38.157592+00:00,,259,interpersonal,40,70,35,65,40,15,30,60,3,3,3,3,1,2,2,1,4,2,2,0,0,4,1,1,3,2,2,1,2,4,1,2,2,0,1,1,0,2,3,2,1,1,4,3,0,2,0,0
111,2026-05-17T12:50:08.812467+00:00,,548,spatial,65,75,65,40,35,60,85,90,2,0,3,4,2,3,2,3,1,2,3,2,2,3,3,4,2,3,4,3,4,3,3,2,2,1,4,2,2,2,4,4,1,1,4,2,2,4,1,4
112,2026-05-17T13:10:47.503073+00:00,,480,linguistic,25,80,55,80,15,50,25,45,4,0,2,3,3,3,3,2,3,1,0,0,0,3,2,0,3,1,3,2,4,2,1,1,4,0,1,0,2,4,2,1,2,1,3,0,1,4,3,1
113,2026-05-17T13:22:05.020319+00:00,,175,intrapersonal,50,70,85,50,50,15,65,65,3,2,3,4,3,4,3,3,1,3,1,0,0,2,3,3,0,3,3,3,0,3,4,2,3,0,3,3,0,3,3,3,3,2,3,0,0,2,4,2
114,2026-05-17T15:32:01.756793+00:00,,33,linguistic,90,90,90,95,90,95,95,95,4,4,3,4,3,4,3,4,3,4,4,3,4,3,4,4,4,3,4,4,4,4,3,4,4,4,4,4,4,3,4,3,4,3,4,3,4,4,4,4
115,2026-05-17T16:29:32.443034+00:00,,278,intrapersonal,30,70,90,55,50,75,80,35,2,3,2,2,3,3,4,4,2,3,4,1,3,3,4,3,2,2,0,1,3,2,3,2,1,0,1,1,4,4,3,4,4,2,0,1,2,2,4,3
116,2026-05-17T17:37:17.396347+00:00,,172,interpersonal,25,55,30,35,35,20,15,35,2,3,1,2,2,1,2,0,2,2,2,0,0,3,0,2,2,1,0,0,1,3,2,1,1,0,1,1,0,2,2,0,0,1,3,2,1,2,0,0
117,2026-05-17T17:52:01.888365+00:00,,272,musical,40,50,70,50,60,70,45,55,4,1,0,2,4,4,4,4,2,4,2,2,2,1,1,0,0,4,2,2,4,1,4,1,1,0,4,2,4,4,2,2,3,3,3,0,0,0,3,2
118,2026-05-18T01:09:53.561234+00:00,,148,intrapersonal,50,65,75,55,55,65,55,55,2,2,2,3,3,3,3,3,3,3,3,1,2,2,3,2,3,3,2,2,3,3,4,2,1,1,2,2,3,3,3,3,2,2,2,2,2,2,2,1
119,2026-05-18T02:04:41.953105+00:00,,491,spatial,55,55,60,45,35,55,30,100,2,1,4,3,3,4,3,2,3,3,4,2,2,2,3,1,2,2,4,4,3,0,3,1,1,0,4,2,3,4,2,1,1,1,4,0,0,1,1,1
120,2026-05-18T02:14:44.414291+00:00,,168,musical,80,100,90,90,20,100,65,65,4,0,3,3,4,4,4,3,4,2,1,4,4,4,4,3,4,2,3,3,4,4,3,2,3,0,2,3,4,4,4,2,3,0,4,3,4,4,3,3
121,2026-05-18T02:15:27.219026+00:00,,173,interpersonal,55,95,90,70,75,45,45,65,3,4,2,3,1,3,4,2,2,3,4,3,2,4,4,3,4,4,2,2,4,4,4,1,4,1,4,2,1,4,4,2,1,3,1,1,1,4,2,1
122,2026-05-18T02:15:33.395516+00:00,,141,interpersonal,35,70,40,45,35,30,35,45,1,2,3,2,3,4,1,3,3,2,1,2,0,4,3,3,3,2,2,1,3,2,2,0,1,0,2,1,0,3,2,1,1,1,1,1,0,1,0,0
123,2026-05-18T02:16:21.115101+00:00,,182,linguistic,50,75,50,80,55,30,65,45,3,3,2,2,2,4,3,3,2,1,4,2,0,2,1,2,3,2,2,3,3,2,1,3,4,2,0,3,1,4,3,2,4,3,1,0,0,3,2,3
124,2026-05-18T02:16:21.508259+00:00,,149,interpersonal,60,80,80,55,30,20,40,30,3,1,1,2,1,4,4,2,1,1,2,4,0,3,3,3,3,2,1,0,2,3,3,1,3,1,1,3,1,4,4,1,1,1,1,3,0,2,2,1
125,2026-05-18T02:17:00.057626+00:00,,254,intrapersonal,45,85,100,30,50,65,40,40,2,3,2,4,4,4,4,4,1,2,1,2,2,4,4,1,1,2,1,1,4,2,4,2,0,3,3,1,2,4,4,1,2,0,1,1,1,3,4,0
126,2026-05-18T02:17:31.565834+00:00,,190,bodily,50,30,40,40,30,35,5,25,0,2,2,3,1,1,4,0,2,3,1,2,0,1,0,0,1,0,1,2,3,0,2,0,4,1,1,2,3,2,2,1,1,0,0,1,0,2,0,0
127,2026-05-18T02:17:38.420586+00:00,,153,musical,45,50,55,50,45,65,50,15,1,2,0,3,2,2,3,2,1,2,0,1,3,2,2,3,1,1,1,2,4,2,3,1,4,2,0,2,3,2,1,2,3,2,2,1,1,2,2,2
128,2026-05-18T02:18:16.012004+00:00,,217,bodily,90,70,90,25,30,10,45,65,2,2,3,4,1,3,4,3,0,0,4,4,0,2,4,3,3,2,3,3,1,3,3,0,0,1,3,3,0,3,4,1,0,1,0,4,0,3,3,2
129,2026-05-18T02:19:03.534512+00:00,,114,musical,45,80,85,75,30,90,65,40,3,1,1,3,4,4,4,3,3,1,0,2,4,4,4,2,3,1,3,0,4,4,3,3,3,2,2,2,4,3,3,3,3,1,2,2,2,1,3,2
130,2026-05-18T02:21:03.886253+00:00,,212,logical,25,40,70,35,75,15,25,30,2,2,1,3,1,2,3,1,0,4,0,1,0,2,3,3,2,4,2,0,0,2,4,0,2,3,1,1,2,1,2,0,1,2,2,0,0,1,2,1
131,2026-05-18T02:21:15.88568+00:00,,315,bodily,80,55,55,50,25,50,40,20,4,1,1,4,2,1,0,0,1,0,1,4,2,3,4,2,2,1,0,0,4,2,3,4,2,3,2,4,2,1,4,1,1,0,0,4,0,4,0,1
132,2026-05-18T02:40:21.132+00:00,,,interpersonal,50,85,80,40,40,80,50,70,2,1,2,3,4,4,4,2,3,3,4,2,2,4,4,3,2,2,3,1,4,3,3,2,0,1,3,3,3,2,3,3,1,1,2,1,3,4,2,0
133,2026-05-18T02:58:10.192689+00:00,,221,linguistic,35,30,40,60,40,10,25,35,2,0,3,2,1,3,3,1,3,2,0,2,0,0,1,0,4,3,2,2,1,1,2,1,0,2,2,1,0,2,2,3,3,1,0,0,0,0,0,0
134,2026-05-18T04:02:11.465086+00:00,,430,interpersonal,40,45,10,25,5,15,20,25,1,0,0,2,0,2,0,3,1,1,0,2,1,1,0,1,1,0,2,3,2,0,1,0,2,0,2,1,0,3,0,0,0,0,1,0,0,3,1,0
135,2026-05-18T05:51:47.404092+00:00,,137,interpersonal,40,100,55,30,25,20,20,90,0,0,4,4,3,4,3,4,4,1,4,0,0,4,4,0,0,0,2,4,1,4,0,0,0,0,4,0,0,4,4,0,2,4,4,0,0,4,0,0
136,2026-05-18T06:43:07.842244+00:00,,240,logical,45,45,70,15,75,30,15,35,0,3,2,3,2,2,4,0,1,3,2,3,0,1,3,3,0,4,0,0,3,1,3,0,0,2,3,3,1,3,4,0,2,3,0,0,0,2,0,0
137,2026-05-18T06:57:16.999+00:00,,,intrapersonal,65,60,75,50,50,65,50,50,1,0,2,3,3,2,4,2,3,4,1,1,1,2,3,1,3,4,2,3,4,3,4,2,1,1,2,2,4,3,3,3,2,1,3,4,1,2,1,2
138,2026-05-18T09:11:58.277+00:00,,,musical,55,80,75,50,65,80,45,75,3,1,3,4,4,4,3,1,2,4,2,1,4,4,4,0,3,4,3,2,4,4,4,3,2,4,4,4,4,1,4,3,0,0,3,0,0,3,0,2
139,2026-05-18T10:29:49.244307+00:00,,231,intrapersonal,30,75,80,25,40,75,25,65,0,1,2,2,3,3,4,2,1,3,3,0,4,4,4,1,1,3,2,2,4,2,4,2,0,0,4,1,4,4,3,0,3,1,2,1,0,2,1,0
140,2026-05-18T11:23:15.604148+00:00,,147,interpersonal,35,95,70,55,35,50,45,50,1,0,2,1,3,4,4,4,3,3,3,2,1,4,3,2,2,3,0,0,2,3,1,0,3,0,3,2,3,4,3,1,2,1,2,2,1,4,3,2
141,2026-05-18T12:34:31.546603+00:00,,218,naturalist,35,90,80,55,40,60,100,50,2,1,4,2,4,4,4,4,3,2,0,2,0,4,4,4,2,3,0,1,4,3,4,4,2,1,4,2,4,4,4,4,2,1,2,0,0,3,0,4
142,2026-05-18T12:34:32.414023+00:00,,220,intrapersonal,35,80,85,50,55,75,70,55,2,1,2,2,4,3,4,2,2,3,1,0,0,4,4,4,3,3,1,2,4,3,2,3,2,1,3,1,4,2,3,3,1,3,4,2,3,4,4,2
143,2026-05-18T12:45:21.260454+00:00,,477,naturalist,65,65,45,60,60,20,70,60,4,3,2,4,2,2,2,3,2,1,1,3,0,1,3,4,1,3,4,1,2,2,2,2,2,3,3,3,0,4,2,3,3,2,2,2,0,4,0,2
144,2026-05-18T12:51:57.583123+00:00,,144,interpersonal,30,90,70,65,45,55,15,60,3,3,2,4,3,4,4,1,3,1,3,0,2,4,3,1,2,3,1,0,4,4,3,0,2,1,3,2,2,4,3,1,3,1,3,0,0,2,1,0
145,2026-05-18T13:52:35.219841+00:00,,350,intrapersonal,25,50,85,65,55,55,45,15,3,0,1,1,3,3,4,1,1,3,1,1,2,3,3,2,3,3,0,1,3,2,4,2,3,2,0,1,2,1,2,3,3,3,1,1,1,1,4,1
146,2026-05-18T14:16:40.910662+00:00,,227,interpersonal,0,75,75,10,50,20,40,65,0,2,2,0,0,4,4,0,2,4,4,0,1,3,3,4,0,2,3,0,3,0,4,2,0,0,0,0,0,4,4,2,0,2,4,0,0,4,0,0
147,2026-05-18T14:26:06.52265+00:00,,318,logical,30,45,45,30,45,35,20,45,2,2,2,3,2,1,3,3,1,2,1,0,0,2,2,0,0,2,1,3,3,1,1,0,3,2,3,0,2,2,1,1,0,1,2,0,0,3,2,0
148,2026-05-18T14:32:26.830959+00:00,,458,intrapersonal,70,65,90,80,30,65,60,85,4,0,3,3,4,3,4,3,3,2,2,3,1,4,4,1,4,4,4,4,4,1,4,3,1,0,4,2,4,3,4,3,4,0,4,2,0,2,2,2
149,2026-05-18T15:07:07.680972+00:00,,233,musical,60,80,65,35,45,85,75,60,1,1,2,3,4,4,3,3,2,2,2,1,3,3,2,4,1,3,2,3,4,3,3,2,1,1,3,3,4,4,4,4,2,2,3,2,2,2,1,2
150,2026-05-18T15:10:48.953941+00:00,,266,interpersonal,55,65,60,55,55,50,60,45,2,1,1,3,3,3,3,3,0,3,1,1,1,3,1,3,3,3,1,2,2,2,3,3,2,1,3,2,2,3,2,0,4,3,3,3,2,2,3,3
151,2026-05-18T15:13:40.095636+00:00,en,8588,intrapersonal,30,50,70,55,65,30,35,50,3,3,2,1,3,3,2,2,1,3,4,1,0,3,4,1,2,3,0,2,2,1,4,2,2,2,4,2,1,2,3,1,3,2,0,0,0,1,1,1
152,2026-05-18T16:07:13.319541+00:00,,167,interpersonal,30,60,55,15,25,20,10,20,1,1,0,4,0,3,3,0,2,2,2,2,0,3,2,1,0,2,0,0,4,1,3,0,0,0,2,0,0,3,3,1,0,0,0,0,0,2,0,0
153,2026-05-18T16:19:30.628813+00:00,,151,bodily,55,40,45,35,50,45,50,45,2,2,1,3,2,2,2,2,2,3,2,3,2,0,1,3,0,2,2,1,4,1,1,2,2,1,2,2,1,3,3,1,1,2,2,2,0,2,2,2
154,2026-05-18T16:37:26.836274+00:00,,228,logical,45,40,55,40,55,50,30,45,3,2,2,2,3,3,4,2,2,3,3,3,2,0,1,2,2,2,0,1,3,1,1,0,1,1,2,1,1,3,3,1,0,3,2,2,1,1,2,1
155,2026-05-18T16:44:34.268105+00:00,,220,spatial,75,80,65,50,50,75,55,85,3,3,4,4,4,3,2,3,1,3,2,2,3,4,2,2,1,1,4,4,4,2,3,2,4,1,4,3,3,4,2,2,1,2,3,2,1,3,4,2
156,2026-05-18T17:31:00.971724+00:00,,110,interpersonal,85,95,95,90,75,40,90,70,3,2,3,3,3,3,3,3,3,3,3,3,0,4,4,4,4,4,4,4,3,4,4,3,4,4,4,4,2,4,4,4,4,2,0,3,0,4,4,4
157,2026-05-18T18:37:24.363381+00:00,,140,intrapersonal,65,60,95,25,90,30,75,85,1,4,3,4,1,3,4,3,1,4,4,2,1,3,4,4,0,4,3,4,1,1,4,3,0,3,4,2,3,3,4,2,3,3,3,1,0,2,3,3
158,2026-05-18T18:45:34.213383+00:00,,130,bodily,95,95,90,65,75,60,85,85,4,4,4,3,3,4,4,4,2,4,3,4,1,4,2,4,4,3,4,4,4,4,4,4,0,0,2,4,2,4,4,2,3,4,4,4,2,3,4,3
159,2026-05-18T20:50:44.923689+00:00,,192,musical,45,45,70,45,60,85,40,55,5,4,2,4,4,3,2,2,2,0,0,0,4,1,4,1,0,4,4,3,4,2,4,1,4,1,3,2,4,2,3,2,3,3,2,0,1,1,1,2
160,2026-05-19T00:32:49.345545+00:00,,163,naturalist,50,65,70,25,45,55,75,50,0,0,0,1,2,2,3,3,1,2,3,2,0,2,3,3,1,3,2,1,3,3,3,3,1,3,2,3,3,3,3,3,2,1,3,3,3,3,2,3
161,2026-05-19T00:37:43.639663+00:00,,235,bodily,60,60,25,35,40,10,20,25,2,3,3,3,1,3,0,0,1,2,0,4,0,1,1,2,1,1,0,0,1,3,2,1,0,1,0,4,0,3,2,1,3,1,2,1,0,2,0,0
162,2026-05-19T00:39:44.37131+00:00,,134,linguistic,40,95,60,100,95,70,30,80,4,3,4,4,4,4,4,4,4,4,4,0,1,3,0,1,4,4,4,4,4,4,4,1,4,4,2,0,4,4,0,0,4,4,2,0,1,4,4,0
163,2026-05-19T00:40:11.285+00:00,,147,bodily,45,20,35,15,30,5,5,35,2,1,1,2,1,0,1,0,0,1,0,1,0,2,3,0,1,1,1,2,0,0,1,0,0,2,2,1,0,1,2,1,0,1,3,3,0,1,0,0
164,2026-05-19T00:41:35.673317+00:00,,203,spatial,45,45,50,20,25,45,30,55,1,1,2,3,2,2,3,2,0,2,0,2,2,1,3,1,0,0,3,2,2,1,1,2,2,2,3,1,3,3,3,1,1,0,3,1,0,2,0,0
165,2026-05-19T00:47:00.844193+00:00,,405,bodily,90,70,50,20,25,15,45,35,1,2,0,4,1,3,2,1,0,2,0,4,1,2,2,3,2,1,2,4,1,2,1,1,1,0,2,3,0,3,4,2,0,0,3,3,0,4,1,2
166,2026-05-19T00:48:13.170491+00:00,,370,interpersonal,55,100,100,80,25,50,85,80,3,1,4,4,4,4,4,4,3,2,3,1,0,4,4,4,2,2,4,4,3,4,4,1,4,0,2,1,3,4,4,4,4,0,3,1,0,4,4,4
167,2026-05-19T00:50:43.196576+00:00,,411,intrapersonal,40,35,50,25,30,15,5,35,0,0,1,4,0,3,4,1,0,3,1,2,0,0,3,0,0,2,1,1,2,0,2,0,2,1,2,1,1,2,1,0,3,0,2,0,0,2,0,0
168,2026-05-19T00:54:29.220242+00:00,,494,bodily,65,50,45,60,45,50,10,50,2,3,4,2,4,3,3,0,3,1,1,4,3,3,2,2,4,2,3,1,1,1,1,0,2,2,2,4,0,1,3,0,1,1,0,2,2,2,0,0
169,2026-05-19T00:54:59.990146+00:00,,42,linguistic,75,75,75,75,75,75,75,75,3,3,3,3,3,3,3,3,3,3,3,3,3,3,3,3,3,3,3,3,3,3,3,3,3,3,3,3,3,3,3,3,3,3,3,3,3,3,3,3
170,2026-05-19T00:57:55.570958+00:00,,162,interpersonal,45,55,50,35,30,45,20,25,3,1,0,2,2,3,3,1,1,2,2,3,1,0,1,1,2,2,1,1,3,1,0,1,1,0,1,1,2,4,3,0,0,1,1,2,1,3,3,1
171,2026-05-19T01:01:09.797886+00:00,,136,interpersonal,40,90,85,60,45,60,35,50,3,1,1,4,2,4,4,2,4,2,4,2,3,4,3,2,1,2,1,0,4,4,4,1,3,2,2,2,2,4,4,2,1,2,2,0,1,2,2,0
172,2026-05-19T01:10:41.404099+00:00,,281,interpersonal,15,90,90,70,40,65,30,45,4,0,0,1,2,4,4,2,4,2,4,0,3,4,4,0,0,2,1,0,4,4,4,2,4,2,2,2,2,4,3,2,2,2,2,0,2,2,3,0
173,2026-05-19T01:15:17.12042+00:00,,136,intrapersonal,0,85,100,60,5,40,30,15,4,0,0,0,2,4,4,4,4,0,2,0,0,4,4,0,0,1,0,0,4,4,4,2,4,0,1,0,1,4,4,0,0,0,0,0,1,1,4,0
174,2026-05-19T01:41:00.202195+00:00,,108,intrapersonal,30,40,85,25,50,55,70,65,3,0,3,3,4,3,4,4,2,3,3,0,0,0,3,0,0,3,3,0,3,3,3,3,0,4,4,3,4,0,4,4,0,0,0,0,0,2,3,3
175,2026-05-19T01:43:55.088154+00:00,,258,interpersonal,70,80,55,30,30,55,30,35,0,1,1,3,3,4,2,2,2,0,2,3,1,3,3,1,0,2,0,0,3,2,2,0,2,3,2,4,4,3,2,1,2,0,2,4,0,4,2,2
176,2026-05-19T01:52:29.507649+00:00,,105,linguistic,50,60,80,90,60,55,60,70,2,0,4,4,4,2,4,4,4,4,3,0,0,0,4,0,4,4,1,4,4,4,4,4,4,0,2,2,3,4,4,4,4,4,4,0,0,2,0,0
177,2026-05-19T01:56:22.092693+00:00,,134,bodily,90,75,45,55,50,60,45,30,2,3,2,4,4,4,2,4,3,3,2,4,2,4,2,3,2,1,0,3,3,1,3,2,2,1,1,4,3,3,2,0,2,2,1,3,0,3,0,0
178,2026-05-19T02:04:32.744539+00:00,,101,musical,65,90,65,80,30,90,65,60,2,0,4,3,4,4,4,4,3,2,3,4,3,4,4,0,4,4,1,1,4,2,2,4,4,0,4,3,3,4,3,4,3,0,0,2,4,4,0,1
179,2026-05-19T02:19:29.851869+00:00,,138,bodily,85,20,60,50,75,35,30,15,2,4,1,3,2,0,4,1,3,3,0,3,1,1,1,1,1,4,1,3,3,1,4,1,2,3,0,4,1,2,2,2,2,1,1,4,0,0,1,1
180,2026-05-19T02:19:48.06333+00:00,,160,bodily,85,75,60,55,55,45,55,55,0,4,3,4,3,4,3,2,4,4,4,4,1,2,3,4,3,2,1,2,3,2,2,1,2,0,3,4,2,4,3,2,2,1,0,3,0,3,1,2
181,2026-05-19T02:19:55.660526+00:00,,140,interpersonal,75,90,90,85,85,60,65,60,3,2,2,2,1,3,4,2,4,4,3,2,2,4,3,3,3,4,3,4,4,3,4,3,4,3,1,3,4,4,4,3,3,4,3,4,1,4,3,2
182,2026-05-19T02:20:24.377883+00:00,,177,bodily,90,60,75,50,75,55,50,70,2,4,3,2,4,4,4,3,2,3,2,4,1,1,2,3,2,4,3,4,2,1,4,1,2,1,3,4,3,4,3,2,2,3,3,4,1,2,2,1
183,2026-05-19T02:20:32.333266+00:00,,154,musical,25,80,55,50,70,100,20,40,3,4,3,3,4,3,2,1,2,3,2,0,4,4,3,1,2,2,2,1,4,3,3,1,3,3,0,1,4,3,3,1,0,2,1,0,4,3,0,0
184,2026-05-19T02:20:35.086522+00:00,,182,linguistic,10,55,55,65,55,55,50,30,3,3,2,1,2,4,2,2,3,2,0,0,1,0,2,3,2,2,1,1,3,1,3,1,2,1,2,0,4,4,4,3,3,3,1,0,1,2,0,1
185,2026-05-19T02:21:15.425922+00:00,,249,bodily,70,60,45,25,40,55,20,55,1,2,2,3,3,3,3,1,1,1,2,3,2,2,1,2,1,3,3,2,2,2,2,1,1,1,2,3,3,3,2,0,1,1,2,3,1,2,1,0
186,2026-05-19T02:21:33.158475+00:00,,182,musical,20,60,50,70,25,95,35,55,2,1,3,2,4,4,3,2,3,0,3,0,4,2,2,1,2,3,2,1,4,1,3,2,4,0,1,1,4,3,2,1,3,1,2,0,3,2,0,1
187,2026-05-19T02:22:25.412643+00:00,,252,musical,30,70,75,40,25,80,65,60,1,1,3,3,4,3,4,4,2,2,2,1,0,3,3,4,1,1,1,0,4,3,4,1,1,1,4,1,4,4,4,3,3,0,2,1,4,1,0,1
188,2026-05-19T02:24:00.913174+00:00,,135,interpersonal,70,80,80,50,25,60,35,40,3,1,2,3,2,4,4,2,2,1,2,4,2,4,3,3,2,2,2,0,2,2,3,0,1,1,0,3,4,3,4,2,2,0,2,4,2,3,2,0
189,2026-05-19T03:31:07.066888+00:00,,304,intrapersonal,70,65,80,20,35,75,45,65,0,1,3,3,4,0,4,2,2,3,3,3,3,3,3,2,1,1,2,2,3,3,3,3,1,1,3,3,3,4,3,1,0,1,2,3,2,3,3,1
190,2026-05-19T03:38:27.687154+00:00,en,278,interpersonal,45,75,65,30,40,65,70,20,0,0,0,3,4,4,4,3,2,3,1,0,2,4,3,3,2,3,0,2,4,3,3,2,1,1,2,0,3,3,2,2,1,1,1,4,0,1,1,4
191,2026-05-19T04:04:10.375069+00:00,,216,linguistic,10,35,55,80,50,45,40,10,4,2,0,1,1,0,2,3,2,3,0,0,2,0,2,1,4,1,0,1,4,2,4,0,4,1,2,0,2,4,2,4,2,3,0,0,0,1,1,0
192,2026-05-19T04:07:51.505174+00:00,,179,bodily,80,80,75,70,65,70,80,65,2,2,3,4,3,3,3,3,3,3,2,3,3,4,2,4,3,3,3,3,4,3,4,3,3,2,3,3,3,3,3,3,3,3,2,3,1,3,3,3
193,2026-05-19T04:23:07.961936+00:00,,188,intrapersonal,10,35,50,15,10,45,5,25,0,0,1,2,3,1,3,0,2,0,0,0,0,0,2,0,0,2,2,0,3,0,2,0,1,0,2,0,3,4,2,0,0,0,0,0,0,2,1,1
194,2026-05-19T04:49:18.252491+00:00,,548,musical,45,60,65,35,45,70,45,45,2,2,3,3,4,3,3,2,2,3,1,1,2,2,2,1,1,1,1,2,4,2,3,3,1,2,2,2,3,3,3,2,1,1,2,1,1,2,2,1
195,2026-05-19T05:06:22.948961+00:00,,187,interpersonal,40,95,90,15,35,80,15,45,0,0,2,3,4,3,4,3,3,3,3,0,0,4,4,0,0,4,0,0,4,4,4,0,0,0,4,2,4,4,4,0,0,0,0,3,4,4,2,0
196,2026-05-19T06:29:30.617506+00:00,,147,musical,70,45,50,45,35,75,30,70,3,1,2,3,4,2,4,1,2,3,2,3,4,2,1,0,0,2,3,3,4,1,2,1,2,0,4,2,3,3,2,2,2,1,3,3,0,1,1,2
197,2026-05-19T07:11:31.214542+00:00,,169,interpersonal,35,85,75,65,30,25,50,50,2,0,0,4,1,4,4,2,3,2,0,0,0,4,4,2,2,3,3,1,4,4,2,4,4,0,4,2,0,4,4,2,2,1,3,0,0,1,1,0
198,2026-05-19T07:45:31.544649+00:00,,228,naturalist,55,70,80,40,45,55,90,60,2,1,2,3,3,3,4,3,2,2,3,1,1,2,3,4,1,2,1,4,4,3,3,3,2,1,3,2,2,3,3,4,1,3,3,1,1,3,3,4
199,2026-05-19T08:15:28.622692+00:00,,303,spatial,40,55,50,45,35,60,30,70,1,0,3,4,3,2,2,2,4,4,2,0,1,2,2,0,1,3,3,3,4,2,3,2,1,0,4,1,3,3,3,1,2,0,2,0,1,2,0,1
200,2026-05-19T09:46:48.389503+00:00,,164,musical,70,80,60,35,45,80,65,50,1,0,2,2,3,3,3,2,2,3,2,3,3,3,3,4,2,1,1,3,4,3,1,2,1,3,3,3,3,4,3,3,1,2,2,3,3,3,2,2
201,2026-05-19T10:24:46.672514+00:00,,228,intrapersonal,45,75,85,75,75,55,30,45,4,1,1,4,2,4,4,0,3,2,2,0,1,4,4,2,4,4,2,2,3,1,4,1,1,4,2,2,3,2,4,2,3,4,2,1,2,4,1,1
202,2026-05-19T10:44:08.737551+00:00,,209,interpersonal,35,80,45,40,35,40,30,70,1,1,3,2,2,3,4,1,2,2,4,2,1,4,3,1,3,3,2,1,2,3,0,1,0,0,2,2,2,3,2,1,2,1,3,0,1,3,0,2
203,2026-05-19T11:12:53.183087+00:00,,230,intrapersonal,40,50,55,30,20,35,50,25,1,0,1,2,2,2,2,2,2,2,1,2,1,2,2,2,1,2,1,1,2,2,3,2,1,0,2,2,2,2,3,2,1,0,0,1,0,2,1,2
204,2026-05-19T11:27:55.056688+00:00,,180,intrapersonal,75,70,80,15,25,20,35,70,1,0,2,4,0,2,4,3,2,4,4,4,2,4,4,4,0,1,4,0,2,0,4,0,0,0,0,3,0,4,4,0,0,0,4,4,0,4,0,0
205,2026-05-19T12:20:19.645778+00:00,,276,intrapersonal,50,50,100,85,75,65,95,25,4,2,0,0,4,3,4,3,4,1,2,4,2,0,4,4,4,4,1,0,4,1,4,4,3,4,1,3,3,4,4,4,2,4,1,3,0,2,4,4
206,2026-05-19T12:50:50.857562+00:00,,209,bodily,80,70,25,50,55,25,40,70,2,2,3,3,3,3,2,0,1,2,3,2,0,2,1,4,2,3,3,3,1,3,1,1,2,1,3,4,1,3,1,3,3,3,2,4,0,3,0,0
207,2026-05-19T13:16:47.723173+00:00,,157,logical,40,40,35,45,80,25,50,55,1,4,3,2,2,3,0,3,3,3,4,2,0,2,3,4,2,3,2,2,2,0,2,1,0,3,1,1,0,2,2,1,3,3,1,1,1,1,0,1
208,2026-05-19T13:59:46.538283+00:00,,176,logical,45,50,50,40,70,15,45,40,2,2,1,3,1,2,2,2,2,3,2,2,0,2,3,3,2,3,1,2,1,1,2,1,1,4,2,2,1,2,2,2,1,2,2,0,0,3,1,1
209,2026-05-19T14:05:13.698585+00:00,,240,interpersonal,50,85,65,40,40,35,35,65,1,0,2,4,1,3,3,2,1,3,2,1,1,3,3,3,3,3,3,4,4,3,0,0,2,2,4,1,1,4,3,2,1,0,2,0,0,4,4,0
210,2026-05-19T14:21:48.943946+00:00,,118,spatial,30,55,50,30,5,45,5,55,0,0,0,2,3,4,3,0,1,1,3,2,1,4,2,0,3,0,1,0,2,0,3,0,2,0,3,2,3,1,2,1,0,0,4,0,0,2,0,0
211,2026-05-19T14:34:14.375512+00:00,,170,musical,60,80,85,75,70,100,85,90,2,0,4,3,4,4,4,3,4,3,2,1,4,4,4,4,3,3,4,4,4,2,4,2,2,4,4,2,4,4,4,4,4,4,4,2,4,2,1,4
212,2026-05-19T16:14:51.093029+00:00,,211,bodily,85,65,50,55,80,80,75,80,3,4,3,4,3,3,1,3,3,4,4,4,4,1,3,4,1,3,3,3,4,3,2,1,3,4,3,3,4,2,3,3,1,1,3,3,1,4,1,4
213,2026-05-20T02:32:14.032453+00:00,,274,linguistic,50,70,75,75,65,50,35,60,2,1,2,3,3,3,4,2,4,3,1,2,0,3,4,3,2,4,3,2,4,3,2,0,3,2,3,2,3,2,3,2,4,3,3,1,0,3,2,0
214,2026-05-20T14:44:12.575+00:00,,,interpersonal,65,85,60,50,40,15,70,30,1,2,1,4,1,4,4,3,1,2,0,3,0,4,3,3,2,2,0,0,1,2,1,2,4,0,3,3,1,4,3,2,2,2,2,3,0,3,1,4
215,2026-05-20T20:36:41.347+00:00,,,interpersonal,25,80,60,75,60,10,50,45,2,1,2,1,0,4,3,2,4,4,1,2,0,3,2,2,4,3,3,0,2,3,2,2,2,0,0,1,0,4,3,3,3,4,3,1,0,2,2,1
216,2026-05-20T20:52:22.762905+00:00,,1325,interpersonal,75,80,35,60,55,60,45,30,3,2,1,3,4,4,0,2,2,3,2,4,2,4,2,3,3,1,0,3,4,2,3,1,2,2,1,3,2,3,1,0,2,3,2,2,0,3,1,3
217,2026-05-20T21:22:57.993+00:00,,,interpersonal,20,95,70,60,60,90,55,45,3,1,0,2,4,4,4,4,1,4,0,0,4,4,4,4,0,0,2,2,4,4,4,2,4,3,3,0,2,4,2,1,4,4,4,0,4,3,0,0
218,2026-05-20T21:31:27.121+00:00,,,interpersonal,15,85,65,40,20,25,5,15,4,0,0,2,1,4,4,1,0,2,1,1,0,4,2,0,2,2,0,0,3,1,0,0,2,0,2,0,0,4,3,0,0,0,0,0,1,4,4,0
219,2026-05-20T21:38:37.9+00:00,,81,naturalist,45,75,65,30,45,75,80,65,0,2,2,2,4,2,3,3,1,1,3,0,3,3,2,2,3,4,3,4,4,4,3,4,0,0,1,2,2,3,3,4,2,2,4,1,2,3,2,3
220,2026-05-20T23:51:05.757972+00:00,,132,musical,20,50,25,75,55,80,20,50,3,3,0,3,3,2,3,2,3,2,3,0,4,1,0,0,3,3,3,1,4,2,1,1,2,0,3,0,4,2,1,1,4,3,1,0,1,3,0,0
221,2026-05-21T12:23:08.414502+00:00,,140,interpersonal,60,85,55,75,50,40,50,10,1,1,1,4,3,4,4,2,3,1,0,3,0,2,3,1,4,3,0,0,3,3,3,1,4,1,0,2,2,4,1,3,3,4,1,3,0,4,0,3
222,2026-05-21T22:35:37.971516+00:00,,99,interpersonal,85,100,80,50,85,75,85,80,2,4,3,4,4,4,4,4,2,1,4,4,0,4,4,4,2,4,3,1,4,4,3,2,4,4,4,4,4,4,4,3,0,4,2,4,3,4,1,4
223,2026-05-22T02:38:01.108928+00:00,,158,bodily,95,45,55,70,75,45,40,65,3,3,3,4,3,1,4,1,3,3,3,4,1,2,2,2,2,3,2,4,3,2,4,2,3,3,3,4,2,2,0,1,3,3,2,3,0,2,1,2
224,2026-05-22T18:03:03.26071+00:00,,771,spatial,50,75,70,75,60,70,70,80,3,3,4,2,3,3,3,3,3,2,2,1,3,3,3,2,2,2,3,3,3,3,2,3,3,3,4,1,3,3,3,3,4,2,3,3,2,3,3,3
225,2026-05-22T18:14:22.598631+00:00,,546,logical,45,70,60,65,85,55,40,60,1,3,3,2,3,3,3,3,3,3,4,2,2,3,2,2,3,4,2,2,1,3,4,1,2,3,1,2,3,3,3,2,4,4,2,1,2,2,0,0
226,2026-05-23T03:29:02.099749+00:00,,220,linguistic,60,75,80,85,75,85,70,75,4,3,3,4,4,4,2,3,3,3,3,2,3,4,4,4,3,4,2,4,4,3,4,2,4,3,3,2,4,3,3,2,3,2,4,0,2,1,3,3
227,2026-05-23T12:02:50.775655+00:00,,310,logical,40,30,40,55,80,30,25,60,4,3,3,2,4,3,0,1,2,1,2,1,0,1,4,0,4,4,2,1,0,2,4,4,0,4,4,4,2,0,0,0,1,4,1,0,0,0,0,0
228,2026-05-25T14:20:40.656+00:00,,,logical,25,35,35,25,70,15,10,55,1,2,3,1,1,3,3,2,2,4,2,0,0,0,0,0,1,4,2,3,2,0,4,0,1,1,2,1,0,4,0,0,0,3,2,0,0,0,0,0
229,2026-05-25T20:58:09.905832+00:00,,421,spatial,50,40,45,70,65,45,70,75,3,2,2,3,2,1,1,3,4,3,4,2,1,1,2,3,1,2,3,2,4,3,4,3,2,4,4,3,2,0,2,3,4,2,2,0,0,3,0,2
230,2026-05-25T21:56:41.026386+00:00,en,229,linguistic,55,90,95,100,80,100,95,60,4,4,1,2,4,4,4,4,4,4,4,1,4,4,4,3,4,4,2,3,4,4,3,4,4,0,1,1,4,4,4,4,4,4,4,4,4,2,4,4
231,2026-05-25T22:24:03.01719+00:00,en,520,intrapersonal,40,50,65,60,45,55,20,55,1,1,1,3,3,2,2,2,2,2,3,1,0,2,2,1,3,3,2,3,4,2,4,0,3,1,2,1,4,3,2,1,3,2,3,0,0,1,3,0
232,2026-05-25T23:57:58.724417+00:00,en,257,interpersonal,90,95,60,15,20,45,20,60,1,1,4,4,4,4,3,2,1,2,3,3,1,4,4,2,1,1,4,4,2,3,0,0,0,0,1,4,0,4,4,0,0,0,0,3,2,4,1,0
233,2026-05-26T03:13:13.449228+00:00,en,194,interpersonal,45,95,45,90,25,30,90,0,3,0,0,4,2,4,2,4,3,1,0,3,1,4,3,4,4,3,0,0,2,4,1,4,4,0,0,2,1,4,3,4,4,1,0,0,0,3,0,2
234,2026-05-26T04:04:42.562194+00:00,en,126,interpersonal,45,95,75,80,70,35,20,20,3,3,1,3,3,4,4,1,1,3,0,2,0,4,2,1,4,4,2,0,4,4,3,0,4,3,1,4,0,4,4,1,4,1,0,0,0,3,2,1
235,2026-05-26T04:10:01.548152+00:00,en,201,bodily,80,30,35,20,45,20,35,10,0,2,0,3,1,0,1,1,2,3,2,4,0,0,1,3,1,2,0,2,1,1,3,2,0,0,0,4,2,1,1,0,1,2,0,3,0,4,1,1
236,2026-05-26T04:10:43.900032+00:00,en,278,interpersonal,40,65,50,25,30,60,40,35,1,0,1,3,3,4,3,1,2,3,1,1,2,4,2,2,1,2,2,1,4,2,3,2,0,0,2,1,2,2,1,2,1,1,1,2,1,1,1,1
237,2026-05-26T04:11:48.63494+00:00,en,291,intrapersonal,85,80,100,40,60,30,50,70,2,3,3,3,1,4,4,4,2,4,3,3,0,2,4,3,1,2,3,4,2,4,4,1,1,1,2,3,3,4,4,1,2,2,3,4,0,2,4,1
238,2026-05-26T04:12:10.710699+00:00,en,351,intrapersonal,15,60,70,45,40,30,55,30,1,3,2,2,1,4,4,2,2,3,1,0,0,2,3,1,2,1,1,1,4,2,3,1,3,0,1,0,1,3,2,4,1,1,1,0,0,1,2,3
239,2026-05-26T04:12:12.958528+00:00,en,368,musical,50,75,45,45,25,85,30,65,1,0,2,2,3,3,1,0,1,2,2,2,3,4,2,1,2,2,4,4,4,3,3,3,3,0,1,1,4,3,3,1,2,1,4,1,3,2,0,1
240,2026-05-26T04:12:41.072428+00:00,en,378,bodily,95,80,75,25,25,75,50,65,0,1,1,4,3,3,3,2,2,3,3,4,2,3,3,3,1,1,2,4,4,3,3,2,1,0,3,3,3,3,3,1,1,0,4,4,3,4,3,2
241,2026-05-26T04:14:27.450182+00:00,en,231,interpersonal,50,70,70,30,45,20,15,30,1,2,4,1,1,3,4,2,1,2,0,3,3,3,2,0,2,3,1,1,0,3,2,0,1,0,1,4,0,3,2,1,1,2,0,1,0,2,4,0
242,2026-05-26T04:15:43.513025+00:00,en,375,logical,30,60,50,25,60,50,40,35,1,3,1,1,2,3,3,3,1,3,1,2,1,2,1,2,1,3,2,1,3,2,3,1,1,1,2,1,2,3,2,1,1,2,1,1,2,2,1,1
243,2026-05-26T04:15:58.097919+00:00,en,213,interpersonal,10,90,60,40,5,30,40,50,1,0,3,1,1,4,4,3,2,0,0,0,1,4,4,1,2,1,3,1,4,4,3,1,2,0,3,0,0,4,1,3,1,0,1,0,0,2,0,0
244,2026-05-26T04:16:20.606317+00:00,en,192,linguistic,55,50,35,60,20,35,15,35,3,0,2,3,3,3,0,0,3,2,1,2,1,1,3,1,4,0,2,1,2,3,1,1,0,0,0,3,1,0,3,1,2,2,2,2,0,3,0,0
245,2026-05-26T04:17:11.159085+00:00,en,235,interpersonal,75,85,50,10,10,20,45,55,0,0,3,3,0,4,4,4,1,1,2,4,0,3,3,3,0,0,2,2,4,3,1,1,0,0,2,2,0,4,2,1,1,1,2,4,0,3,0,0
246,2026-05-26T04:18:06.879696+00:00,en,263,musical,35,35,35,45,15,70,40,55,3,1,2,1,4,3,1,4,2,2,0,2,1,1,1,2,1,0,3,3,4,0,3,1,2,0,2,1,4,2,0,1,1,0,4,0,1,1,2,0
247,2026-05-26T04:18:40.118557+00:00,en,214,intrapersonal,15,25,50,15,15,10,10,30,1,0,1,2,1,2,2,1,0,2,1,0,0,2,3,0,0,1,0,1,1,0,2,0,1,0,2,0,0,1,2,1,1,0,2,0,0,0,1,0
248,2026-05-26T04:19:34.113525+00:00,en,403,intrapersonal,40,45,80,70,65,40,40,25,3,3,1,0,2,2,2,1,3,2,2,3,0,1,4,2,3,3,2,2,2,2,4,0,2,1,0,3,2,2,4,4,3,4,0,0,2,2,2,1
249,2026-05-26T04:20:01.813686+00:00,en,497,interpersonal,60,70,40,50,50,40,35,30,2,2,2,3,3,3,2,2,3,2,1,3,1,2,2,1,3,3,1,1,3,3,2,1,0,1,1,3,1,3,2,2,2,2,1,2,0,3,0,1
250,2026-05-26T04:20:27.316321+00:00,en,226,linguistic,65,80,90,100,90,80,60,70,4,3,3,3,4,3,4,3,4,4,4,2,2,4,4,2,4,4,3,4,4,4,4,3,4,3,2,2,4,3,4,2,4,4,2,2,2,2,2,2
251,2026-05-26T04:20:52.565272+00:00,en,396,spatial,65,75,70,50,30,65,55,90,2,1,4,3,2,3,1,3,2,2,2,3,2,3,3,3,1,2,4,3,4,3,3,2,4,1,4,3,3,3,4,2,1,0,4,1,2,3,3,1
252,2026-05-26T04:21:57.808489+00:00,en,346,interpersonal,45,65,25,30,40,20,35,50,1,3,2,3,1,3,1,2,2,3,3,2,0,2,2,3,1,1,2,2,1,4,1,1,1,1,2,2,2,1,1,1,1,0,1,0,0,3,0,0
253,2026-05-26T04:23:03.740212+00:00,en,467,interpersonal,65,75,75,60,65,40,60,35,2,3,4,3,2,3,3,3,3,3,1,4,2,4,4,4,3,3,0,1,2,3,2,0,1,2,2,3,2,3,4,3,3,2,0,2,0,2,2,2
254,2026-05-26T04:24:50.939267+00:00,en,267,intrapersonal,50,65,70,40,30,55,40,55,1,2,3,3,3,4,3,2,2,2,1,2,0,2,3,2,1,2,1,2,4,2,4,1,2,0,3,2,3,2,3,1,2,0,3,1,1,3,1,2
255,2026-05-26T05:17:54.297062+00:00,en,153,intrapersonal,5,50,80,30,20,20,10,5,0,0,0,1,1,3,4,1,3,3,0,0,0,3,4,1,2,1,0,0,3,0,4,0,1,0,1,0,0,4,4,0,0,0,0,0,0,0,0,0
256,2026-05-26T05:27:21.783563+00:00,en,4545,naturalist,55,80,55,65,50,65,85,25,3,3,0,2,3,4,2,4,3,2,3,3,2,4,2,4,2,2,0,2,2,3,2,3,4,2,0,3,4,2,4,4,1,1,2,1,2,3,1,2
257,2026-05-26T06:15:32.129575+00:00,en,181,bodily,40,25,35,15,25,25,25,20,0,1,1,1,1,1,1,1,1,1,0,0,1,1,2,0,1,1,0,0,3,2,2,2,0,1,2,3,0,0,1,1,1,1,1,4,0,1,1,1
258,2026-05-26T07:25:18.173254+00:00,en,165,spatial,40,55,65,50,40,40,30,65,3,1,3,3,2,2,4,2,2,2,1,0,1,2,1,0,0,2,3,3,3,2,3,2,3,2,3,2,1,4,2,2,2,1,3,0,1,1,3,0
259,2026-05-26T07:39:58.769134+00:00,en,184,intrapersonal,15,55,70,50,25,40,30,10,3,0,0,3,2,2,4,1,2,3,1,0,1,2,1,0,1,1,0,0,4,1,3,3,3,0,0,0,1,4,2,2,1,1,1,0,0,2,4,0
260,2026-05-26T08:31:32.700011+00:00,en,168,intrapersonal,45,75,80,45,40,20,35,25,1,1,0,4,3,3,2,1,3,2,3,1,0,4,3,2,1,1,1,1,0,2,4,2,2,3,1,3,1,3,4,2,2,1,0,0,0,3,3,0
261,2026-05-26T11:20:11.845041+00:00,en,159,logical,25,40,60,65,100,20,20,5,0,4,0,4,1,1,2,1,4,4,0,0,0,3,3,0,3,4,1,1,3,1,4,0,2,4,0,0,0,2,2,3,4,4,0,0,0,1,1,0
262,2026-05-26T12:47:33.358294+00:00,en,303,spatial,30,60,55,45,45,25,55,60,2,3,3,2,1,2,4,2,2,2,2,0,1,3,2,3,1,1,3,1,2,2,1,2,2,1,3,3,1,3,1,2,2,2,1,0,0,2,3,2
263,2026-05-26T14:45:02.428079+00:00,en,137,bodily,70,55,50,40,55,50,55,55,1,3,3,4,2,3,2,3,1,2,2,4,2,2,2,2,2,2,2,2,2,2,2,2,2,2,2,2,2,2,2,2,2,2,2,2,2,2,2,2
264,2026-05-26T16:07:39.298385+00:00,en,157,bodily,80,70,65,45,45,60,15,45,2,3,2,3,3,3,4,1,2,1,4,4,4,3,4,1,2,3,1,3,1,2,2,0,0,1,1,4,3,4,3,1,3,1,1,2,1,2,0,0
265,2026-05-26T18:34:19.55056+00:00,en,178,musical,35,65,80,50,70,80,50,30,1,3,0,4,4,3,1,0,2,3,1,0,1,1,4,2,3,2,1,0,4,2,4,3,2,3,4,3,3,4,4,3,2,3,0,0,4,3,3,2
266,2026-05-26T20:25:38.309746+00:00,en,254,interpersonal,70,95,85,60,55,80,70,60,2,1,2,3,3,4,4,3,2,3,1,3,4,4,4,4,3,3,3,3,4,4,2,1,2,3,3,3,4,4,3,2,3,1,3,2,1,3,4,4
267,2026-05-26T23:26:43.346339+00:00,en,238,interpersonal,60,85,75,60,40,40,75,20,0,2,0,2,2,4,4,4,2,0,0,3,0,3,1,1,2,4,0,4,3,3,2,3,4,1,2,2,3,4,4,4,4,1,2,1,0,3,4,3
268,2026-05-27T02:40:07.650893+00:00,en,187,bodily,95,70,85,25,80,80,80,75,0,2,0,4,4,4,3,3,2,4,4,3,4,0,4,4,1,2,3,4,4,2,4,2,0,4,4,4,4,4,4,3,2,4,4,4,0,4,2,4
269,2026-05-27T03:39:25.551615+00:00,en,238,interpersonal,20,80,35,60,50,30,20,35,0,2,1,1,1,4,1,0,2,1,2,1,3,3,2,3,3,3,2,2,0,2,2,0,3,3,0,0,1,3,1,0,4,1,2,0,1,4,1,1
270,2026-05-27T03:42:36.466073+00:00,en,682,spatial,75,55,45,55,50,80,35,85,1,3,4,3,4,2,2,1,3,3,2,4,3,1,2,2,2,1,4,4,4,2,3,1,4,2,3,1,4,3,2,2,1,1,4,3,1,3,0,1
271,2026-05-27T03:51:51.383998+00:00,en,185,musical,30,35,30,0,5,60,0,0,0,0,0,2,3,3,1,0,0,1,0,0,3,3,1,0,0,0,0,3,4,0,3,0,0,0,0,1,2,1,1,0,0,0,0,0,0,0,0,0
272,2026-05-27T10:15:24.147115+00:00,en,404,linguistic,40,50,85,95,75,95,40,50,4,2,2,1,4,4,4,2,4,1,0,3,3,0,4,2,4,4,4,1,4,2,4,1,4,4,3,1,4,2,1,2,3,4,1,2,4,2,4,1
273,2026-05-27T11:11:19.432242+00:00,en,256,naturalist,45,80,75,85,30,40,90,65,4,0,3,3,2,4,4,4,2,2,2,2,0,3,4,4,3,4,3,1,4,2,3,4,4,0,4,2,1,4,2,4,4,0,1,1,1,3,2,2
274,2026-05-27T19:07:18.967407+00:00,en,145,logical,60,65,65,60,95,50,65,45,0,3,4,3,3,4,4,3,4,4,1,3,0,3,3,2,4,4,2,2,4,3,4,3,0,4,0,4,3,3,2,3,4,4,2,0,0,0,0,2
275,2026-05-27T21:11:03.320957+00:00,en,25,naturalist,35,30,15,5,40,20,55,25,0,2,4,4,1,2,3,0,1,3,1,3,0,4,0,4,0,5,0,5,0,6,0,4,0,3,0,0,3,0,0,2,0,0,0,0,0,0,0,1
276,2026-05-27T21:41:58.28928+00:00,en,16,linguistic,100,100,100,100,100,100,100,100,4,4,4,4,4,4,4,4,4,4,4,4,4,4,4,4,4,4,4,4,4,4,4,4,4,4,4,4,4,4,4,4,4,4,4,4,4,4,4,4
277,2026-05-27T21:44:50.214441+00:00,,946,bodily,80,65,55,60,40,75,50,50,3,3,2,3,4,3,3,3,2,2,2,4,3,4,2,2,3,2,2,3,4,3,4,2,3,0,1,2,4,2,2,1,1,1,3,4,0,1,0,2
278,2026-05-28T06:12:51.48972+00:00,en,282,musical,35,70,60,65,70,100,50,70,3,2,3,1,4,2,2,4,2,4,3,1,4,4,3,1,2,2,4,2,4,3,3,1,2,2,1,1,4,4,3,3,4,4,3,2,4,1,1,1
279,2026-05-28T06:13:11.32973+00:00,en,340,interpersonal,60,80,60,35,45,70,80,15,1,3,2,4,4,4,3,4,1,2,0,2,3,3,3,4,2,2,0,2,4,4,2,2,0,0,1,1,3,4,3,3,3,2,0,3,0,1,1,3
280,2026-05-28T08:28:53.242799+00:00,en,356,musical,35,60,45,35,30,60,40,45,1,2,2,2,3,3,2,2,2,1,2,1,3,3,2,3,2,1,1,2,4,3,3,1,0,1,2,2,2,2,2,1,2,1,2,0,0,1,0,1
281,2026-05-28T09:18:32.356773+00:00,en,231,intrapersonal,75,85,90,45,40,50,70,50,1,1,2,4,3,4,4,4,4,4,3,4,1,2,4,3,0,2,2,1,4,3,2,2,3,0,2,3,2,4,4,1,1,1,1,3,0,4,4,4
282,2026-05-28T11:17:14.689689+00:00,en,180,intrapersonal,45,45,75,50,25,60,50,50,2,0,1,4,3,2,4,2,2,2,3,0,3,2,2,3,1,0,0,1,3,2,3,1,2,1,3,2,3,2,3,2,3,2,3,2,0,1,3,2
283,2026-05-28T12:27:23.347415+00:00,en,257,intrapersonal,40,80,100,50,25,80,45,40,4,0,4,4,4,4,4,4,3,2,2,0,4,4,4,1,0,3,0,4,4,0,4,1,0,0,2,0,4,4,4,3,3,0,0,0,0,4,4,0
284,2026-05-28T13:28:18.048335+00:00,en,304,intrapersonal,40,60,80,40,65,20,40,55,0,2,2,4,3,4,3,3,2,3,4,1,0,1,3,2,3,3,2,2,0,1,4,1,2,3,2,1,1,4,4,2,1,2,1,0,0,2,2,0
285,2026-05-28T13:36:44.906405+00:00,,120,linguistic,10,70,70,95,75,0,65,40,4,3,0,2,0,4,4,3,4,2,4,0,0,2,2,4,3,2,1,0,0,3,2,2,4,4,0,0,0,3,3,2,4,4,3,0,0,2,3,2
286,2026-05-28T15:02:24.341183+00:00,en,194,linguistic,70,65,70,75,75,55,60,60,3,3,3,4,3,2,2,2,4,4,4,3,1,2,3,3,2,3,1,2,3,2,3,2,3,2,2,3,2,3,4,3,3,3,2,2,2,4,2,2
287,2026-05-28T15:21:04.374573+00:00,en,167,linguistic,100,100,100,100,100,100,100,100,4,4,4,4,4,4,4,4,4,4,4,4,4,4,4,4,4,4,4,4,4,4,4,4,4,4,4,4,4,4,4,4,4,4,4,4,4,4,4,4
288,2026-05-28T16:22:10.038+00:00,,,linguistic,20,55,60,85,45,25,30,5,3,2,0,2,1,2,2,0,4,2,0,0,0,1,1,3,2,1,0,0,4,2,3,0,4,2,1,2,0,3,3,3,4,2,0,0,0,3,3,0
289,2026-05-28T16:48:38.888074+00:00,,19,linguistic,55,50,70,75,70,60,55,65,3,3,3,2,3,1,3,2,3,3,3,3,3,3,3,3,3,2,2,1,3,3,4,4,3,4,2,2,2,2,3,1,3,2,3,3,1,1,1,1
290,2026-05-28T17:08:59.792967+00:00,en,259,logical,75,60,40,50,80,50,35,65,2,4,3,4,3,3,1,1,2,3,3,3,2,2,2,2,3,3,3,3,2,3,1,1,2,3,2,3,2,1,2,2,1,3,2,2,1,3,2,1
291,2026-05-28T17:43:31.319328+00:00,en,123,naturalist,45,80,40,40,35,45,90,80,2,3,4,4,2,4,4,4,1,2,0,0,2,3,1,4,0,1,4,4,4,4,2,4,4,1,4,1,1,4,0,2,1,0,4,0,0,1,1,4
292,2026-05-28T18:39:31.682071+00:00,en,172,bodily,85,55,65,30,50,80,45,60,0,2,2,4,2,3,3,2,2,3,2,4,3,2,2,2,2,3,3,2,4,2,3,1,0,2,3,4,4,2,3,2,2,0,2,3,3,2,2,2
293,2026-05-28T19:47:43.138351+00:00,en,284,logical,5,30,85,75,90,35,25,25,3,3,1,0,1,1,4,0,4,4,0,0,2,1,4,3,3,4,3,0,3,0,2,1,2,3,1,0,1,3,3,1,3,4,0,1,0,1,4,0
294,2026-05-28T20:17:29.771905+00:00,en,367,interpersonal,40,65,65,15,40,50,50,55,0,0,1,3,2,3,3,3,1,3,2,1,1,3,3,1,0,3,2,2,3,3,3,0,1,2,3,1,3,2,3,3,1,0,3,1,1,2,1,3
295,2026-05-29T04:09:20.472821+00:00,en,211,musical,50,35,20,95,75,100,15,75,4,3,3,3,4,1,1,2,4,2,3,2,4,1,0,1,3,4,4,2,4,3,3,0,4,3,1,2,4,2,0,0,4,3,4,1,4,0,0,0
296,2026-05-29T04:47:10.60469+00:00,en,142,intrapersonal,25,55,75,25,25,50,10,50,2,2,2,3,3,3,4,1,0,1,0,0,1,2,4,0,0,0,2,2,4,2,1,0,2,0,4,0,1,2,4,1,1,2,2,0,1,2,2,0
297,2026-05-29T04:51:44.896105+00:00,en,205,musical,35,45,65,65,55,80,40,70,3,2,3,1,3,2,4,3,3,2,3,1,4,3,2,1,2,3,3,2,3,2,4,1,3,3,2,3,4,1,1,2,2,1,3,0,2,1,2,1
298,2026-05-29T08:43:29.267609+00:00,en,176,spatial,15,50,50,45,40,30,40,65,3,0,0,1,2,4,4,4,1,0,2,1,0,1,1,2,0,3,4,0,4,1,2,0,1,3,4,1,0,4,1,2,4,2,3,0,0,0,2,0
299,2026-05-29T08:43:29.319097+00:00,en,167,logical,55,60,50,55,70,15,30,60,2,3,4,2,2,3,2,1,4,4,0,0,0,2,3,1,3,3,3,4,1,2,1,2,0,0,2,3,0,1,3,2,2,4,3,2,0,4,1,0
300,2026-05-29T08:43:57.590357+00:00,en,346,spatial,75,75,50,60,65,50,80,85,4,4,4,4,3,3,2,3,1,3,4,3,0,3,2,3,2,3,3,3,3,3,3,3,4,1,2,3,4,3,2,4,1,2,4,2,0,3,1,3
301,2026-05-29T08:44:34.014967+00:00,en,211,interpersonal,65,85,65,30,40,65,45,60,1,1,3,4,3,4,3,1,2,1,1,4,4,3,4,3,1,3,3,1,3,3,1,1,1,1,3,3,1,3,3,1,1,2,2,1,2,4,2,3
302,2026-05-29T08:44:38.294+00:00,,,logical,25,65,70,40,80,0,35,70,1,4,2,1,0,2,4,3,1,4,4,2,0,2,1,1,3,3,2,1,0,3,4,1,1,1,3,1,0,2,2,1,2,4,3,0,0,4,3,1
303,2026-05-29T08:44:47.142479+00:00,en,185,musical,45,70,60,60,30,70,60,45,2,1,2,3,3,3,2,3,1,2,2,1,2,3,2,2,3,2,2,2,4,3,2,1,4,1,2,1,4,2,4,3,2,0,1,2,1,3,2,3
304,2026-05-29T08:45:00.557349+00:00,en,230,musical,30,60,50,20,15,75,55,35,1,1,1,3,3,3,4,2,0,1,1,2,4,2,2,3,0,0,1,0,4,1,2,1,3,0,2,1,3,4,2,2,0,1,2,0,1,2,0,3
305,2026-05-29T08:51:35.108741+00:00,en,288,intrapersonal,50,50,80,40,70,30,75,70,3,3,2,4,1,2,4,4,3,2,4,1,0,3,2,4,0,3,2,3,4,1,4,1,2,3,2,2,1,4,4,3,0,3,4,0,0,0,2,3
306,2026-05-29T08:52:17.774762+00:00,en,177,interpersonal,30,60,60,45,30,50,20,40,1,0,1,3,3,2,3,2,3,3,2,0,1,3,2,0,2,3,2,1,4,2,3,0,2,0,2,2,2,3,2,2,1,0,1,0,0,2,2,0
307,2026-05-29T08:57:39.892502+00:00,en,436,naturalist,25,65,75,55,60,45,80,30,1,1,2,1,3,3,4,3,3,3,1,2,0,3,3,3,4,3,1,1,2,3,3,3,1,2,1,1,3,2,3,4,2,3,1,0,1,2,2,3
308,2026-05-29T09:55:23.826087+00:00,en,199,intrapersonal,10,15,65,40,40,20,20,45,3,0,2,1,0,1,3,4,1,1,0,0,0,2,2,0,1,2,4,1,4,0,4,0,2,3,2,0,0,0,4,0,1,2,1,0,0,0,0,0
309,2026-05-29T11:03:38.312671+00:00,en,349,intrapersonal,55,55,75,65,60,15,45,55,1,2,4,1,0,2,3,0,3,0,3,3,0,2,2,3,3,3,1,1,3,2,4,3,3,4,3,4,0,3,3,1,3,3,0,2,0,2,3,2
310,2026-05-29T11:20:35.360441+00:00,en,1203,musical,35,85,70,60,75,90,70,85,1,0,1,2,4,2,4,4,3,3,4,0,2,3,4,4,3,4,4,4,4,4,4,1,1,4,4,1,4,4,2,4,4,4,4,0,4,4,0,1
311,2026-05-29T13:34:33.841672+00:00,en,297,musical,50,60,55,55,35,65,25,45,2,2,2,3,3,3,4,3,3,2,0,2,3,2,1,2,2,2,2,1,3,2,3,0,1,1,3,2,3,3,1,0,3,0,2,2,1,2,2,0
312,2026-05-29T14:20:33.256001+00:00,en,392,linguistic,40,65,55,70,70,40,65,35,3,2,0,2,2,3,3,3,3,3,2,2,1,2,1,3,3,3,2,1,2,3,3,2,2,3,2,2,2,3,1,3,3,3,1,1,1,2,3,2
313,2026-05-30T03:36:10.358991+00:00,en,137,interpersonal,55,100,100,80,45,75,90,45,4,2,3,4,4,4,4,4,3,2,2,1,4,4,4,4,3,4,1,1,3,4,4,4,4,0,2,1,0,4,4,3,2,1,1,4,4,4,4,3
314,2026-05-30T07:05:35.725343+00:00,en,297,intrapersonal,55,80,90,45,45,65,25,55,2,0,1,4,3,4,4,3,2,3,0,1,3,3,3,0,0,4,2,4,4,4,4,2,4,2,4,2,3,4,4,0,1,0,4,0,0,1,3,0
315,2026-05-30T12:01:33.780188+00:00,en,201,linguistic,100,100,100,100,75,95,80,80,4,0,4,4,4,4,4,4,4,4,2,4,3,4,4,4,4,3,2,4,4,4,4,4,4,4,4,4,4,4,4,0,4,4,4,4,4,4,4,4
316,2026-05-30T19:24:28.924421+00:00,en,188,interpersonal,45,70,65,35,35,40,40,40,0,0,1,3,2,3,3,2,2,3,2,0,1,3,3,2,2,2,1,2,3,3,2,1,1,1,3,3,2,3,2,2,2,1,1,1,0,2,3,1
317,2026-05-30T23:50:44.334685+00:00,,198,linguistic,25,70,60,85,20,60,15,45,2,1,1,2,3,3,4,1,3,1,2,0,2,3,2,0,4,2,2,0,4,3,3,0,4,0,2,2,3,3,2,2,4,0,2,1,0,2,1,0
318,2026-05-31T03:33:44.19+00:00,,,interpersonal,0,65,40,20,35,15,25,5,0,1,1,0,1,2,2,1,1,1,0,0,0,3,2,3,0,3,0,0,2,3,2,0,3,0,0,0,0,3,2,0,0,2,0,0,0,2,0,1
319,2026-05-31T04:08:09.916636+00:00,,233,interpersonal,80,90,90,65,50,80,80,75,2,0,2,3,3,4,4,3,3,3,3,2,3,4,4,4,2,2,4,4,4,3,4,3,4,2,3,3,3,4,3,3,2,3,3,4,3,3,3,3
320,2026-05-31T05:32:14.017462+00:00,,174,logical,85,85,95,75,100,85,90,85,4,4,3,3,2,4,4,4,3,4,4,2,4,4,4,3,1,4,3,4,4,4,4,4,3,4,4,4,3,1,3,4,4,4,3,4,4,4,4,3
321,2026-05-31T11:42:52.892+00:00,,,interpersonal,60,80,80,60,70,60,50,10,3,2,0,1,2,4,4,2,3,4,0,4,1,2,2,2,1,2,0,0,4,3,2,2,3,2,1,3,4,3,4,4,2,4,1,4,1,4,4,0
322,2026-05-31T16:37:17.922636+00:00,en,276,bodily,90,70,85,80,60,55,15,35,2,0,2,3,3,4,4,1,4,4,4,4,0,1,4,1,4,4,1,3,4,2,1,0,3,0,0,4,4,3,4,1,3,4,0,4,0,4,4,0
323,2026-06-01T01:16:44.086623+00:00,en,170,intrapersonal,65,70,80,30,55,35,15,70,0,2,4,3,1,4,4,1,1,3,2,2,1,4,3,1,1,2,3,3,3,2,3,0,2,2,3,3,2,3,3,1,2,2,2,2,0,1,3,0
324,2026-06-01T02:06:35.985545+00:00,en,179,linguistic,30,50,45,55,30,50,10,20,2,1,2,3,3,3,2,0,3,1,2,0,1,3,2,1,1,2,0,0,3,1,2,0,1,1,0,3,3,3,2,0,4,1,0,0,0,0,1,1
325,2026-06-01T08:22:26.390508+00:00,en,41,logical,50,55,30,35,65,40,20,40,0,3,3,3,1,1,3,1,2,3,1,0,2,3,1,1,0,4,1,3,1,4,1,0,3,1,3,0,1,3,0,1,2,2,0,4,3,0,1,1
326,2026-06-01T10:32:27.298178+00:00,en,208,intrapersonal,35,55,90,55,65,20,40,50,2,1,2,1,1,4,4,3,2,3,2,2,0,4,4,3,2,4,1,1,2,1,4,1,3,3,4,3,1,2,3,1,2,2,1,0,0,0,3,0
327,2026-06-01T11:36:03.322108+00:00,en,229,interpersonal,40,85,75,60,25,55,55,30,2,0,0,4,4,4,4,3,2,2,2,2,3,4,2,3,1,2,1,0,3,2,2,1,3,0,2,1,1,3,3,2,4,1,1,1,0,4,4,2
328,2026-06-01T13:48:11.952004+00:00,en,159,musical,35,75,75,65,30,90,35,55,2,1,3,3,4,3,4,3,4,2,2,0,4,4,4,2,2,1,2,3,4,2,3,1,4,1,2,1,4,3,4,1,1,1,2,0,2,3,0,0
329,2026-06-01T16:46:16.325543+00:00,en,467,intrapersonal,45,70,100,90,90,45,50,60,4,3,4,4,2,4,4,1,2,4,0,0,1,4,4,1,4,4,4,2,3,3,4,4,4,3,0,2,3,2,4,4,4,4,4,1,0,1,4,0
330,2026-06-01T19:38:25.365008+00:00,en,282,intrapersonal,20,45,75,70,35,35,25,45,3,0,3,3,2,1,4,3,2,2,0,0,1,3,3,0,3,4,1,1,3,1,4,0,2,0,3,0,1,4,4,2,4,1,2,0,0,0,0,0
331,2026-06-01T20:26:28.687552+00:00,en,116,linguistic,55,80,30,80,20,65,75,55,3,0,3,2,3,4,1,3,3,2,3,2,2,3,1,4,3,1,1,2,3,4,2,3,4,1,2,2,3,3,2,3,3,0,2,3,2,2,0,2
332,2026-06-01T20:37:17.096155+00:00,en,179,logical,35,55,45,50,70,20,40,50,0,2,1,2,0,3,3,2,2,3,3,1,1,3,2,2,2,3,1,2,2,1,3,2,3,3,3,1,1,2,1,1,3,3,2,1,0,2,0,1
333,2026-06-01T20:37:26.214501+00:00,en,210,naturalist,55,60,70,45,0,55,85,5,3,0,0,2,3,4,4,4,2,0,0,2,1,2,1,4,0,0,0,3,4,0,1,4,4,0,0,0,2,4,4,1,0,0,1,4,1,2,4,4
334,2026-06-02T03:01:54.94011+00:00,en,311,linguistic,35,35,55,55,40,25,40,30,2,2,1,4,3,3,3,3,1,2,1,1,0,1,1,2,2,2,0,1,2,1,3,2,3,1,3,1,0,1,2,1,3,1,1,0,0,1,2,0
335,2026-06-02T03:53:56.148398+00:00,en,179,linguistic,55,55,65,70,60,65,65,45,3,1,1,3,2,3,3,3,3,3,3,2,3,2,2,3,2,3,1,2,3,1,3,2,3,2,2,2,3,3,3,3,3,3,2,2,2,2,2,2
336,2026-06-02T06:39:35.448739+00:00,en,165,interpersonal,15,85,65,65,50,35,30,30,2,1,1,3,2,3,3,2,3,3,2,0,0,4,3,0,2,3,0,0,4,4,3,1,4,3,3,0,1,3,2,1,2,0,0,0,0,3,2,2
337,2026-06-02T07:50:44.554355+00:00,en,683,musical,75,85,55,75,75,100,25,55,4,4,4,4,4,3,3,1,3,1,0,2,4,4,2,1,3,4,1,2,4,3,0,0,4,2,4,3,4,3,3,3,1,4,2,4,4,4,3,0
338,2026-06-02T08:41:09.703859+00:00,,195,interpersonal,50,90,90,70,65,60,65,60,4,4,1,2,2,4,4,4,2,4,3,1,1,4,4,4,2,2,2,2,4,2,4,1,4,1,3,3,4,4,4,2,2,2,3,2,1,4,2,2
339,2026-06-02T12:12:25.233+00:00,,,linguistic,55,80,90,100,50,40,70,70,4,1,2,1,4,4,4,4,4,2,2,2,0,4,4,3,4,2,3,4,4,2,4,3,4,2,3,2,0,4,2,4,4,3,4,2,0,2,4,0
340,2026-06-02T12:39:35.717964+00:00,en,158,bodily,80,75,70,35,25,70,45,20,0,0,0,4,2,3,4,4,3,0,2,4,4,3,4,2,0,1,0,0,4,2,3,3,3,1,2,4,4,3,3,0,1,3,0,4,0,4,0,0
341,2026-06-02T13:43:01.583904+00:00,en,112,spatial,90,70,85,75,80,80,90,95,0,2,4,3,3,4,4,3,4,4,4,3,3,2,3,4,3,3,4,4,3,3,4,4,4,3,3,4,4,3,4,4,4,4,4,4,3,2,2,3
342,2026-06-02T14:59:42.603569+00:00,en,375,intrapersonal,80,65,100,80,10,90,55,10,4,0,0,3,4,2,4,1,4,1,1,4,4,2,4,3,1,0,0,1,4,2,4,2,4,0,1,4,4,4,4,4,3,1,0,4,2,3,4,1
343,2026-06-02T15:07:04.523324+00:00,en,182,logical,70,70,35,65,70,40,65,55,0,3,2,4,0,3,1,2,4,4,2,3,2,3,1,4,3,2,1,3,4,3,4,2,3,4,4,3,2,3,1,2,3,1,2,1,0,2,0,3
344,2026-06-02T16:35:38.732843+00:00,en,257,linguistic,50,50,65,65,50,40,50,40,2,2,0,4,3,2,3,3,3,3,2,1,1,2,2,2,3,2,1,2,2,2,3,2,2,1,3,2,1,2,2,2,3,2,2,1,1,2,3,1
345,2026-06-02T17:20:36.379226+00:00,en,137,intrapersonal,10,30,80,55,60,20,10,50,2,1,2,1,1,2,3,0,1,4,3,0,1,1,3,1,4,3,2,1,1,0,4,0,3,1,2,0,1,2,3,0,1,3,1,0,0,1,3,1
346,2026-06-02T18:53:48.25+00:00,,,logical,60,25,80,45,85,20,70,50,1,4,2,4,2,1,3,4,3,3,2,2,2,3,1,3,2,4,2,4,0,0,4,4,1,4,1,2,0,0,4,1,2,2,3,0,0,1,4,2
347,2026-06-03T00:56:40.502981+00:00,,3260,musical,55,75,65,75,45,85,35,25,3,1,0,2,4,4,4,2,3,3,1,2,3,3,3,2,3,2,1,1,4,2,3,0,2,1,2,3,3,3,0,2,4,2,1,3,3,3,3,1
348,2026-06-03T11:20:36.925225+00:00,en,1362,logical,75,90,90,45,100,75,80,90,0,4,4,4,3,4,4,4,2,4,2,3,3,4,4,3,3,4,4,4,3,3,4,3,0,4,4,4,4,4,4,3,4,4,4,0,2,3,2,3
349,2026-06-03T11:58:07.017604+00:00,en,258,linguistic,45,80,70,85,70,50,75,60,3,3,3,2,1,4,4,3,4,4,3,0,1,2,2,3,3,3,3,4,4,3,2,3,4,2,1,2,4,4,2,3,3,2,2,1,0,3,4,3
350,2026-06-03T12:13:02.119216+00:00,,474,logical,70,30,50,45,75,30,55,70,2,3,3,4,1,2,4,1,1,4,4,2,1,0,0,1,1,1,3,3,2,0,2,3,2,3,3,2,2,1,1,3,3,4,1,3,0,3,3,3
351,2026-06-03T12:17:46.745412+00:00,en,260,linguistic,15,40,50,55,30,55,40,15,3,0,3,1,3,1,3,2,3,3,0,0,0,0,1,1,0,1,0,1,3,2,3,1,3,1,0,1,3,3,3,3,2,1,0,0,2,2,0,1
352,2026-06-03T15:45:30.749816+00:00,en,370,logical,40,60,75,55,75,50,50,65,3,3,3,2,2,4,4,3,1,4,4,2,1,3,1,2,3,2,2,1,2,1,4,0,1,2,3,2,2,3,3,4,3,4,1,1,3,1,3,1
353,2026-06-03T15:56:17.191001+00:00,en,140,interpersonal,30,80,75,75,40,70,55,40,1,2,1,1,2,4,4,3,4,2,3,1,3,3,3,2,3,2,1,2,4,3,4,2,4,0,0,1,4,4,3,3,3,2,3,1,1,2,1,1
354,2026-06-03T16:04:25.955148+00:00,en,424,naturalist,30,50,65,65,35,55,80,65,3,1,3,2,3,3,4,4,3,2,2,0,1,1,2,2,1,1,4,1,4,1,2,2,4,2,2,2,2,4,3,4,2,1,2,1,1,1,2,4
355,2026-06-03T18:48:02.752072+00:00,en,83,intrapersonal,65,60,70,20,35,60,60,50,0,3,3,1,1,2,3,3,3,3,3,4,3,1,3,3,0,0,1,3,4,4,4,2,0,0,1,1,1,1,1,1,1,1,2,4,3,4,3,3
356,2026-06-03T19:06:33.957138+00:00,en,110,interpersonal,40,100,70,40,5,75,35,35,0,0,0,3,4,4,4,1,3,1,3,1,3,4,4,3,1,0,0,0,4,4,1,1,0,0,3,1,4,4,4,1,4,0,1,3,0,4,1,1
357,2026-06-03T20:23:11.230908+00:00,en,341,intrapersonal,25,45,85,40,15,35,65,45,4,0,2,3,3,4,4,4,0,0,0,0,0,2,2,3,0,3,1,1,4,0,3,1,1,0,3,1,0,3,4,1,3,0,3,0,0,0,4,4
358,2026-06-03T21:09:10.838242+00:00,en,192,interpersonal,80,90,85,75,35,40,55,40,3,0,1,4,3,4,3,2,3,3,2,3,0,4,4,4,4,1,1,2,2,4,2,1,2,0,2,3,3,3,4,2,3,3,2,4,0,3,4,2
359,2026-06-03T21:14:05.806128+00:00,en,162,logical,15,50,40,60,80,75,30,30,0,4,2,3,4,2,2,1,4,4,4,0,3,3,2,1,2,3,0,0,3,2,3,3,4,1,0,0,4,1,1,1,2,4,0,0,1,2,0,0
360,2026-06-03T21:18:55.328847+00:00,en,284,bodily,70,40,45,40,45,60,65,45,1,2,3,3,4,2,3,3,2,3,1,3,2,4,2,4,2,2,1,4,3,0,2,3,0,1,0,2,3,1,2,2,3,1,4,2,0,1,0,1
361,2026-06-03T21:24:17.273+00:00,,,naturalist,60,70,55,80,80,80,85,55,3,4,3,2,3,2,2,4,4,4,2,3,3,3,3,4,3,3,2,2,3,3,2,3,4,3,1,3,4,3,3,4,2,2,3,2,3,3,1,2
362,2026-06-03T21:53:36.611868+00:00,en,301,logical,55,55,70,60,85,20,5,60,2,4,4,1,2,1,3,0,3,3,4,4,0,1,4,0,3,4,0,0,0,3,2,1,1,3,2,4,2,3,3,0,3,3,2,2,0,3,2,0
363,2026-06-03T22:02:31.680344+00:00,en,224,interpersonal,30,65,50,40,10,25,35,20,1,1,0,2,2,2,2,1,2,0,1,2,2,3,2,3,1,1,1,2,0,2,2,1,3,0,1,0,1,4,3,1,1,0,1,0,0,2,1,1
364,2026-06-03T22:58:47.211946+00:00,en,149,linguistic,45,35,80,85,55,75,65,55,4,2,3,3,4,3,4,4,3,3,1,1,2,1,2,3,2,2,3,2,4,0,4,2,4,2,1,2,3,3,4,3,4,2,3,1,2,0,2,1
365,2026-06-04T01:03:18.507361+00:00,en,271,intrapersonal,35,65,100,80,20,50,40,65,3,0,4,3,2,4,4,4,3,0,0,0,1,3,4,3,4,3,2,3,4,1,4,0,2,0,4,0,3,4,4,0,4,1,3,1,0,1,4,1
366,2026-06-04T02:15:47.938037+00:00,en,25,logical,50,45,65,65,80,40,65,55,1,4,0,3,2,1,4,2,3,4,4,1,2,1,3,4,2,4,1,1,1,4,2,1,4,3,4,1,2,1,1,2,3,1,2,4,1,2,3,4
367,2026-06-04T02:18:12.87857+00:00,en,248,intrapersonal,65,65,90,65,65,60,60,65,0,3,3,1,2,4,4,3,3,3,4,4,2,1,3,3,3,2,1,3,3,3,4,2,3,2,3,3,3,3,3,3,4,3,2,2,2,2,4,1
368,2026-06-04T02:19:38.081558+00:00,en,235,logical,35,25,60,55,80,75,25,40,1,3,2,2,3,2,2,3,2,2,3,1,3,1,3,0,4,4,1,2,3,0,4,1,2,3,1,2,4,2,2,1,2,4,1,0,2,0,1,0
369,2026-06-04T02:19:41.73316+00:00,en,317,interpersonal,50,65,55,30,25,25,45,55,0,0,1,3,1,3,2,1,2,3,2,0,0,2,1,2,2,1,3,3,2,3,3,1,1,1,3,2,1,2,3,2,1,0,2,2,1,3,2,3
370,2026-06-04T02:20:04.524239+00:00,en,299,intrapersonal,35,40,90,70,60,85,40,45,3,1,1,1,3,3,4,4,1,4,1,1,3,2,3,1,2,3,3,1,4,1,4,1,4,1,1,3,4,1,4,1,4,3,3,1,3,1,3,1
371,2026-06-04T02:20:18.424662+00:00,en,242,bodily,55,25,35,5,35,10,20,35,0,2,1,4,0,1,1,2,1,2,2,3,0,0,1,2,0,1,1,1,2,0,3,0,0,1,1,2,0,2,2,0,0,1,2,1,0,2,0,0
372,2026-06-04T02:21:32.962566+00:00,en,346,intrapersonal,0,5,60,30,40,15,25,5,0,0,1,0,0,0,3,2,2,3,0,0,0,0,1,2,1,2,0,0,2,0,4,0,1,1,0,0,1,0,2,1,2,2,0,0,0,1,2,0
373,2026-06-04T02:21:56.78157+00:00,en,286,intrapersonal,30,55,75,40,55,50,25,70,3,3,2,3,3,2,4,4,1,3,1,0,0,3,1,0,0,3,3,3,4,2,4,0,4,0,4,0,3,4,4,1,0,2,4,0,0,0,2,0
374,2026-06-04T02:23:03.969238+00:00,en,399,linguistic,55,75,65,85,65,55,75,50,4,2,2,3,2,3,1,3,4,4,3,3,2,3,4,4,2,3,3,2,4,3,2,2,3,1,1,2,2,3,4,3,4,3,1,1,1,3,2,3
375,2026-06-04T02:23:30.068577+00:00,en,395,spatial,45,60,60,20,50,55,20,70,2,3,3,3,3,1,0,3,1,0,4,0,2,1,2,0,0,2,2,2,4,3,4,1,0,2,3,3,1,4,3,0,1,3,2,1,1,3,3,0
376,2026-06-04T02:24:20.219685+00:00,en,494,interpersonal,40,90,80,55,60,20,15,40,2,3,2,3,2,4,4,1,0,1,0,1,0,4,3,0,2,2,1,2,1,3,2,0,4,3,3,1,1,3,3,1,3,3,2,1,0,4,4,1
377,2026-06-04T02:28:10.701998+00:00,en,751,logical,70,65,85,60,90,85,20,90,4,4,4,4,4,4,4,0,2,4,4,2,4,2,4,2,2,3,4,4,4,2,4,0,2,3,4,2,3,4,3,2,2,4,2,2,2,1,2,0
378,2026-06-04T02:34:23.238362+00:00,en,284,musical,30,85,70,50,25,90,20,5,0,0,0,3,4,4,4,2,2,2,0,0,4,4,1,0,2,2,0,2,4,3,4,1,3,0,0,1,4,4,2,0,3,1,1,0,2,2,3,1
379,2026-06-04T03:05:21.311467+00:00,en,111,musical,25,55,55,35,25,55,10,15,3,1,2,3,4,3,3,1,1,1,0,1,2,2,2,0,1,3,1,0,4,2,2,1,1,0,0,1,1,3,2,0,1,0,0,0,0,1,2,0
380,2026-06-04T03:07:09.889468+00:00,en,30,logical,65,75,70,80,85,80,65,75,3,3,3,3,2,3,4,3,2,4,3,2,3,4,3,2,3,4,3,2,3,2,3,2,4,3,2,3,4,3,2,3,4,3,4,3,4,3,2,3
381,2026-06-04T03:42:37.523508+00:00,en,287,bodily,65,65,55,60,40,50,30,55,2,0,3,3,2,3,3,2,2,2,1,2,2,3,2,1,2,2,2,3,3,2,2,1,4,2,3,3,2,3,2,1,2,2,2,2,1,2,2,1
382,2026-06-04T03:48:01.38473+00:00,en,252,intrapersonal,5,15,40,25,30,15,15,0,0,1,0,1,2,1,2,1,1,2,0,0,0,0,0,1,1,1,0,0,1,0,4,0,1,0,0,0,0,2,1,1,2,2,0,0,0,0,1,0
383,2026-06-04T04:06:05.432285+00:00,en,200,interpersonal,60,85,45,25,55,55,45,40,0,3,1,4,3,4,1,3,1,4,0,2,2,3,2,3,3,3,1,1,2,3,3,1,0,0,4,2,4,4,3,2,1,1,2,3,0,3,0,0
384,2026-06-04T04:26:03.456769+00:00,en,276,interpersonal,25,70,50,55,65,35,25,25,1,4,2,1,1,3,4,2,3,2,2,1,0,4,1,1,3,3,1,0,4,2,2,0,1,2,0,2,2,3,0,1,3,2,0,1,0,2,3,1
385,2026-06-04T05:41:07.658089+00:00,en,309,intrapersonal,15,35,45,25,25,10,40,30,1,1,0,1,0,1,3,2,2,1,1,0,0,1,1,1,2,1,1,0,2,0,1,2,0,2,3,1,0,4,2,3,0,0,1,1,0,1,2,0
386,2026-06-04T05:57:39.370484+00:00,en,250,naturalist,65,75,80,55,60,55,95,50,3,2,2,3,3,4,4,4,2,4,2,3,2,2,3,4,1,1,2,2,2,3,3,3,3,4,2,3,2,4,3,4,2,1,2,2,2,2,3,4
387,2026-06-04T07:14:58.282707+00:00,en,134,intrapersonal,50,50,90,55,45,25,80,75,2,1,4,4,3,2,3,4,4,2,2,0,1,1,3,1,1,4,2,4,1,2,4,4,2,1,3,2,0,4,4,3,2,1,4,0,0,1,4,4
388,2026-06-04T07:43:18.067137+00:00,en,424,intrapersonal,40,70,75,35,40,25,55,40,0,2,1,4,1,2,3,1,3,1,1,0,0,3,3,1,1,1,1,1,4,3,3,3,0,1,4,3,0,3,3,3,3,3,1,0,0,3,3,3
389,2026-06-04T08:33:03.426558+00:00,en,218,intrapersonal,35,60,70,60,45,35,45,25,3,1,0,3,2,4,3,3,3,3,2,1,2,3,3,2,2,3,0,1,3,2,3,1,2,1,1,0,0,3,2,1,2,1,2,2,0,0,3,2
390,2026-06-04T09:18:59.319971+00:00,en,222,intrapersonal,20,50,80,35,20,45,30,20,1,0,1,2,3,4,4,4,3,1,0,0,3,0,3,1,1,1,1,1,2,1,3,0,1,1,2,1,1,3,3,1,1,1,0,0,0,2,3,0
391,2026-06-04T11:57:49.217472+00:00,,226,spatial,65,60,90,45,80,50,55,90,3,3,4,2,2,2,4,3,2,4,3,3,3,2,4,3,0,3,4,3,3,4,4,2,1,2,3,4,2,3,3,3,3,4,4,1,0,1,3,0
392,2026-06-04T12:57:04.108446+00:00,en,359,interpersonal,35,70,55,30,45,40,60,50,1,2,1,3,3,3,2,3,2,3,4,2,0,3,3,4,1,2,2,0,4,2,2,2,0,0,2,1,1,4,3,1,2,2,1,1,0,2,1,2
393,2026-06-04T13:35:06.648609+00:00,en,18,linguistic,100,100,100,100,100,100,100,100,4,4,4,4,4,4,4,4,4,4,4,4,4,4,4,4,4,4,4,4,4,4,4,4,4,4,4,4,4,4,4,4,4,4,4,4,4,4,4,4
394,2026-06-04T13:49:56.186465+00:00,en,211,linguistic,40,70,65,75,70,40,50,40,4,4,1,2,2,4,2,2,3,2,1,1,1,3,2,2,2,3,2,2,2,3,3,2,3,1,2,2,2,2,3,2,3,4,2,1,1,2,3,2
395,2026-06-04T15:20:52.790525+00:00,en,177,interpersonal,80,100,70,30,10,30,75,40,0,1,0,4,2,4,4,4,2,1,4,4,0,4,4,3,4,0,0,0,4,4,2,4,0,0,4,4,0,4,4,4,0,0,0,4,0,4,0,0
396,2026-06-04T16:28:33.957424+00:00,en,133,interpersonal,45,100,55,60,70,45,60,60,0,2,3,3,3,4,3,2,3,3,1,0,0,4,4,4,2,4,4,4,3,4,1,2,4,4,2,1,3,4,3,3,3,1,2,1,0,4,0,1
397,2026-06-05T01:40:20.80619+00:00,en,65,bodily,5,0,0,0,0,0,0,0,0,0,0,1,0,0,0,0,0,0,0,0,0,0,0,0,0,0,0,0,0,0,0,0,0,0,0,0,0,0,0,0,0,0,0,0,0,0,0,0
398,2026-06-05T02:52:17.695941+00:00,en,510,musical,45,45,50,30,45,70,35,55,0,2,2,3,3,3,4,3,2,1,3,1,3,2,1,1,0,3,2,1,3,2,3,1,1,0,3,2,3,1,1,1,3,3,1,2,2,1,1,1
399,2026-06-05T05:29:42.941435+00:00,en,263,logical,65,60,75,70,75,65,70,65,2,3,3,3,3,3,4,4,3,3,3,3,3,1,2,2,3,3,2,2,3,2,4,3,3,3,3,3,2,3,3,3,3,3,2,2,2,3,2,2
400,2026-06-05T07:18:08.442091+00:00,en,156,spatial,40,40,45,60,55,25,15,90,4,3,4,4,2,1,2,0,3,3,2,0,0,1,1,0,2,2,4,4,3,0,4,1,3,1,4,0,0,4,1,2,0,2,4,0,0,2,1,0
401,2026-06-05T08:49:58.246694+00:00,en,106,linguistic,30,55,25,60,50,60,10,25,2,1,1,0,3,3,0,0,4,3,1,0,4,3,0,0,4,4,1,4,3,3,3,0,1,1,1,1,1,1,1,1,1,1,1,1,1,1,1,1
402,2026-06-05T11:49:07.864513+00:00,en,274,bodily,80,80,70,70,45,55,55,65,3,1,3,3,4,4,3,3,3,2,2,3,0,3,3,3,2,3,3,4,4,3,2,3,4,3,1,2,3,3,3,2,2,0,4,4,0,3,3,0
403,2026-06-05T15:44:55.720507+00:00,en,312,musical,0,15,15,10,25,45,20,25,0,0,1,0,3,1,1,2,0,1,3,0,2,0,1,1,1,3,0,0,1,2,1,0,1,0,1,0,3,0,0,1,0,1,0,0,0,0,0,0
404,2026-06-06T06:11:21.995939+00:00,en,167,intrapersonal,55,90,100,50,60,45,65,80,2,2,4,4,0,4,4,4,2,4,2,1,0,4,4,3,4,4,2,2,4,4,4,1,1,1,4,3,4,2,4,4,1,1,4,1,1,4,4,1
405,2026-06-06T06:21:57.621339+00:00,en,503,intrapersonal,35,75,95,60,50,20,85,60,3,0,2,3,0,3,4,4,2,2,3,1,0,4,4,4,2,4,2,1,2,3,3,4,4,1,2,1,2,4,4,4,1,3,3,1,0,1,4,1
406,2026-06-06T07:03:15.690429+00:00,en,219,musical,90,75,60,5,20,100,50,50,0,0,1,3,4,2,4,4,1,4,4,3,4,4,4,2,0,0,0,4,4,2,0,4,0,0,4,4,4,3,4,0,0,0,1,4,4,4,0,0
407,2026-06-06T07:21:44.453766+00:00,en,203,spatial,65,75,60,45,55,35,50,75,1,2,3,3,1,4,4,3,2,2,2,2,1,4,3,2,3,2,4,3,2,3,3,2,1,2,3,3,2,2,1,2,2,3,3,2,1,2,1,1
408,2026-06-06T13:09:37.181293+00:00,en,182,intrapersonal,25,70,80,35,10,75,30,20,3,0,0,4,4,4,4,2,2,0,1,0,3,2,4,0,0,2,0,1,4,2,0,0,0,0,3,0,4,2,4,3,2,0,0,0,0,4,4,1
409,2026-06-06T15:46:46.109673+00:00,en,389,interpersonal,85,100,75,95,30,25,95,50,4,1,3,4,1,4,4,4,4,1,2,3,0,4,4,4,3,3,4,3,4,4,0,3,4,0,0,3,0,4,4,4,4,1,1,4,0,4,3,4
410,2026-06-06T16:41:28.951326+00:00,en,240,intrapersonal,55,65,90,70,65,35,65,50,3,2,2,3,2,3,4,3,3,3,2,2,1,2,3,3,2,3,1,2,3,1,4,1,3,2,3,2,1,4,4,3,3,3,2,2,0,3,3,3
411,2026-06-06T16:53:59.452357+00:00,en,199,interpersonal,75,100,80,80,85,85,85,85,4,1,4,4,2,4,4,4,1,4,1,1,4,4,4,4,4,4,4,3,4,4,4,1,4,4,4,3,4,4,4,4,3,4,4,4,3,4,0,4
412,2026-06-06T17:07:53.27827+00:00,en,201,bodily,65,30,65,20,45,35,40,40,1,3,3,4,1,0,4,1,3,3,0,2,0,0,0,3,0,1,1,0,3,0,3,0,0,1,3,4,3,3,3,0,0,1,1,3,0,3,3,4
413,2026-06-06T17:12:35.801624+00:00,en,313,spatial,95,95,90,90,90,100,85,100,4,4,4,4,4,4,2,4,3,4,4,4,4,3,4,4,4,4,4,4,4,4,4,3,4,4,4,3,4,4,4,3,3,2,4,4,4,4,4,3
414,2026-06-06T23:48:36.322+00:00,,,linguistic,95,90,95,100,95,95,100,100,4,3,4,4,4,4,4,4,4,4,4,3,4,3,4,4,4,4,4,4,4,4,3,4,4,4,4,4,4,3,4,4,4,4,4,4,3,4,4,4
415,2026-06-07T05:39:01.60948+00:00,en,469,logical,35,50,50,35,55,35,25,35,0,2,1,3,2,3,2,1,0,3,2,2,0,0,1,0,1,1,1,1,3,2,4,3,3,2,1,1,1,4,2,1,3,3,2,0,1,1,1,0
416,2026-06-07T07:49:33.912223+00:00,en,181,intrapersonal,60,75,80,50,70,60,80,70,2,2,3,3,2,4,4,4,3,4,2,3,1,3,4,4,3,3,3,2,4,4,4,4,1,3,4,4,4,4,4,4,1,2,2,0,1,0,0,0
417,2026-06-07T08:56:05.674441+00:00,en,217,logical,75,55,70,80,90,50,85,45,3,4,0,3,2,3,2,4,4,3,1,2,1,3,4,3,4,3,2,4,4,1,4,4,4,4,2,2,3,4,4,2,1,4,4,4,0,0,0,4
418,2026-06-07T09:29:41.844073+00:00,en,325,logical,70,45,60,80,85,25,70,45,4,4,0,4,0,4,2,3,4,1,0,2,1,0,4,1,4,4,2,4,4,1,4,2,4,4,3,1,0,4,2,4,0,4,4,3,0,0,0,4
419,2026-06-07T17:39:13.72778+00:00,en,409,interpersonal,70,90,75,50,85,20,35,60,0,4,1,1,0,4,3,2,3,3,3,4,0,2,4,4,4,3,2,1,4,4,2,1,0,4,3,4,0,4,4,0,3,3,3,4,0,4,2,0
420,2026-06-07T18:33:48.371197+00:00,en,261,spatial,60,55,50,45,30,30,40,65,2,3,3,4,2,3,3,3,2,2,3,2,0,1,2,2,2,1,3,3,3,2,3,2,2,0,2,2,1,3,1,1,1,0,2,1,0,2,1,0
421,2026-06-08T09:23:42.438418+00:00,en,278,musical,60,85,65,85,55,100,35,55,3,3,3,4,4,3,4,1,4,4,3,2,4,4,2,4,4,2,2,3,4,3,3,0,3,1,1,2,4,4,4,2,3,1,2,1,4,3,0,0
422,2026-06-08T09:32:24.485774+00:00,en,118,musical,15,60,75,55,35,80,60,40,2,0,0,1,4,4,4,3,3,2,3,0,3,3,3,2,3,2,0,2,4,2,3,2,3,2,4,0,4,2,3,3,0,1,1,0,1,1,2,2
423,2026-06-08T10:29:24.61315+00:00,en,165,musical,60,70,60,30,50,75,25,45,0,0,2,4,4,3,4,2,1,3,0,3,1,1,1,2,1,2,1,0,4,2,4,0,4,4,4,2,4,4,3,1,0,1,2,3,2,4,0,0
424,2026-06-08T10:40:27.996255+00:00,en,218,interpersonal,30,95,65,70,55,50,25,45,2,0,2,3,3,4,4,2,3,3,2,0,0,4,2,0,3,3,1,0,4,4,3,1,3,1,2,2,3,4,3,2,3,4,2,1,0,3,1,0
425,2026-06-08T11:32:01.212261+00:00,en,243,logical,10,15,65,90,100,35,50,85,4,4,4,0,1,1,1,3,4,4,4,0,2,0,4,1,4,4,3,2,2,0,4,3,4,4,3,0,0,2,4,2,2,4,3,0,2,0,0,1
426,2026-06-08T11:36:32.02+00:00,,,logical,10,15,65,90,100,35,50,85,4,4,4,0,1,1,1,3,4,4,4,0,2,0,4,1,4,4,3,2,2,0,4,3,4,4,3,0,0,2,4,2,2,4,3,0,2,0,0,1
427,2026-06-08T12:33:15.314795+00:00,en,275,musical,35,50,70,60,30,70,35,20,2,2,1,1,3,2,3,2,3,1,2,2,3,2,2,1,2,1,0,1,4,2,3,1,3,1,1,2,3,2,3,2,2,1,0,1,1,2,3,1
428,2026-06-08T15:17:44.542856+00:00,en,169,intrapersonal,45,75,85,40,55,65,70,30,1,0,0,1,1,3,3,3,1,3,2,0,2,1,4,4,4,4,0,0,3,3,3,3,2,0,4,4,4,4,4,4,0,4,0,4,3,4,3,0
429,2026-06-08T16:33:39.106535+00:00,en,162,musical,15,65,85,90,40,100,55,50,4,2,3,2,4,4,4,4,4,1,3,0,4,2,2,1,2,2,2,1,4,3,4,1,4,1,0,0,4,4,3,3,4,2,2,0,4,0,4,2
430,2026-06-08T17:45:17.725938+00:00,en,154,bodily,90,25,40,35,75,5,0,50,0,4,2,4,1,1,0,0,2,3,3,4,0,1,2,0,1,2,4,4,0,1,4,0,2,4,1,4,0,0,2,0,2,2,0,2,0,2,0,0
431,2026-06-08T19:32:15.003158+00:00,en,164,interpersonal,40,80,60,65,35,75,25,45,2,0,0,4,4,3,3,1,3,3,4,0,3,4,2,0,2,1,1,0,4,3,3,1,3,2,4,2,4,3,3,3,3,1,0,2,0,3,1,0
432,2026-06-08T23:13:58.906763+00:00,en,105,interpersonal,40,70,70,50,55,25,60,40,2,2,1,2,1,3,3,3,2,2,1,1,0,3,3,2,2,2,2,2,3,3,3,3,2,2,2,2,1,3,3,2,2,3,2,1,0,2,2,2
433,2026-06-09T01:53:15.230683+00:00,en,157,interpersonal,70,100,60,45,20,0,60,50,0,0,1,4,0,4,3,3,2,3,1,3,0,4,4,4,2,0,1,1,0,4,2,3,3,0,4,4,0,4,3,1,2,1,3,2,0,4,0,1
434,2026-06-09T02:03:51.53741+00:00,en,222,interpersonal,35,55,50,20,10,5,15,25,1,2,1,2,0,3,2,1,0,0,3,1,0,3,2,1,1,0,0,2,1,2,3,0,1,0,0,1,0,2,2,1,1,0,1,1,0,1,1,0
435,2026-06-09T02:28:56.477579+00:00,en,234,intrapersonal,10,30,45,40,25,15,35,30,3,0,0,0,0,1,4,2,1,1,2,1,0,1,1,0,0,3,0,0,3,0,4,1,2,0,4,1,0,4,0,3,2,1,0,0,0,0,0,1
436,2026-06-09T02:37:11.208623+00:00,en,132,logical,50,85,75,50,95,85,35,75,0,4,2,4,4,3,3,2,4,4,4,1,4,2,4,1,2,3,3,3,4,4,4,2,2,4,2,2,4,4,4,2,2,4,4,0,1,4,0,0
437,2026-06-09T07:46:35.657154+00:00,en,40,naturalist,75,80,50,75,70,70,90,65,1,3,1,1,3,4,1,4,3,4,2,3,4,3,4,3,4,1,4,3,2,2,3,4,3,4,3,4,3,4,1,3,4,2,3,4,2,3,1,4
438,2026-06-09T12:17:25.810863+00:00,,200,bodily,75,70,75,25,50,0,60,30,0,3,0,3,0,3,3,3,2,3,3,4,0,4,3,3,3,0,0,3,0,4,3,0,0,4,3,3,0,0,3,4,0,0,0,2,0,3,3,2
439,2026-06-09T12:46:20.791091+00:00,en,186,spatial,35,60,75,75,85,20,20,90,3,3,4,3,2,3,3,0,3,3,3,0,0,3,3,0,3,3,3,1,2,3,3,3,3,4,4,3,0,3,3,1,3,4,4,0,0,0,3,0
440,2026-06-09T13:29:12.384483+00:00,en,148,logical,75,100,100,95,100,80,85,85,4,4,4,4,4,4,4,4,3,4,4,3,3,4,4,3,4,4,3,2,3,4,4,4,4,4,4,3,4,4,4,4,4,4,2,3,2,4,4,2
441,2026-06-09T13:29:21.314+00:00,,,logical,75,100,100,95,100,80,85,85,4,4,4,4,4,4,4,4,3,4,4,3,3,4,4,3,4,4,3,2,3,4,4,4,4,4,4,3,4,4,4,4,4,4,2,3,2,4,4,2
442,2026-06-09T18:24:30.543286+00:00,,433,intrapersonal,55,75,90,85,85,55,55,75,3,3,4,2,2,3,4,3,4,3,3,2,1,3,4,1,3,4,3,3,4,3,4,2,4,4,2,2,3,4,3,3,3,3,3,2,1,2,3,2
443,2026-06-09T21:28:31.301+00:00,,,spatial,25,55,50,45,20,40,55,55,2,2,2,1,2,3,3,3,3,2,1,0,0,3,2,2,1,0,2,2,2,2,3,3,2,0,2,1,2,3,2,2,1,0,4,1,2,0,0,1
444,2026-06-09T21:28:31.925132+00:00,en,187,spatial,25,55,50,45,20,40,55,55,2,2,2,1,2,3,3,3,3,2,1,0,0,3,2,2,1,0,2,2,2,2,3,3,2,0,2,1,2,3,2,2,1,0,4,1,2,0,0,1
445,2026-06-09T21:32:45.564186+00:00,en,119,musical,70,45,50,15,35,100,25,75,1,2,4,4,4,2,1,1,0,3,2,4,4,0,2,0,1,0,3,2,4,2,3,1,0,2,4,3,4,2,4,2,1,0,2,1,4,3,0,1
446,2026-06-09T21:33:25.435732+00:00,en,123,intrapersonal,75,60,80,35,25,35,50,40,2,1,2,3,2,3,4,3,2,2,3,4,1,4,4,4,3,2,1,1,4,1,4,1,0,0,1,3,0,3,4,1,0,0,1,4,0,1,0,1
447,2026-06-09T21:33:43.952477+00:00,en,161,bodily,65,60,65,30,30,40,25,45,2,1,3,4,3,4,2,2,1,2,2,4,0,4,3,0,3,2,3,1,4,3,4,0,0,0,1,2,1,0,4,3,0,1,0,2,0,1,0,0
448,2026-06-09T21:33:46.295458+00:00,en,138,bodily,95,95,70,65,55,65,60,45,2,2,2,4,3,4,4,3,4,3,1,4,3,4,4,4,2,2,2,3,4,3,1,1,2,2,2,4,2,4,4,2,3,2,2,4,1,4,1,2
449,2026-06-09T21:33:54.725971+00:00,en,189,interpersonal,65,100,70,45,80,55,65,75,0,4,4,4,3,4,4,4,1,3,3,1,2,4,4,3,4,3,4,3,3,4,4,1,0,4,4,4,2,4,2,2,4,2,0,1,1,4,0,3
450,2026-06-09T21:34:00.929+00:00,,,linguistic,75,80,75,95,85,75,60,75,4,3,3,3,3,4,4,3,4,3,3,2,3,4,3,4,4,4,3,3,4,3,4,1,4,4,3,4,3,2,2,2,3,3,3,3,2,3,2,2
451,2026-06-09T21:34:01.99767+00:00,en,150,linguistic,75,80,75,95,85,75,60,75,4,3,3,3,3,4,4,3,4,3,3,2,3,4,3,4,4,4,3,3,4,3,4,1,4,4,3,4,3,2,2,2,3,3,3,3,2,3,2,2
452,2026-06-09T21:34:08.520578+00:00,en,202,bodily,100,85,85,40,95,85,55,95,1,4,4,4,3,4,4,3,2,4,4,4,3,3,4,3,2,4,3,4,4,3,4,1,2,4,4,4,4,4,4,2,1,3,4,4,3,3,1,2
453,2026-06-09T21:34:08.687564+00:00,en,189,naturalist,35,0,35,20,15,20,40,30,2,0,2,2,1,0,1,2,2,0,0,4,0,0,2,0,0,0,0,0,3,0,4,2,0,3,4,1,0,0,0,0,0,0,0,0,0,0,0,4
454,2026-06-09T21:35:22.926668+00:00,en,258,logical,75,45,60,10,75,65,20,30,0,4,2,3,2,3,4,2,1,3,1,4,4,1,3,1,1,2,0,1,4,1,3,1,0,4,3,3,3,1,2,0,0,2,0,4,0,3,0,0
455,2026-06-09T21:35:28.934193+00:00,en,233,intrapersonal,55,70,80,25,35,35,25,35,1,0,1,4,3,4,4,1,1,4,0,3,0,1,4,4,2,3,2,1,4,1,2,0,0,0,3,2,0,4,4,0,1,0,1,1,0,4,2,0
456,2026-06-09T21:35:29.563976+00:00,en,219,interpersonal,70,85,85,40,40,75,65,70,1,0,3,4,3,4,4,2,2,4,2,2,3,4,4,4,2,4,2,3,4,4,4,2,1,0,3,3,4,3,4,3,2,0,4,2,1,2,1,2
457,2026-06-09T21:35:47.438212+00:00,en,283,musical,65,70,80,45,55,90,70,55,1,2,2,3,3,3,3,3,2,3,2,3,4,2,3,4,2,2,2,2,4,3,4,2,1,3,3,3,4,2,3,2,3,1,2,2,3,4,3,3
458,2026-06-09T21:38:29.934513+00:00,en,347,logical,75,60,35,70,80,60,55,60,3,4,2,4,3,3,2,3,4,3,1,3,4,4,1,2,4,4,3,3,2,2,4,2,0,3,3,2,2,1,0,3,3,2,3,3,1,2,0,1
459,2026-06-09T23:02:15.636789+00:00,,167,spatial,55,45,65,40,65,35,90,100,4,0,4,4,2,2,4,3,0,4,4,2,0,2,3,4,3,4,4,4,4,1,4,3,0,1,4,1,1,4,1,4,1,4,4,0,0,0,1,4
460,2026-06-10T00:04:02.355974+00:00,en,283,interpersonal,65,75,70,60,45,55,45,50,2,1,2,3,2,4,3,3,3,2,1,2,1,3,3,1,1,2,2,4,4,2,3,2,4,2,3,2,2,4,3,2,2,2,2,2,2,2,2,1
461,2026-06-10T00:07:38.234682+00:00,en,181,bodily,90,75,60,20,55,65,35,15,0,3,1,4,2,4,4,4,1,3,0,3,2,4,1,2,0,1,0,4,3,2,1,0,0,4,2,4,4,2,3,1,3,0,0,3,2,3,3,0
462,2026-06-10T02:35:51.28847+00:00,,274,linguistic,55,65,55,75,60,65,75,45,4,0,2,3,3,3,2,3,4,4,1,4,3,3,3,2,1,3,1,1,3,2,2,3,3,2,3,1,3,3,3,4,3,3,2,2,1,2,1,3
463,2026-06-10T04:45:57.939869+00:00,en,199,interpersonal,40,85,80,30,50,45,35,75,2,3,3,4,2,4,4,3,1,2,3,0,1,4,4,2,0,3,3,4,3,3,4,1,0,0,2,0,3,4,1,1,3,2,4,0,0,2,3,0
464,2026-06-10T07:44:56.601614+00:00,en,247,intrapersonal,35,65,90,45,75,15,50,35,3,4,2,4,1,3,4,3,2,3,1,0,0,3,3,2,1,2,1,1,1,2,4,2,1,3,2,1,1,3,4,2,2,3,1,1,0,2,3,1
465,2026-06-10T07:46:19.896099+00:00,en,179,bodily,70,40,55,50,40,25,40,25,1,2,1,4,2,1,1,1,2,2,1,3,0,2,4,3,2,1,1,1,2,1,2,1,4,2,1,2,1,2,4,2,1,1,1,4,0,2,0,1
466,2026-06-10T07:48:26.921788+00:00,en,272,bodily,60,55,55,20,40,20,40,40,1,1,0,2,1,2,3,1,1,3,0,3,0,2,2,3,0,2,2,2,3,2,3,0,2,0,3,2,0,3,3,2,0,2,3,3,0,2,0,2
467,2026-06-10T07:51:36.781929+00:00,en,154,interpersonal,25,65,55,40,40,35,40,35,2,2,2,1,2,2,2,2,2,2,2,1,1,3,3,2,1,1,1,1,1,2,1,1,1,1,1,1,2,2,4,2,2,2,1,1,1,4,1,1
468,2026-06-10T08:01:33.659513+00:00,en,260,musical,15,40,45,15,15,45,30,20,0,0,1,2,2,2,3,1,1,1,1,0,2,1,1,1,0,1,0,0,1,0,1,1,1,0,2,1,3,2,3,2,1,1,0,0,1,3,1,1
469,2026-06-10T08:02:35.80731+00:00,en,150,intrapersonal,10,20,25,10,5,10,10,10,0,0,0,1,1,1,1,1,1,1,1,1,0,1,1,1,0,0,0,0,1,1,1,0,1,0,1,0,0,1,1,0,0,0,0,0,0,0,1,0
470,2026-06-10T08:04:27.530879+00:00,en,318,bodily,85,75,70,55,65,70,55,80,2,3,3,3,2,2,3,3,3,3,2,2,2,3,3,3,2,2,4,4,4,3,2,2,3,3,3,4,3,4,3,2,1,2,4,4,3,3,3,1
471,2026-06-10T08:05:48.878475+00:00,en,521,bodily,60,45,45,35,50,35,25,35,1,3,0,1,1,2,2,0,1,1,1,3,2,1,2,1,1,1,1,2,3,1,2,1,3,4,4,2,1,3,2,1,1,1,1,4,0,2,1,2
472,2026-06-10T08:13:52.750858+00:00,en,246,intrapersonal,25,45,70,35,50,25,35,15,1,2,1,4,2,1,3,2,2,4,1,0,0,1,1,1,0,2,0,1,3,2,4,1,2,1,1,0,0,4,4,2,2,1,0,0,0,1,2,1
473,2026-06-10T08:15:04.894508+00:00,en,425,interpersonal,5,75,50,10,30,65,40,0,0,2,0,1,2,4,4,3,1,1,0,0,2,4,2,4,0,1,0,0,4,3,2,0,1,2,0,0,3,4,1,1,0,0,0,0,2,0,1,0
474,2026-06-10T08:15:09.565517+00:00,en,417,intrapersonal,70,65,80,10,35,60,60,25,0,2,1,2,2,4,4,4,1,2,0,4,2,3,2,4,0,1,2,1,4,2,4,1,1,2,1,3,2,4,3,1,0,0,1,4,2,0,3,2
475,2026-06-10T08:15:21.994703+00:00,en,285,logical,30,20,35,35,65,20,65,55,0,1,1,1,1,2,1,2,2,4,3,2,0,0,2,4,1,2,1,2,3,0,1,2,2,4,4,1,0,1,1,3,2,2,2,0,0,1,2,2
476,2026-06-10T08:15:57.471647+00:00,en,289,intrapersonal,50,70,80,30,45,50,60,45,2,2,0,3,2,4,4,2,1,2,1,0,1,4,4,4,0,1,1,4,2,2,2,1,3,4,4,2,2,3,3,1,0,0,3,1,3,1,3,4
477,2026-06-10T08:16:39.58911+00:00,en,333,intrapersonal,50,70,80,40,35,40,45,45,1,0,0,1,1,1,1,1,3,3,1,1,1,3,3,4,1,1,3,3,4,3,4,1,1,2,2,1,1,3,4,2,2,1,3,4,1,4,4,1
478,2026-06-10T08:18:08.317214+00:00,en,353,intrapersonal,20,40,45,15,15,15,25,20,0,0,0,1,0,2,2,1,1,1,1,1,1,1,1,2,1,0,1,0,2,0,1,0,1,1,1,1,0,3,2,1,0,1,1,1,0,2,3,1
479,2026-06-10T08:19:04.236742+00:00,en,356,intrapersonal,50,65,95,30,45,60,35,25,0,0,0,1,1,4,4,1,2,4,1,4,4,4,3,4,0,4,0,0,3,1,4,0,2,1,4,3,2,2,4,2,2,0,0,2,2,2,4,0
480,2026-06-10T11:12:07.242207+00:00,en,127,interpersonal,70,95,80,55,40,80,65,45,2,0,1,1,1,4,4,1,2,2,3,4,4,4,3,4,2,2,0,2,4,4,3,1,3,2,1,3,3,3,3,3,2,2,4,4,4,4,3,4
481,2026-06-10T11:24:24.192856+00:00,en,114,intrapersonal,15,15,90,30,80,10,25,30,1,3,0,2,1,3,4,1,0,3,0,0,0,0,4,4,1,3,2,1,1,0,4,0,4,4,3,0,0,0,3,0,0,3,1,0,0,0,3,0
482,2026-06-10T14:37:59.77425+00:00,en,339,naturalist,55,80,80,55,40,60,90,50,2,0,1,3,2,3,4,4,2,2,2,2,1,3,4,4,2,3,2,2,4,2,2,2,3,1,2,2,4,4,4,4,2,2,3,2,1,4,2,4
483,2026-06-10T18:23:53.972781+00:00,en,621,logical,60,70,70,75,80,65,80,80,3,3,3,4,3,4,3,4,4,4,4,0,3,2,4,3,3,3,4,3,2,3,2,3,2,3,2,3,3,2,3,2,3,3,3,2,2,3,2,4
484,2026-06-11T07:50:05.407727+00:00,en,206,musical,70,60,65,45,55,80,60,70,2,2,3,4,4,3,3,4,2,4,2,1,2,1,2,3,3,2,3,4,4,2,3,1,0,0,3,3,4,4,3,4,2,3,3,2,2,2,2,0
485,2026-06-11T16:13:02.936091+00:00,en,166,musical,45,65,65,50,55,85,55,55,1,2,2,3,3,3,4,3,3,2,2,1,4,3,3,2,3,2,2,3,4,2,2,3,1,1,2,1,4,3,2,2,2,4,3,1,2,2,2,1
486,2026-06-11T18:38:11.982288+00:00,en,281,bodily,75,75,50,40,60,70,45,55,0,3,3,4,3,4,3,3,2,3,1,2,3,3,2,2,2,2,2,4,2,2,2,1,1,1,3,3,3,3,3,3,3,3,2,2,3,3,0,0
487,2026-06-11T19:37:13.51149+00:00,en,206,interpersonal,40,85,60,0,10,20,35,45,0,0,2,3,0,4,3,4,0,0,0,0,0,4,4,0,0,0,0,3,2,4,4,2,0,2,3,1,2,4,1,1,0,0,4,1,0,1,0,0
488,2026-06-11T21:51:08.147135+00:00,en,203,naturalist,40,90,60,80,50,70,95,75,4,3,4,3,4,3,4,4,3,3,4,1,4,4,2,4,2,1,1,3,3,4,2,4,4,1,4,1,3,4,2,4,3,2,2,0,0,3,2,3
489,2026-06-11T22:06:01.951062+00:00,en,202,logical,60,70,40,40,80,60,35,55,1,2,1,4,3,3,2,4,1,4,4,2,2,2,3,0,4,4,2,2,3,2,3,0,0,2,3,2,4,3,0,3,2,4,1,2,0,4,0,0
490,2026-06-12T05:59:21.709927+00:00,en,485,spatial,30,35,70,40,40,55,45,75,0,1,2,2,2,2,4,2,2,2,2,0,1,0,3,0,1,3,4,2,3,0,3,2,2,0,4,2,3,2,3,2,3,2,3,0,2,3,1,3
491,2026-06-12T07:14:54.444342+00:00,en,211,intrapersonal,40,75,100,15,70,30,35,35,1,3,0,1,0,3,4,3,2,3,0,3,0,3,4,1,0,2,0,0,4,2,4,2,0,3,4,4,1,4,4,0,0,3,3,0,1,3,4,1
492,2026-06-12T09:51:16.553488+00:00,,17,bodily,75,60,40,40,50,45,55,50,3,3,3,4,1,1,2,4,3,0,3,4,4,3,1,2,0,2,1,3,3,2,0,2,1,3,2,4,1,3,1,1,1,2,1,0,0,3,4,2
493,2026-06-12T12:10:49.275071+00:00,en,33,linguistic,0,0,0,0,0,0,0,0,0,0,0,0,0,0,0,0,0,0,0,0,0,0,0,0,0,0,0,0,0,0,0,0,0,0,0,0,0,0,0,0,0,0,0,0,0,0,0,0
494,2026-06-12T12:13:11.250924+00:00,en,34,linguistic,0,0,0,0,0,0,0,0,0,0,0,0,0,0,0,0,0,0,0,0,0,0,0,0,0,0,0,0,0,0,0,0,0,0,0,0,0,0,0,0,0,0,0,0,0,0,0,0
495,2026-06-12T12:55:48.473874+00:00,en,97,intrapersonal,65,50,95,80,80,85,65,60,2,2,3,3,3,3,4,3,3,3,3,2,3,3,3,2,3,3,3,3,4,2,4,4,4,4,0,3,4,2,4,2,4,4,3,2,3,0,4,2
496,2026-06-12T14:23:08.915829+00:00,,122,intrapersonal,30,75,95,80,60,30,15,30,1,2,2,2,1,2,4,1,3,3,0,0,0,4,4,0,4,3,0,4,4,4,3,0,4,2,3,0,1,3,4,2,4,2,1,0,0,2,4,0
497,2026-06-12T15:43:43.457897+00:00,en,168,linguistic,30,70,55,85,55,75,75,30,2,0,2,4,3,3,1,3,4,3,2,0,4,2,4,0,4,2,2,2,3,4,2,4,4,3,0,0,3,2,4,4,3,3,0,0,2,3,0,4
498,2026-06-12T16:04:48.772703+00:00,,81,interpersonal,40,100,100,90,70,30,10,15,2,2,2,4,1,4,4,1,4,4,0,0,0,4,4,0,4,3,0,4,4,4,4,0,4,2,1,0,1,4,4,1,4,3,0,0,0,4,4,0